simulation_id,scenario_id,replicate,n_snps,n_sample,p_pop_hybridisation,p_individual_hybrid_given_pop,p_individual_hybrid_unconditional,expected_n_hybrid,prob_sample_contains_at_least_one_hybrid_theory,pop_hybridisation_occurred,true_n_hybrid,true_n_nonhybrid,true_any_hybrid,detected_hybrid_n_by_q,detected_true_hybrid_n_by_q,false_positive_n_by_q,false_negative_n_by_q,detected_any_true_hybrid_by_q,any_false_positive_by_q,mean_q_trout_hat,min_q_trout_hat,max_q_trout_hat,class_counts
1,snps_5_sample_10_pop_1_ind_0,1,5,10,1,0,0,0,0,TRUE,0,10,FALSE,0,0,0,0,FALSE,FALSE,0.6,0,1,nonhybrid_Salmon=4; nonhybrid_Trout=6
2,snps_5_sample_10_pop_1_ind_0,2,5,10,1,0,0,0,0,TRUE,0,10,FALSE,0,0,0,0,FALSE,FALSE,0.5,0,1,nonhybrid_Salmon=5; nonhybrid_Trout=5
3,snps_5_sample_10_pop_1_ind_0,3,5,10,1,0,0,0,0,TRUE,0,10,FALSE,0,0,0,0,FALSE,FALSE,0.3,0,1,nonhybrid_Salmon=7; nonhybrid_Trout=3
4,snps_5_sample_10_pop_1_ind_0,4,5,10,1,0,0,0,0,TRUE,0,10,FALSE,0,0,0,0,FALSE,FALSE,0.5,0,1,nonhybrid_Salmon=5; nonhybrid_Trout=5
5,snps_5_sample_10_pop_1_ind_0,5,5,10,1,0,0,0,0,TRUE,0,10,FALSE,0,0,0,0,FALSE,FALSE,0.8,0,1,nonhybrid_Salmon=2; nonhybrid_Trout=8
6,snps_5_sample_10_pop_1_ind_0,6,5,10,1,0,0,0,0,TRUE,0,10,FALSE,0,0,0,0,FALSE,FALSE,0.3,0,1,nonhybrid_Salmon=7; nonhybrid_Trout=3
7,snps_5_sample_10_pop_1_ind_0,7,5,10,1,0,0,0,0,TRUE,0,10,FALSE,0,0,0,0,FALSE,FALSE,0.4,0,1,nonhybrid_Salmon=6; nonhybrid_Trout=4
8,snps_5_sample_10_pop_1_ind_0,8,5,10,1,0,0,0,0,TRUE,0,10,FALSE,0,0,0,0,FALSE,FALSE,0.5,0,1,nonhybrid_Salmon=5; nonhybrid_Trout=5
9,snps_5_sample_10_pop_1_ind_0,9,5,10,1,0,0,0,0,TRUE,0,10,FALSE,0,0,0,0,FALSE,FALSE,0.3,0,1,nonhybrid_Salmon=7; nonhybrid_Trout=3
10,snps_5_sample_10_pop_1_ind_0,10,5,10,1,0,0,0,0,TRUE,0,10,FALSE,0,0,0,0,FALSE,FALSE,0.6,0,1,nonhybrid_Salmon=4; nonhybrid_Trout=6
11,snps_5_sample_10_pop_1_ind_0.001,1,5,10,1,0.001,0.001,0.01,0.009955119790251765,TRUE,0,10,FALSE,0,0,0,0,FALSE,FALSE,0.4,0,1,nonhybrid_Salmon=6; nonhybrid_Trout=4
12,snps_5_sample_10_pop_1_ind_0.001,2,5,10,1,0.001,0.001,0.01,0.009955119790251765,TRUE,0,10,FALSE,0,0,0,0,FALSE,FALSE,0.8,0,1,nonhybrid_Salmon=2; nonhybrid_Trout=8
13,snps_5_sample_10_pop_1_ind_0.001,3,5,10,1,0.001,0.001,0.01,0.009955119790251765,TRUE,0,10,FALSE,0,0,0,0,FALSE,FALSE,0.4,0,1,nonhybrid_Salmon=6; nonhybrid_Trout=4
14,snps_5_sample_10_pop_1_ind_0.001,4,5,10,1,0.001,0.001,0.01,0.009955119790251765,TRUE,0,10,FALSE,0,0,0,0,FALSE,FALSE,0.8,0,1,nonhybrid_Salmon=2; nonhybrid_Trout=8
15,snps_5_sample_10_pop_1_ind_0.001,5,5,10,1,0.001,0.001,0.01,0.009955119790251765,TRUE,0,10,FALSE,0,0,0,0,FALSE,FALSE,0.5,0,1,nonhybrid_Salmon=5; nonhybrid_Trout=5
16,snps_5_sample_10_pop_1_ind_0.001,6,5,10,1,0.001,0.001,0.01,0.009955119790251765,TRUE,0,10,FALSE,0,0,0,0,FALSE,FALSE,0.7,0,1,nonhybrid_Salmon=3; nonhybrid_Trout=7
17,snps_5_sample_10_pop_1_ind_0.001,7,5,10,1,0.001,0.001,0.01,0.009955119790251765,TRUE,0,10,FALSE,0,0,0,0,FALSE,FALSE,0.4,0,1,nonhybrid_Salmon=6; nonhybrid_Trout=4
18,snps_5_sample_10_pop_1_ind_0.001,8,5,10,1,0.001,0.001,0.01,0.009955119790251765,TRUE,0,10,FALSE,0,0,0,0,FALSE,FALSE,0.4,0,1,nonhybrid_Salmon=6; nonhybrid_Trout=4
19,snps_5_sample_10_pop_1_ind_0.001,9,5,10,1,0.001,0.001,0.01,0.009955119790251765,TRUE,0,10,FALSE,0,0,0,0,FALSE,FALSE,0.1,0,1,nonhybrid_Salmon=9; nonhybrid_Trout=1
20,snps_5_sample_10_pop_1_ind_0.001,10,5,10,1,0.001,0.001,0.01,0.009955119790251765,TRUE,0,10,FALSE,0,0,0,0,FALSE,FALSE,0.4,0,1,nonhybrid_Salmon=6; nonhybrid_Trout=4
21,snps_5_sample_10_pop_1_ind_0.005,1,5,10,1,0.005,0.005,0.05,0.048889869534228136,TRUE,0,10,FALSE,0,0,0,0,FALSE,FALSE,0.4,0,1,nonhybrid_Salmon=6; nonhybrid_Trout=4
22,snps_5_sample_10_pop_1_ind_0.005,2,5,10,1,0.005,0.005,0.05,0.048889869534228136,TRUE,1,9,TRUE,1,1,0,0,TRUE,FALSE,0.35,0,1,F1=1; nonhybrid_Salmon=6; nonhybrid_Trout=3
23,snps_5_sample_10_pop_1_ind_0.005,3,5,10,1,0.005,0.005,0.05,0.048889869534228136,TRUE,0,10,FALSE,0,0,0,0,FALSE,FALSE,0.4,0,1,nonhybrid_Salmon=6; nonhybrid_Trout=4
24,snps_5_sample_10_pop_1_ind_0.005,4,5,10,1,0.005,0.005,0.05,0.048889869534228136,TRUE,0,10,FALSE,0,0,0,0,FALSE,FALSE,0.3,0,1,nonhybrid_Salmon=7; nonhybrid_Trout=3
25,snps_5_sample_10_pop_1_ind_0.005,5,5,10,1,0.005,0.005,0.05,0.048889869534228136,TRUE,0,10,FALSE,0,0,0,0,FALSE,FALSE,0.3,0,1,nonhybrid_Salmon=7; nonhybrid_Trout=3
26,snps_5_sample_10_pop_1_ind_0.005,6,5,10,1,0.005,0.005,0.05,0.048889869534228136,TRUE,0,10,FALSE,0,0,0,0,FALSE,FALSE,0.6,0,1,nonhybrid_Salmon=4; nonhybrid_Trout=6
27,snps_5_sample_10_pop_1_ind_0.005,7,5,10,1,0.005,0.005,0.05,0.048889869534228136,TRUE,0,10,FALSE,0,0,0,0,FALSE,FALSE,0.5,0,1,nonhybrid_Salmon=5; nonhybrid_Trout=5
28,snps_5_sample_10_pop_1_ind_0.005,8,5,10,1,0.005,0.005,0.05,0.048889869534228136,TRUE,0,10,FALSE,0,0,0,0,FALSE,FALSE,0.5,0,1,nonhybrid_Salmon=5; nonhybrid_Trout=5
29,snps_5_sample_10_pop_1_ind_0.005,9,5,10,1,0.005,0.005,0.05,0.048889869534228136,TRUE,0,10,FALSE,0,0,0,0,FALSE,FALSE,0.4,0,1,nonhybrid_Salmon=6; nonhybrid_Trout=4
30,snps_5_sample_10_pop_1_ind_0.005,10,5,10,1,0.005,0.005,0.05,0.048889869534228136,TRUE,0,10,FALSE,0,0,0,0,FALSE,FALSE,0.3,0,1,nonhybrid_Salmon=7; nonhybrid_Trout=3
31,snps_5_sample_10_pop_1_ind_0.01,1,5,10,1,0.01,0.01,0.1,0.09561792499119559,TRUE,0,10,FALSE,0,0,0,0,FALSE,FALSE,0.6,0,1,nonhybrid_Salmon=4; nonhybrid_Trout=6
32,snps_5_sample_10_pop_1_ind_0.01,2,5,10,1,0.01,0.01,0.1,0.09561792499119559,TRUE,1,9,TRUE,1,1,0,0,TRUE,FALSE,0.16999999999999998,0,1,BC1_to_Trout=1; nonhybrid_Salmon=8; nonhybrid_Trout=1
33,snps_5_sample_10_pop_1_ind_0.01,3,5,10,1,0.01,0.01,0.1,0.09561792499119559,TRUE,1,9,TRUE,1,1,0,0,TRUE,FALSE,0.51,0,1,BC3_to_Salmon=1; nonhybrid_Salmon=4; nonhybrid_Trout=5
34,snps_5_sample_10_pop_1_ind_0.01,4,5,10,1,0.01,0.01,0.1,0.09561792499119559,TRUE,0,10,FALSE,0,0,0,0,FALSE,FALSE,0.6,0,1,nonhybrid_Salmon=4; nonhybrid_Trout=6
35,snps_5_sample_10_pop_1_ind_0.01,5,5,10,1,0.01,0.01,0.1,0.09561792499119559,TRUE,0,10,FALSE,0,0,0,0,FALSE,FALSE,0.6,0,1,nonhybrid_Salmon=4; nonhybrid_Trout=6
36,snps_5_sample_10_pop_1_ind_0.01,6,5,10,1,0.01,0.01,0.1,0.09561792499119559,TRUE,0,10,FALSE,0,0,0,0,FALSE,FALSE,0.5,0,1,nonhybrid_Salmon=5; nonhybrid_Trout=5
37,snps_5_sample_10_pop_1_ind_0.01,7,5,10,1,0.01,0.01,0.1,0.09561792499119559,TRUE,0,10,FALSE,0,0,0,0,FALSE,FALSE,0.6,0,1,nonhybrid_Salmon=4; nonhybrid_Trout=6
38,snps_5_sample_10_pop_1_ind_0.01,8,5,10,1,0.01,0.01,0.1,0.09561792499119559,TRUE,0,10,FALSE,0,0,0,0,FALSE,FALSE,0.5,0,1,nonhybrid_Salmon=5; nonhybrid_Trout=5
39,snps_5_sample_10_pop_1_ind_0.01,9,5,10,1,0.01,0.01,0.1,0.09561792499119559,TRUE,0,10,FALSE,0,0,0,0,FALSE,FALSE,0.6,0,1,nonhybrid_Salmon=4; nonhybrid_Trout=6
40,snps_5_sample_10_pop_1_ind_0.01,10,5,10,1,0.01,0.01,0.1,0.09561792499119559,TRUE,0,10,FALSE,0,0,0,0,FALSE,FALSE,0.8,0,1,nonhybrid_Salmon=2; nonhybrid_Trout=8
41,snps_5_sample_10_pop_1_ind_0.025,1,5,10,1,0.025,0.025,0.25,0.22367037914356236,TRUE,0,10,FALSE,0,0,0,0,FALSE,FALSE,0.5,0,1,nonhybrid_Salmon=5; nonhybrid_Trout=5
42,snps_5_sample_10_pop_1_ind_0.025,2,5,10,1,0.025,0.025,0.25,0.22367037914356236,TRUE,0,10,FALSE,0,0,0,0,FALSE,FALSE,0.4,0,1,nonhybrid_Salmon=6; nonhybrid_Trout=4
43,snps_5_sample_10_pop_1_ind_0.025,3,5,10,1,0.025,0.025,0.25,0.22367037914356236,TRUE,0,10,FALSE,0,0,0,0,FALSE,FALSE,0.6,0,1,nonhybrid_Salmon=4; nonhybrid_Trout=6
44,snps_5_sample_10_pop_1_ind_0.025,4,5,10,1,0.025,0.025,0.25,0.22367037914356236,TRUE,2,8,TRUE,2,2,0,0,TRUE,FALSE,0.44,0,1,BC2_to_Trout=1; F1=1; nonhybrid_Salmon=5; nonhybrid_Trout=3
45,snps_5_sample_10_pop_1_ind_0.025,5,5,10,1,0.025,0.025,0.25,0.22367037914356236,TRUE,0,10,FALSE,0,0,0,0,FALSE,FALSE,0.3,0,1,nonhybrid_Salmon=7; nonhybrid_Trout=3
46,snps_5_sample_10_pop_1_ind_0.025,6,5,10,1,0.025,0.025,0.25,0.22367037914356236,TRUE,0,10,FALSE,0,0,0,0,FALSE,FALSE,0.5,0,1,nonhybrid_Salmon=5; nonhybrid_Trout=5
47,snps_5_sample_10_pop_1_ind_0.025,7,5,10,1,0.025,0.025,0.25,0.22367037914356236,TRUE,0,10,FALSE,0,0,0,0,FALSE,FALSE,0.5,0,1,nonhybrid_Salmon=5; nonhybrid_Trout=5
48,snps_5_sample_10_pop_1_ind_0.025,8,5,10,1,0.025,0.025,0.25,0.22367037914356236,TRUE,0,10,FALSE,0,0,0,0,FALSE,FALSE,0.4,0,1,nonhybrid_Salmon=6; nonhybrid_Trout=4
49,snps_5_sample_10_pop_1_ind_0.025,9,5,10,1,0.025,0.025,0.25,0.22367037914356236,TRUE,1,9,TRUE,0,0,0,1,FALSE,FALSE,0.4,0,1,BC3_to_Trout=1; nonhybrid_Salmon=6; nonhybrid_Trout=3
50,snps_5_sample_10_pop_1_ind_0.025,10,5,10,1,0.025,0.025,0.25,0.22367037914356236,TRUE,0,10,FALSE,0,0,0,0,FALSE,FALSE,0.6,0,1,nonhybrid_Salmon=4; nonhybrid_Trout=6
51,snps_5_sample_10_pop_1_ind_0.05,1,5,10,1,0.05,0.05,0.5,0.4012630607616213,TRUE,2,8,TRUE,2,2,0,0,TRUE,FALSE,0.51,0,1,BC1_to_Trout=1; F1=1; nonhybrid_Salmon=4; nonhybrid_Trout=4
52,snps_5_sample_10_pop_1_ind_0.05,2,5,10,1,0.05,0.05,0.5,0.4012630607616213,TRUE,0,10,FALSE,0,0,0,0,FALSE,FALSE,0.2,0,1,nonhybrid_Salmon=8; nonhybrid_Trout=2
53,snps_5_sample_10_pop_1_ind_0.05,3,5,10,1,0.05,0.05,0.5,0.4012630607616213,TRUE,3,7,TRUE,3,3,0,0,TRUE,FALSE,0.45,0,1,BC1_to_Trout=1; F2=2; nonhybrid_Salmon=4; nonhybrid_Trout=3
54,snps_5_sample_10_pop_1_ind_0.05,4,5,10,1,0.05,0.05,0.5,0.4012630607616213,TRUE,1,9,TRUE,1,1,0,0,TRUE,FALSE,0.45,0,1,F1=1; nonhybrid_Salmon=5; nonhybrid_Trout=4
55,snps_5_sample_10_pop_1_ind_0.05,5,5,10,1,0.05,0.05,0.5,0.4012630607616213,TRUE,0,10,FALSE,0,0,0,0,FALSE,FALSE,0.5,0,1,nonhybrid_Salmon=5; nonhybrid_Trout=5
56,snps_5_sample_10_pop_1_ind_0.05,6,5,10,1,0.05,0.05,0.5,0.4012630607616213,TRUE,0,10,FALSE,0,0,0,0,FALSE,FALSE,0.5,0,1,nonhybrid_Salmon=5; nonhybrid_Trout=5
57,snps_5_sample_10_pop_1_ind_0.05,7,5,10,1,0.05,0.05,0.5,0.4012630607616213,TRUE,0,10,FALSE,0,0,0,0,FALSE,FALSE,0.4,0,1,nonhybrid_Salmon=6; nonhybrid_Trout=4
58,snps_5_sample_10_pop_1_ind_0.05,8,5,10,1,0.05,0.05,0.5,0.4012630607616213,TRUE,0,10,FALSE,0,0,0,0,FALSE,FALSE,0.6,0,1,nonhybrid_Salmon=4; nonhybrid_Trout=6
59,snps_5_sample_10_pop_1_ind_0.05,9,5,10,1,0.05,0.05,0.5,0.4012630607616213,TRUE,0,10,FALSE,0,0,0,0,FALSE,FALSE,0.6,0,1,nonhybrid_Salmon=4; nonhybrid_Trout=6
60,snps_5_sample_10_pop_1_ind_0.05,10,5,10,1,0.05,0.05,0.5,0.4012630607616213,TRUE,0,10,FALSE,0,0,0,0,FALSE,FALSE,0.3,0,1,nonhybrid_Salmon=7; nonhybrid_Trout=3
61,snps_5_sample_10_pop_1_ind_0.1,1,5,10,1,0.1,0.1,1,0.6513215599,TRUE,0,10,FALSE,0,0,0,0,FALSE,FALSE,0.4,0,1,nonhybrid_Salmon=6; nonhybrid_Trout=4
62,snps_5_sample_10_pop_1_ind_0.1,2,5,10,1,0.1,0.1,1,0.6513215599,TRUE,2,8,TRUE,1,1,0,1,TRUE,FALSE,0.49,0,1,BC3_to_Trout=2; nonhybrid_Salmon=5; nonhybrid_Trout=3
63,snps_5_sample_10_pop_1_ind_0.1,3,5,10,1,0.1,0.1,1,0.6513215599,TRUE,2,8,TRUE,1,1,0,1,TRUE,FALSE,0.78,0,1,BC2_to_Salmon=1; BC2_to_Trout=1; nonhybrid_Salmon=1; nonhybrid_Trout=7
64,snps_5_sample_10_pop_1_ind_0.1,4,5,10,1,0.1,0.1,1,0.6513215599,TRUE,1,9,TRUE,1,1,0,0,TRUE,FALSE,0.21,0,1,BC2_to_Salmon=1; nonhybrid_Salmon=7; nonhybrid_Trout=2
65,snps_5_sample_10_pop_1_ind_0.1,5,5,10,1,0.1,0.1,1,0.6513215599,TRUE,3,7,TRUE,3,3,0,0,TRUE,FALSE,0.43,0,1,BC1_to_Salmon=1; BC1_to_Trout=1; BC2_to_Salmon=1; nonhybrid_Salmon=4; nonhybrid_Trout=3
66,snps_5_sample_10_pop_1_ind_0.1,6,5,10,1,0.1,0.1,1,0.6513215599,TRUE,0,10,FALSE,0,0,0,0,FALSE,FALSE,0.3,0,1,nonhybrid_Salmon=7; nonhybrid_Trout=3
67,snps_5_sample_10_pop_1_ind_0.1,7,5,10,1,0.1,0.1,1,0.6513215599,TRUE,2,8,TRUE,1,1,0,1,TRUE,FALSE,0.54,0,1,BC3_to_Salmon=1; F2=1; nonhybrid_Salmon=3; nonhybrid_Trout=5
68,snps_5_sample_10_pop_1_ind_0.1,8,5,10,1,0.1,0.1,1,0.6513215599,TRUE,2,8,TRUE,2,2,0,0,TRUE,FALSE,0.34,0,1,BC1_to_Salmon=1; F2=1; nonhybrid_Salmon=5; nonhybrid_Trout=3
69,snps_5_sample_10_pop_1_ind_0.1,9,5,10,1,0.1,0.1,1,0.6513215599,TRUE,1,9,TRUE,1,1,0,0,TRUE,FALSE,0.51,0,1,BC2_to_Salmon=1; nonhybrid_Salmon=4; nonhybrid_Trout=5
70,snps_5_sample_10_pop_1_ind_0.1,10,5,10,1,0.1,0.1,1,0.6513215599,TRUE,1,9,TRUE,1,1,0,0,TRUE,FALSE,0.51,0,1,BC2_to_Salmon=1; nonhybrid_Salmon=4; nonhybrid_Trout=5
71,snps_5_sample_10_pop_1_ind_0.25,1,5,10,1,0.25,0.25,2.5,0.9436864852905273,TRUE,2,8,TRUE,2,2,0,0,TRUE,FALSE,0.43,0,1,BC2_to_Trout=1; F1=1; nonhybrid_Salmon=5; nonhybrid_Trout=3
72,snps_5_sample_10_pop_1_ind_0.25,2,5,10,1,0.25,0.25,2.5,0.9436864852905273,TRUE,3,7,TRUE,1,1,0,2,TRUE,FALSE,0.41,0,1,BC2_to_Salmon=2; BC3_to_Salmon=1; nonhybrid_Salmon=3; nonhybrid_Trout=4
73,snps_5_sample_10_pop_1_ind_0.25,3,5,10,1,0.25,0.25,2.5,0.9436864852905273,TRUE,3,7,TRUE,3,3,0,0,TRUE,FALSE,0.54,0,1,F2=3; nonhybrid_Salmon=3; nonhybrid_Trout=4
74,snps_5_sample_10_pop_1_ind_0.25,4,5,10,1,0.25,0.25,2.5,0.9436864852905273,TRUE,3,7,TRUE,2,2,0,1,TRUE,FALSE,0.43,0,1,BC3_to_Salmon=2; BC3_to_Trout=1; nonhybrid_Salmon=4; nonhybrid_Trout=3
75,snps_5_sample_10_pop_1_ind_0.25,5,5,10,1,0.25,0.25,2.5,0.9436864852905273,TRUE,3,7,TRUE,2,2,0,1,TRUE,FALSE,0.7,0,1,BC1_to_Salmon=1; BC3_to_Trout=1; F2=1; nonhybrid_Salmon=2; nonhybrid_Trout=5
76,snps_5_sample_10_pop_1_ind_0.25,6,5,10,1,0.25,0.25,2.5,0.9436864852905273,TRUE,6,4,TRUE,4,4,0,2,TRUE,FALSE,0.39,0,1,BC1_to_Salmon=1; BC1_to_Trout=2; BC3_to_Salmon=2; BC3_to_Trout=1; nonhybrid_Salmon=3; nonhybrid_Trout=1
77,snps_5_sample_10_pop_1_ind_0.25,7,5,10,1,0.25,0.25,2.5,0.9436864852905273,TRUE,5,5,TRUE,5,5,0,0,TRUE,FALSE,0.62,0,1,BC1_to_Trout=1; BC2_to_Trout=1; F2=3; nonhybrid_Salmon=2; nonhybrid_Trout=3
78,snps_5_sample_10_pop_1_ind_0.25,8,5,10,1,0.25,0.25,2.5,0.9436864852905273,TRUE,4,6,TRUE,3,3,0,1,TRUE,FALSE,0.67,0,1,BC2_to_Trout=1; BC3_to_Trout=1; F1=1; F2=1; nonhybrid_Salmon=2; nonhybrid_Trout=4
79,snps_5_sample_10_pop_1_ind_0.25,9,5,10,1,0.25,0.25,2.5,0.9436864852905273,TRUE,0,10,FALSE,0,0,0,0,FALSE,FALSE,0.5,0,1,nonhybrid_Salmon=5; nonhybrid_Trout=5
80,snps_5_sample_10_pop_1_ind_0.25,10,5,10,1,0.25,0.25,2.5,0.9436864852905273,TRUE,3,7,TRUE,3,3,0,0,TRUE,FALSE,0.55,0,1,BC1_to_Trout=2; BC3_to_Trout=1; nonhybrid_Salmon=4; nonhybrid_Trout=3
81,snps_5_sample_10_pop_1_ind_0.5,1,5,10,1,0.5,0.5,5,0.9990234375,TRUE,6,4,TRUE,6,6,0,0,TRUE,FALSE,0.29,0,1,BC1_to_Salmon=2; BC3_to_Salmon=1; F1=2; F2=1; nonhybrid_Salmon=3; nonhybrid_Trout=1
82,snps_5_sample_10_pop_1_ind_0.5,2,5,10,1,0.5,0.5,5,0.9990234375,TRUE,5,5,TRUE,4,4,0,1,TRUE,FALSE,0.59,0,1,BC1_to_Salmon=2; BC1_to_Trout=1; BC2_to_Trout=1; F2=1; nonhybrid_Salmon=2; nonhybrid_Trout=3
83,snps_5_sample_10_pop_1_ind_0.5,3,5,10,1,0.5,0.5,5,0.9990234375,TRUE,2,8,TRUE,1,1,0,1,TRUE,FALSE,0.75,0,1,BC3_to_Trout=1; F1=1; nonhybrid_Salmon=2; nonhybrid_Trout=6
84,snps_5_sample_10_pop_1_ind_0.5,4,5,10,1,0.5,0.5,5,0.9990234375,TRUE,5,5,TRUE,3,3,0,2,TRUE,FALSE,0.41000000000000003,0,1,BC2_to_Salmon=1; BC3_to_Salmon=1; BC3_to_Trout=3; nonhybrid_Salmon=4; nonhybrid_Trout=1
85,snps_5_sample_10_pop_1_ind_0.5,5,5,10,1,0.5,0.5,5,0.9990234375,TRUE,3,7,TRUE,2,2,0,1,TRUE,FALSE,0.47,0,1,BC2_to_Salmon=1; BC3_to_Trout=1; F1=1; nonhybrid_Salmon=4; nonhybrid_Trout=3
86,snps_5_sample_10_pop_1_ind_0.5,6,5,10,1,0.5,0.5,5,0.9990234375,TRUE,3,7,TRUE,3,3,0,0,TRUE,FALSE,0.48,0,1,BC2_to_Salmon=2; F1=1; nonhybrid_Salmon=3; nonhybrid_Trout=4
87,snps_5_sample_10_pop_1_ind_0.5,7,5,10,1,0.5,0.5,5,0.9990234375,TRUE,5,5,TRUE,3,3,0,2,TRUE,FALSE,0.43,0,1,BC1_to_Trout=2; BC3_to_Salmon=1; BC3_to_Trout=2; nonhybrid_Salmon=4; nonhybrid_Trout=1
88,snps_5_sample_10_pop_1_ind_0.5,8,5,10,1,0.5,0.5,5,0.9990234375,TRUE,3,7,TRUE,2,2,0,1,TRUE,FALSE,0.37,0,1,BC2_to_Salmon=1; BC3_to_Salmon=1; F2=1; nonhybrid_Salmon=4; nonhybrid_Trout=3
89,snps_5_sample_10_pop_1_ind_0.5,9,5,10,1,0.5,0.5,5,0.9990234375,TRUE,4,6,TRUE,3,3,0,1,TRUE,FALSE,0.65,0,1,BC1_to_Trout=2; BC3_to_Salmon=1; BC3_to_Trout=1; nonhybrid_Salmon=2; nonhybrid_Trout=4
90,snps_5_sample_10_pop_1_ind_0.5,10,5,10,1,0.5,0.5,5,0.9990234375,TRUE,7,3,TRUE,6,6,0,1,TRUE,FALSE,0.52,0,1,BC2_to_Salmon=1; BC2_to_Trout=1; BC3_to_Salmon=2; BC3_to_Trout=1; F1=2; nonhybrid_Salmon=1; nonhybrid_Trout=2
91,snps_5_sample_10_pop_1_ind_0.75,1,5,10,1,0.75,0.75,7.5,0.9999990463256836,TRUE,8,2,TRUE,7,7,0,1,TRUE,FALSE,0.38,0,1,BC1_to_Salmon=2; BC1_to_Trout=1; BC2_to_Trout=1; BC3_to_Salmon=2; F2=2; nonhybrid_Salmon=2
92,snps_5_sample_10_pop_1_ind_0.75,2,5,10,1,0.75,0.75,7.5,0.9999990463256836,TRUE,8,2,TRUE,5,5,0,3,TRUE,FALSE,0.44,0,1,BC1_to_Salmon=3; BC2_to_Trout=2; BC3_to_Salmon=2; BC3_to_Trout=1; nonhybrid_Salmon=1; nonhybrid_Trout=1
93,snps_5_sample_10_pop_1_ind_0.75,3,5,10,1,0.75,0.75,7.5,0.9999990463256836,TRUE,7,3,TRUE,7,7,0,0,TRUE,FALSE,0.54,0,1,BC1_to_Salmon=1; BC2_to_Salmon=1; BC2_to_Trout=1; F1=3; F2=1; nonhybrid_Salmon=1; nonhybrid_Trout=2
94,snps_5_sample_10_pop_1_ind_0.75,4,5,10,1,0.75,0.75,7.5,0.9999990463256836,TRUE,6,4,TRUE,6,6,0,0,TRUE,FALSE,0.27999999999999997,0,1,BC1_to_Trout=1; BC2_to_Salmon=2; BC3_to_Salmon=2; F2=1; nonhybrid_Salmon=3; nonhybrid_Trout=1
95,snps_5_sample_10_pop_1_ind_0.75,5,5,10,1,0.75,0.75,7.5,0.9999990463256836,TRUE,5,5,TRUE,4,4,0,1,TRUE,FALSE,0.55,0,1,BC3_to_Salmon=3; F1=1; F2=1; nonhybrid_Salmon=1; nonhybrid_Trout=4
96,snps_5_sample_10_pop_1_ind_0.75,6,5,10,1,0.75,0.75,7.5,0.9999990463256836,TRUE,10,0,TRUE,9,9,0,1,TRUE,FALSE,0.72,0.5,1,BC1_to_Trout=1; BC3_to_Trout=3; F1=1; F2=5
97,snps_5_sample_10_pop_1_ind_0.75,7,5,10,1,0.75,0.75,7.5,0.9999990463256836,TRUE,7,3,TRUE,6,6,0,1,TRUE,FALSE,0.4,0,1,BC1_to_Salmon=2; BC2_to_Salmon=2; BC3_to_Salmon=1; BC3_to_Trout=1; F1=1; nonhybrid_Salmon=1; nonhybrid_Trout=2
98,snps_5_sample_10_pop_1_ind_0.75,8,5,10,1,0.75,0.75,7.5,0.9999990463256836,TRUE,8,2,TRUE,8,8,0,0,TRUE,FALSE,0.32,0,0.8,BC1_to_Salmon=2; BC1_to_Trout=1; BC2_to_Salmon=1; BC3_to_Salmon=1; F1=2; F2=1; nonhybrid_Salmon=2
99,snps_5_sample_10_pop_1_ind_0.75,9,5,10,1,0.75,0.75,7.5,0.9999990463256836,TRUE,7,3,TRUE,5,5,0,2,TRUE,FALSE,0.48,0,1,BC1_to_Trout=1; BC3_to_Salmon=3; BC3_to_Trout=1; F1=1; F2=1; nonhybrid_Salmon=1; nonhybrid_Trout=2
100,snps_5_sample_10_pop_1_ind_0.75,10,5,10,1,0.75,0.75,7.5,0.9999990463256836,TRUE,8,2,TRUE,8,8,0,0,TRUE,FALSE,0.41000000000000003,0,1,BC1_to_Salmon=2; BC1_to_Trout=1; BC2_to_Salmon=2; BC2_to_Trout=1; F1=1; F2=1; nonhybrid_Salmon=1; nonhybrid_Trout=1
101,snps_5_sample_10_pop_1_ind_1,1,5,10,1,1,1,10,1,TRUE,10,0,TRUE,6,6,0,4,TRUE,FALSE,0.33,0,1,BC1_to_Salmon=3; BC2_to_Salmon=3; BC3_to_Salmon=1; BC3_to_Trout=2; F1=1
102,snps_5_sample_10_pop_1_ind_1,2,5,10,1,1,1,10,1,TRUE,10,0,TRUE,8,8,0,2,TRUE,FALSE,0.44,0,1,BC1_to_Salmon=3; BC1_to_Trout=2; BC3_to_Salmon=1; BC3_to_Trout=1; F1=1; F2=2
103,snps_5_sample_10_pop_1_ind_1,3,5,10,1,1,1,10,1,TRUE,10,0,TRUE,7,7,0,3,TRUE,FALSE,0.32,0,1,BC1_to_Salmon=3; BC2_to_Salmon=1; BC3_to_Salmon=2; BC3_to_Trout=1; F1=1; F2=2
104,snps_5_sample_10_pop_1_ind_1,4,5,10,1,1,1,10,1,TRUE,10,0,TRUE,9,9,0,1,TRUE,FALSE,0.53,0,0.8,BC1_to_Trout=1; BC2_to_Salmon=2; BC2_to_Trout=3; BC3_to_Salmon=1; BC3_to_Trout=1; F1=1; F2=1
105,snps_5_sample_10_pop_1_ind_1,5,5,10,1,1,1,10,1,TRUE,10,0,TRUE,7,7,0,3,TRUE,FALSE,0.64,0,1,BC1_to_Trout=2; BC2_to_Salmon=1; BC2_to_Trout=3; BC3_to_Salmon=1; F2=3
106,snps_5_sample_10_pop_1_ind_1,6,5,10,1,1,1,10,1,TRUE,10,0,TRUE,9,9,0,1,TRUE,FALSE,0.61,0.2,1,BC1_to_Salmon=1; BC2_to_Trout=2; BC3_to_Trout=2; F1=1; F2=4
107,snps_5_sample_10_pop_1_ind_1,7,5,10,1,1,1,10,1,TRUE,10,0,TRUE,7,7,0,3,TRUE,FALSE,0.36,0,1,BC1_to_Salmon=2; BC1_to_Trout=1; BC2_to_Salmon=2; BC3_to_Salmon=2; BC3_to_Trout=2; F2=1
108,snps_5_sample_10_pop_1_ind_1,8,5,10,1,1,1,10,1,TRUE,10,0,TRUE,10,10,0,0,TRUE,FALSE,0.6,0.2,0.9,BC1_to_Trout=2; BC2_to_Salmon=1; BC3_to_Salmon=1; BC3_to_Trout=2; F1=1; F2=3
109,snps_5_sample_10_pop_1_ind_1,9,5,10,1,1,1,10,1,TRUE,10,0,TRUE,7,7,0,3,TRUE,FALSE,0.59,0,1,BC1_to_Salmon=1; BC1_to_Trout=2; BC2_to_Salmon=1; BC2_to_Trout=1; BC3_to_Salmon=1; BC3_to_Trout=1; F1=1; F2=2
110,snps_5_sample_10_pop_1_ind_1,10,5,10,1,1,1,10,1,TRUE,10,0,TRUE,8,8,0,2,TRUE,FALSE,0.53,0.1,1,BC1_to_Salmon=3; BC2_to_Trout=1; BC3_to_Salmon=1; BC3_to_Trout=2; F1=1; F2=2
111,snps_5_sample_20_pop_1_ind_0,1,5,20,1,0,0,0,0,TRUE,0,20,FALSE,0,0,0,0,FALSE,FALSE,0.6,0,1,nonhybrid_Salmon=8; nonhybrid_Trout=12
112,snps_5_sample_20_pop_1_ind_0,2,5,20,1,0,0,0,0,TRUE,0,20,FALSE,0,0,0,0,FALSE,FALSE,0.4,0,1,nonhybrid_Salmon=12; nonhybrid_Trout=8
113,snps_5_sample_20_pop_1_ind_0,3,5,20,1,0,0,0,0,TRUE,0,20,FALSE,0,0,0,0,FALSE,FALSE,0.4,0,1,nonhybrid_Salmon=12; nonhybrid_Trout=8
114,snps_5_sample_20_pop_1_ind_0,4,5,20,1,0,0,0,0,TRUE,0,20,FALSE,0,0,0,0,FALSE,FALSE,0.8,0,1,nonhybrid_Salmon=4; nonhybrid_Trout=16
115,snps_5_sample_20_pop_1_ind_0,5,5,20,1,0,0,0,0,TRUE,0,20,FALSE,0,0,0,0,FALSE,FALSE,0.55,0,1,nonhybrid_Salmon=9; nonhybrid_Trout=11
116,snps_5_sample_20_pop_1_ind_0,6,5,20,1,0,0,0,0,TRUE,0,20,FALSE,0,0,0,0,FALSE,FALSE,0.4,0,1,nonhybrid_Salmon=12; nonhybrid_Trout=8
117,snps_5_sample_20_pop_1_ind_0,7,5,20,1,0,0,0,0,TRUE,0,20,FALSE,0,0,0,0,FALSE,FALSE,0.45,0,1,nonhybrid_Salmon=11; nonhybrid_Trout=9
118,snps_5_sample_20_pop_1_ind_0,8,5,20,1,0,0,0,0,TRUE,0,20,FALSE,0,0,0,0,FALSE,FALSE,0.65,0,1,nonhybrid_Salmon=7; nonhybrid_Trout=13
119,snps_5_sample_20_pop_1_ind_0,9,5,20,1,0,0,0,0,TRUE,0,20,FALSE,0,0,0,0,FALSE,FALSE,0.4,0,1,nonhybrid_Salmon=12; nonhybrid_Trout=8
120,snps_5_sample_20_pop_1_ind_0,10,5,20,1,0,0,0,0,TRUE,0,20,FALSE,0,0,0,0,FALSE,FALSE,0.45,0,1,nonhybrid_Salmon=11; nonhybrid_Trout=9
121,snps_5_sample_20_pop_1_ind_0.001,1,5,20,1,0.001,0.001,0.02,0.01981113517046529,TRUE,0,20,FALSE,0,0,0,0,FALSE,FALSE,0.65,0,1,nonhybrid_Salmon=7; nonhybrid_Trout=13
122,snps_5_sample_20_pop_1_ind_0.001,2,5,20,1,0.001,0.001,0.02,0.01981113517046529,TRUE,1,19,TRUE,1,1,0,0,TRUE,FALSE,0.625,0,1,F1=1; nonhybrid_Salmon=7; nonhybrid_Trout=12
123,snps_5_sample_20_pop_1_ind_0.001,3,5,20,1,0.001,0.001,0.02,0.01981113517046529,TRUE,0,20,FALSE,0,0,0,0,FALSE,FALSE,0.7,0,1,nonhybrid_Salmon=6; nonhybrid_Trout=14
124,snps_5_sample_20_pop_1_ind_0.001,4,5,20,1,0.001,0.001,0.02,0.01981113517046529,TRUE,0,20,FALSE,0,0,0,0,FALSE,FALSE,0.35,0,1,nonhybrid_Salmon=13; nonhybrid_Trout=7
125,snps_5_sample_20_pop_1_ind_0.001,5,5,20,1,0.001,0.001,0.02,0.01981113517046529,TRUE,0,20,FALSE,0,0,0,0,FALSE,FALSE,0.5,0,1,nonhybrid_Salmon=10; nonhybrid_Trout=10
126,snps_5_sample_20_pop_1_ind_0.001,6,5,20,1,0.001,0.001,0.02,0.01981113517046529,TRUE,0,20,FALSE,0,0,0,0,FALSE,FALSE,0.65,0,1,nonhybrid_Salmon=7; nonhybrid_Trout=13
127,snps_5_sample_20_pop_1_ind_0.001,7,5,20,1,0.001,0.001,0.02,0.01981113517046529,TRUE,0,20,FALSE,0,0,0,0,FALSE,FALSE,0.75,0,1,nonhybrid_Salmon=5; nonhybrid_Trout=15
128,snps_5_sample_20_pop_1_ind_0.001,8,5,20,1,0.001,0.001,0.02,0.01981113517046529,TRUE,0,20,FALSE,0,0,0,0,FALSE,FALSE,0.45,0,1,nonhybrid_Salmon=11; nonhybrid_Trout=9
129,snps_5_sample_20_pop_1_ind_0.001,9,5,20,1,0.001,0.001,0.02,0.01981113517046529,TRUE,0,20,FALSE,0,0,0,0,FALSE,FALSE,0.55,0,1,nonhybrid_Salmon=9; nonhybrid_Trout=11
130,snps_5_sample_20_pop_1_ind_0.001,10,5,20,1,0.001,0.001,0.02,0.01981113517046529,TRUE,0,20,FALSE,0,0,0,0,FALSE,FALSE,0.55,0,1,nonhybrid_Salmon=9; nonhybrid_Trout=11
131,snps_5_sample_20_pop_1_ind_0.005,1,5,20,1,0.005,0.005,0.1,0.09538951972538245,TRUE,1,19,TRUE,1,1,0,0,TRUE,FALSE,0.495,0,1,BC3_to_Trout=1; nonhybrid_Salmon=10; nonhybrid_Trout=9
132,snps_5_sample_20_pop_1_ind_0.005,2,5,20,1,0.005,0.005,0.1,0.09538951972538245,TRUE,0,20,FALSE,0,0,0,0,FALSE,FALSE,0.4,0,1,nonhybrid_Salmon=12; nonhybrid_Trout=8
133,snps_5_sample_20_pop_1_ind_0.005,3,5,20,1,0.005,0.005,0.1,0.09538951972538245,TRUE,0,20,FALSE,0,0,0,0,FALSE,FALSE,0.45,0,1,nonhybrid_Salmon=11; nonhybrid_Trout=9
134,snps_5_sample_20_pop_1_ind_0.005,4,5,20,1,0.005,0.005,0.1,0.09538951972538245,TRUE,0,20,FALSE,0,0,0,0,FALSE,FALSE,0.5,0,1,nonhybrid_Salmon=10; nonhybrid_Trout=10
135,snps_5_sample_20_pop_1_ind_0.005,5,5,20,1,0.005,0.005,0.1,0.09538951972538245,TRUE,0,20,FALSE,0,0,0,0,FALSE,FALSE,0.4,0,1,nonhybrid_Salmon=12; nonhybrid_Trout=8
136,snps_5_sample_20_pop_1_ind_0.005,6,5,20,1,0.005,0.005,0.1,0.09538951972538245,TRUE,0,20,FALSE,0,0,0,0,FALSE,FALSE,0.45,0,1,nonhybrid_Salmon=11; nonhybrid_Trout=9
137,snps_5_sample_20_pop_1_ind_0.005,7,5,20,1,0.005,0.005,0.1,0.09538951972538245,TRUE,0,20,FALSE,0,0,0,0,FALSE,FALSE,0.55,0,1,nonhybrid_Salmon=9; nonhybrid_Trout=11
138,snps_5_sample_20_pop_1_ind_0.005,8,5,20,1,0.005,0.005,0.1,0.09538951972538245,TRUE,0,20,FALSE,0,0,0,0,FALSE,FALSE,0.5,0,1,nonhybrid_Salmon=10; nonhybrid_Trout=10
139,snps_5_sample_20_pop_1_ind_0.005,9,5,20,1,0.005,0.005,0.1,0.09538951972538245,TRUE,0,20,FALSE,0,0,0,0,FALSE,FALSE,0.4,0,1,nonhybrid_Salmon=12; nonhybrid_Trout=8
140,snps_5_sample_20_pop_1_ind_0.005,10,5,20,1,0.005,0.005,0.1,0.09538951972538245,TRUE,0,20,FALSE,0,0,0,0,FALSE,FALSE,0.55,0,1,nonhybrid_Salmon=9; nonhybrid_Trout=11
141,snps_5_sample_20_pop_1_ind_0.01,1,5,20,1,0.01,0.01,0.2,0.18209306240276923,TRUE,1,19,TRUE,1,1,0,0,TRUE,FALSE,0.535,0,1,BC1_to_Trout=1; nonhybrid_Salmon=9; nonhybrid_Trout=10
142,snps_5_sample_20_pop_1_ind_0.01,2,5,20,1,0.01,0.01,0.2,0.18209306240276923,TRUE,1,19,TRUE,1,1,0,0,TRUE,FALSE,0.515,0,1,F2=1; nonhybrid_Salmon=9; nonhybrid_Trout=10
143,snps_5_sample_20_pop_1_ind_0.01,3,5,20,1,0.01,0.01,0.2,0.18209306240276923,TRUE,1,19,TRUE,1,1,0,0,TRUE,FALSE,0.575,0,1,F2=1; nonhybrid_Salmon=8; nonhybrid_Trout=11
144,snps_5_sample_20_pop_1_ind_0.01,4,5,20,1,0.01,0.01,0.2,0.18209306240276923,TRUE,1,19,TRUE,1,1,0,0,TRUE,FALSE,0.625,0,1,F1=1; nonhybrid_Salmon=7; nonhybrid_Trout=12
145,snps_5_sample_20_pop_1_ind_0.01,5,5,20,1,0.01,0.01,0.2,0.18209306240276923,TRUE,0,20,FALSE,0,0,0,0,FALSE,FALSE,0.4,0,1,nonhybrid_Salmon=12; nonhybrid_Trout=8
146,snps_5_sample_20_pop_1_ind_0.01,6,5,20,1,0.01,0.01,0.2,0.18209306240276923,TRUE,0,20,FALSE,0,0,0,0,FALSE,FALSE,0.45,0,1,nonhybrid_Salmon=11; nonhybrid_Trout=9
147,snps_5_sample_20_pop_1_ind_0.01,7,5,20,1,0.01,0.01,0.2,0.18209306240276923,TRUE,0,20,FALSE,0,0,0,0,FALSE,FALSE,0.35,0,1,nonhybrid_Salmon=13; nonhybrid_Trout=7
148,snps_5_sample_20_pop_1_ind_0.01,8,5,20,1,0.01,0.01,0.2,0.18209306240276923,TRUE,0,20,FALSE,0,0,0,0,FALSE,FALSE,0.25,0,1,nonhybrid_Salmon=15; nonhybrid_Trout=5
149,snps_5_sample_20_pop_1_ind_0.01,9,5,20,1,0.01,0.01,0.2,0.18209306240276923,TRUE,0,20,FALSE,0,0,0,0,FALSE,FALSE,0.6,0,1,nonhybrid_Salmon=8; nonhybrid_Trout=12
150,snps_5_sample_20_pop_1_ind_0.01,10,5,20,1,0.01,0.01,0.2,0.18209306240276923,TRUE,0,20,FALSE,0,0,0,0,FALSE,FALSE,0.7,0,1,nonhybrid_Salmon=6; nonhybrid_Trout=14
151,snps_5_sample_20_pop_1_ind_0.025,1,5,20,1,0.025,0.025,0.5,0.39731231978089987,TRUE,1,19,TRUE,1,1,0,0,TRUE,FALSE,0.385,0,1,BC2_to_Trout=1; nonhybrid_Salmon=12; nonhybrid_Trout=7
152,snps_5_sample_20_pop_1_ind_0.025,2,5,20,1,0.025,0.025,0.5,0.39731231978089987,TRUE,1,19,TRUE,1,1,0,0,TRUE,FALSE,0.495,0,1,BC3_to_Trout=1; nonhybrid_Salmon=10; nonhybrid_Trout=9
153,snps_5_sample_20_pop_1_ind_0.025,3,5,20,1,0.025,0.025,0.5,0.39731231978089987,TRUE,3,17,TRUE,3,3,0,0,TRUE,FALSE,0.59,0,1,BC1_to_Trout=1; BC2_to_Salmon=1; BC2_to_Trout=1; nonhybrid_Salmon=7; nonhybrid_Trout=10
154,snps_5_sample_20_pop_1_ind_0.025,4,5,20,1,0.025,0.025,0.5,0.39731231978089987,TRUE,0,20,FALSE,0,0,0,0,FALSE,FALSE,0.65,0,1,nonhybrid_Salmon=7; nonhybrid_Trout=13
155,snps_5_sample_20_pop_1_ind_0.025,5,5,20,1,0.025,0.025,0.5,0.39731231978089987,TRUE,0,20,FALSE,0,0,0,0,FALSE,FALSE,0.3,0,1,nonhybrid_Salmon=14; nonhybrid_Trout=6
156,snps_5_sample_20_pop_1_ind_0.025,6,5,20,1,0.025,0.025,0.5,0.39731231978089987,TRUE,1,19,TRUE,1,1,0,0,TRUE,FALSE,0.555,0,1,BC2_to_Salmon=1; nonhybrid_Salmon=8; nonhybrid_Trout=11
157,snps_5_sample_20_pop_1_ind_0.025,7,5,20,1,0.025,0.025,0.5,0.39731231978089987,TRUE,0,20,FALSE,0,0,0,0,FALSE,FALSE,0.35,0,1,nonhybrid_Salmon=13; nonhybrid_Trout=7
158,snps_5_sample_20_pop_1_ind_0.025,8,5,20,1,0.025,0.025,0.5,0.39731231978089987,TRUE,0,20,FALSE,0,0,0,0,FALSE,FALSE,0.6,0,1,nonhybrid_Salmon=8; nonhybrid_Trout=12
159,snps_5_sample_20_pop_1_ind_0.025,9,5,20,1,0.025,0.025,0.5,0.39731231978089987,TRUE,0,20,FALSE,0,0,0,0,FALSE,FALSE,0.4,0,1,nonhybrid_Salmon=12; nonhybrid_Trout=8
160,snps_5_sample_20_pop_1_ind_0.025,10,5,20,1,0.025,0.025,0.5,0.39731231978089987,TRUE,0,20,FALSE,0,0,0,0,FALSE,FALSE,0.4,0,1,nonhybrid_Salmon=12; nonhybrid_Trout=8
161,snps_5_sample_20_pop_1_ind_0.05,1,5,20,1,0.05,0.05,1,0.6415140775914581,TRUE,1,19,TRUE,1,1,0,0,TRUE,FALSE,0.525,0,1,F2=1; nonhybrid_Salmon=9; nonhybrid_Trout=10
162,snps_5_sample_20_pop_1_ind_0.05,2,5,20,1,0.05,0.05,1,0.6415140775914581,TRUE,1,19,TRUE,1,1,0,0,TRUE,FALSE,0.315,0,1,BC3_to_Salmon=1; nonhybrid_Salmon=13; nonhybrid_Trout=6
163,snps_5_sample_20_pop_1_ind_0.05,3,5,20,1,0.05,0.05,1,0.6415140775914581,TRUE,0,20,FALSE,0,0,0,0,FALSE,FALSE,0.55,0,1,nonhybrid_Salmon=9; nonhybrid_Trout=11
164,snps_5_sample_20_pop_1_ind_0.05,4,5,20,1,0.05,0.05,1,0.6415140775914581,TRUE,0,20,FALSE,0,0,0,0,FALSE,FALSE,0.7,0,1,nonhybrid_Salmon=6; nonhybrid_Trout=14
165,snps_5_sample_20_pop_1_ind_0.05,5,5,20,1,0.05,0.05,1,0.6415140775914581,TRUE,2,18,TRUE,2,2,0,0,TRUE,FALSE,0.32,0,1,BC3_to_Salmon=1; F2=1; nonhybrid_Salmon=12; nonhybrid_Trout=6
166,snps_5_sample_20_pop_1_ind_0.05,6,5,20,1,0.05,0.05,1,0.6415140775914581,TRUE,1,19,TRUE,1,1,0,0,TRUE,FALSE,0.575,0,1,BC1_to_Trout=1; nonhybrid_Salmon=8; nonhybrid_Trout=11
167,snps_5_sample_20_pop_1_ind_0.05,7,5,20,1,0.05,0.05,1,0.6415140775914581,TRUE,1,19,TRUE,1,1,0,0,TRUE,FALSE,0.555,0,1,BC2_to_Salmon=1; nonhybrid_Salmon=8; nonhybrid_Trout=11
168,snps_5_sample_20_pop_1_ind_0.05,8,5,20,1,0.05,0.05,1,0.6415140775914581,TRUE,0,20,FALSE,0,0,0,0,FALSE,FALSE,0.55,0,1,nonhybrid_Salmon=9; nonhybrid_Trout=11
169,snps_5_sample_20_pop_1_ind_0.05,9,5,20,1,0.05,0.05,1,0.6415140775914581,TRUE,3,17,TRUE,2,2,0,1,TRUE,FALSE,0.58,0,1,BC1_to_Trout=1; BC3_to_Trout=2; nonhybrid_Salmon=8; nonhybrid_Trout=9
170,snps_5_sample_20_pop_1_ind_0.05,10,5,20,1,0.05,0.05,1,0.6415140775914581,TRUE,1,19,TRUE,1,1,0,0,TRUE,FALSE,0.545,0,1,BC3_to_Trout=1; nonhybrid_Salmon=9; nonhybrid_Trout=10
171,snps_5_sample_20_pop_1_ind_0.1,1,5,20,1,0.1,0.1,2,0.8784233454094307,TRUE,3,17,TRUE,3,3,0,0,TRUE,FALSE,0.55,0,1,BC1_to_Trout=1; BC2_to_Salmon=1; F2=1; nonhybrid_Salmon=8; nonhybrid_Trout=9
172,snps_5_sample_20_pop_1_ind_0.1,2,5,20,1,0.1,0.1,2,0.8784233454094307,TRUE,4,16,TRUE,2,2,0,2,TRUE,FALSE,0.44,0,1,BC2_to_Salmon=2; BC3_to_Trout=1; F2=1; nonhybrid_Salmon=9; nonhybrid_Trout=7
173,snps_5_sample_20_pop_1_ind_0.1,3,5,20,1,0.1,0.1,2,0.8784233454094307,TRUE,4,16,TRUE,3,3,0,1,TRUE,FALSE,0.54,0,1,BC1_to_Salmon=1; BC2_to_Trout=1; BC3_to_Trout=1; F2=1; nonhybrid_Salmon=8; nonhybrid_Trout=8
174,snps_5_sample_20_pop_1_ind_0.1,4,5,20,1,0.1,0.1,2,0.8784233454094307,TRUE,0,20,FALSE,0,0,0,0,FALSE,FALSE,0.6,0,1,nonhybrid_Salmon=8; nonhybrid_Trout=12
175,snps_5_sample_20_pop_1_ind_0.1,5,5,20,1,0.1,0.1,2,0.8784233454094307,TRUE,1,19,TRUE,0,0,0,1,FALSE,FALSE,0.5,0,1,BC3_to_Salmon=1; nonhybrid_Salmon=9; nonhybrid_Trout=10
176,snps_5_sample_20_pop_1_ind_0.1,6,5,20,1,0.1,0.1,2,0.8784233454094307,TRUE,0,20,FALSE,0,0,0,0,FALSE,FALSE,0.55,0,1,nonhybrid_Salmon=9; nonhybrid_Trout=11
177,snps_5_sample_20_pop_1_ind_0.1,7,5,20,1,0.1,0.1,2,0.8784233454094307,TRUE,2,18,TRUE,2,2,0,0,TRUE,FALSE,0.375,0,1,BC1_to_Salmon=1; BC2_to_Salmon=1; nonhybrid_Salmon=11; nonhybrid_Trout=7
178,snps_5_sample_20_pop_1_ind_0.1,8,5,20,1,0.1,0.1,2,0.8784233454094307,TRUE,1,19,TRUE,0,0,0,1,FALSE,FALSE,0.4,0,1,BC3_to_Salmon=1; nonhybrid_Salmon=11; nonhybrid_Trout=8
179,snps_5_sample_20_pop_1_ind_0.1,9,5,20,1,0.1,0.1,2,0.8784233454094307,TRUE,3,17,TRUE,3,3,0,0,TRUE,FALSE,0.51,0,1,BC2_to_Salmon=1; BC3_to_Salmon=1; BC3_to_Trout=1; nonhybrid_Salmon=8; nonhybrid_Trout=9
180,snps_5_sample_20_pop_1_ind_0.1,10,5,20,1,0.1,0.1,2,0.8784233454094307,TRUE,2,18,TRUE,2,2,0,0,TRUE,FALSE,0.385,0,1,BC3_to_Salmon=1; BC3_to_Trout=1; nonhybrid_Salmon=11; nonhybrid_Trout=7
181,snps_5_sample_20_pop_1_ind_0.25,1,5,20,1,0.25,0.25,5,0.996828788061066,TRUE,3,17,TRUE,2,2,0,1,TRUE,FALSE,0.46,0,1,BC1_to_Trout=1; BC3_to_Salmon=1; F1=1; nonhybrid_Salmon=9; nonhybrid_Trout=8
182,snps_5_sample_20_pop_1_ind_0.25,2,5,20,1,0.25,0.25,5,0.996828788061066,TRUE,5,15,TRUE,5,5,0,0,TRUE,FALSE,0.54,0,1,BC1_to_Salmon=1; BC1_to_Trout=2; BC2_to_Salmon=1; BC3_to_Trout=1; nonhybrid_Salmon=7; nonhybrid_Trout=8
183,snps_5_sample_20_pop_1_ind_0.25,3,5,20,1,0.25,0.25,5,0.996828788061066,TRUE,8,12,TRUE,7,7,0,1,TRUE,FALSE,0.405,0,1,BC1_to_Salmon=3; BC2_to_Salmon=1; BC2_to_Trout=1; BC3_to_Salmon=1; BC3_to_Trout=1; F1=1; nonhybrid_Salmon=7; nonhybrid_Trout=5
184,snps_5_sample_20_pop_1_ind_0.25,4,5,20,1,0.25,0.25,5,0.996828788061066,TRUE,8,12,TRUE,7,7,0,1,TRUE,FALSE,0.49,0,1,BC2_to_Salmon=1; BC3_to_Trout=3; F1=2; F2=2; nonhybrid_Salmon=7; nonhybrid_Trout=5
185,snps_5_sample_20_pop_1_ind_0.25,5,5,20,1,0.25,0.25,5,0.996828788061066,TRUE,8,12,TRUE,7,7,0,1,TRUE,FALSE,0.4,0,1,BC1_to_Salmon=2; BC1_to_Trout=1; BC2_to_Salmon=1; BC3_to_Trout=2; F1=2; nonhybrid_Salmon=8; nonhybrid_Trout=4
186,snps_5_sample_20_pop_1_ind_0.25,6,5,20,1,0.25,0.25,5,0.996828788061066,TRUE,4,16,TRUE,4,4,0,0,TRUE,FALSE,0.43,0,1,BC2_to_Trout=1; BC3_to_Trout=1; F1=1; F2=1; nonhybrid_Salmon=10; nonhybrid_Trout=6
187,snps_5_sample_20_pop_1_ind_0.25,7,5,20,1,0.25,0.25,5,0.996828788061066,TRUE,7,13,TRUE,6,6,0,1,TRUE,FALSE,0.425,0,1,BC1_to_Salmon=1; BC1_to_Trout=2; BC2_to_Salmon=1; BC2_to_Trout=1; F1=1; F2=1; nonhybrid_Salmon=8; nonhybrid_Trout=5
188,snps_5_sample_20_pop_1_ind_0.25,8,5,20,1,0.25,0.25,5,0.996828788061066,TRUE,7,13,TRUE,6,6,0,1,TRUE,FALSE,0.48,0,1,BC1_to_Salmon=1; BC1_to_Trout=2; BC2_to_Salmon=2; BC2_to_Trout=1; BC3_to_Trout=1; nonhybrid_Salmon=7; nonhybrid_Trout=6
189,snps_5_sample_20_pop_1_ind_0.25,9,5,20,1,0.25,0.25,5,0.996828788061066,TRUE,4,16,TRUE,3,3,0,1,TRUE,FALSE,0.415,0,1,BC2_to_Salmon=1; BC3_to_Salmon=1; F1=2; nonhybrid_Salmon=9; nonhybrid_Trout=7
190,snps_5_sample_20_pop_1_ind_0.25,10,5,20,1,0.25,0.25,5,0.996828788061066,TRUE,3,17,TRUE,3,3,0,0,TRUE,FALSE,0.53,0,1,BC1_to_Trout=1; F1=2; nonhybrid_Salmon=8; nonhybrid_Trout=9
191,snps_5_sample_20_pop_1_ind_0.5,1,5,20,1,0.5,0.5,10,0.9999990463256836,TRUE,11,9,TRUE,5,5,0,6,TRUE,FALSE,0.485,0,1,BC1_to_Salmon=1; BC1_to_Trout=1; BC2_to_Salmon=1; BC2_to_Trout=2; BC3_to_Salmon=4; BC3_to_Trout=2; nonhybrid_Salmon=4; nonhybrid_Trout=5
192,snps_5_sample_20_pop_1_ind_0.5,2,5,20,1,0.5,0.5,10,0.9999990463256836,TRUE,8,12,TRUE,7,7,0,1,TRUE,FALSE,0.615,0,1,BC1_to_Trout=2; BC2_to_Salmon=1; BC2_to_Trout=3; BC3_to_Salmon=1; BC3_to_Trout=1; nonhybrid_Salmon=5; nonhybrid_Trout=7
193,snps_5_sample_20_pop_1_ind_0.5,3,5,20,1,0.5,0.5,10,0.9999990463256836,TRUE,14,6,TRUE,11,11,0,3,TRUE,FALSE,0.585,0,1,BC1_to_Salmon=3; BC1_to_Trout=2; BC2_to_Salmon=1; BC2_to_Trout=3; BC3_to_Salmon=1; BC3_to_Trout=1; F1=1; F2=2; nonhybrid_Salmon=3; nonhybrid_Trout=3
194,snps_5_sample_20_pop_1_ind_0.5,4,5,20,1,0.5,0.5,10,0.9999990463256836,TRUE,7,13,TRUE,7,7,0,0,TRUE,FALSE,0.535,0,1,BC1_to_Salmon=3; BC1_to_Trout=2; BC2_to_Trout=1; F2=1; nonhybrid_Salmon=6; nonhybrid_Trout=7
195,snps_5_sample_20_pop_1_ind_0.5,5,5,20,1,0.5,0.5,10,0.9999990463256836,TRUE,13,7,TRUE,12,12,0,1,TRUE,FALSE,0.49,0,1,BC1_to_Salmon=1; BC1_to_Trout=1; BC2_to_Salmon=3; BC2_to_Trout=1; BC3_to_Trout=2; F1=3; F2=2; nonhybrid_Salmon=4; nonhybrid_Trout=3
196,snps_5_sample_20_pop_1_ind_0.5,6,5,20,1,0.5,0.5,10,0.9999990463256836,TRUE,9,11,TRUE,7,7,0,2,TRUE,FALSE,0.54,0,1,BC2_to_Salmon=2; BC2_to_Trout=3; BC3_to_Trout=1; F1=1; F2=2; nonhybrid_Salmon=5; nonhybrid_Trout=6
197,snps_5_sample_20_pop_1_ind_0.5,7,5,20,1,0.5,0.5,10,0.9999990463256836,TRUE,8,12,TRUE,6,6,0,2,TRUE,FALSE,0.475,0,1,BC1_to_Salmon=1; BC2_to_Salmon=3; BC3_to_Salmon=1; BC3_to_Trout=2; F2=1; nonhybrid_Salmon=5; nonhybrid_Trout=7
198,snps_5_sample_20_pop_1_ind_0.5,8,5,20,1,0.5,0.5,10,0.9999990463256836,TRUE,7,13,TRUE,7,7,0,0,TRUE,FALSE,0.46,0,1,BC1_to_Salmon=1; BC2_to_Salmon=2; BC3_to_Salmon=1; F1=1; F2=2; nonhybrid_Salmon=6; nonhybrid_Trout=7
199,snps_5_sample_20_pop_1_ind_0.5,9,5,20,1,0.5,0.5,10,0.9999990463256836,TRUE,10,10,TRUE,8,8,0,2,TRUE,FALSE,0.565,0,1,BC1_to_Salmon=2; BC1_to_Trout=1; BC2_to_Trout=1; BC3_to_Salmon=1; BC3_to_Trout=2; F1=2; F2=1; nonhybrid_Salmon=4; nonhybrid_Trout=6
200,snps_5_sample_20_pop_1_ind_0.5,10,5,20,1,0.5,0.5,10,0.9999990463256836,TRUE,11,9,TRUE,8,8,0,3,TRUE,FALSE,0.47,0,1,BC1_to_Salmon=1; BC1_to_Trout=1; BC2_to_Salmon=2; BC3_to_Salmon=1; BC3_to_Trout=3; F1=1; F2=2; nonhybrid_Salmon=5; nonhybrid_Trout=4
201,snps_5_sample_20_pop_1_ind_0.75,1,5,20,1,0.75,0.75,15,0.9999999999990905,TRUE,18,2,TRUE,13,13,0,5,TRUE,FALSE,0.34500000000000003,0,1,BC1_to_Salmon=2; BC1_to_Trout=1; BC2_to_Salmon=5; BC2_to_Trout=2; BC3_to_Salmon=4; BC3_to_Trout=1; F2=3; nonhybrid_Salmon=2
202,snps_5_sample_20_pop_1_ind_0.75,2,5,20,1,0.75,0.75,15,0.9999999999990905,TRUE,12,8,TRUE,11,11,0,1,TRUE,FALSE,0.56,0,1,BC1_to_Salmon=3; BC2_to_Salmon=1; BC2_to_Trout=1; BC3_to_Trout=2; F1=4; F2=1; nonhybrid_Salmon=3; nonhybrid_Trout=5
203,snps_5_sample_20_pop_1_ind_0.75,3,5,20,1,0.75,0.75,15,0.9999999999990905,TRUE,15,5,TRUE,11,11,0,4,TRUE,FALSE,0.48,0,1,BC1_to_Salmon=1; BC1_to_Trout=3; BC2_to_Salmon=3; BC2_to_Trout=1; BC3_to_Salmon=1; BC3_to_Trout=3; F1=3; nonhybrid_Salmon=3; nonhybrid_Trout=2
204,snps_5_sample_20_pop_1_ind_0.75,4,5,20,1,0.75,0.75,15,0.9999999999990905,TRUE,14,6,TRUE,12,12,0,2,TRUE,FALSE,0.31,0,1,BC1_to_Salmon=6; BC1_to_Trout=2; BC2_to_Salmon=3; BC2_to_Trout=1; BC3_to_Salmon=1; F2=1; nonhybrid_Salmon=4; nonhybrid_Trout=2
205,snps_5_sample_20_pop_1_ind_0.75,5,5,20,1,0.75,0.75,15,0.9999999999990905,TRUE,14,6,TRUE,9,9,0,5,TRUE,FALSE,0.62,0,1,BC1_to_Trout=3; BC2_to_Salmon=4; BC2_to_Trout=2; BC3_to_Trout=3; F1=1; F2=1; nonhybrid_Salmon=2; nonhybrid_Trout=4
206,snps_5_sample_20_pop_1_ind_0.75,6,5,20,1,0.75,0.75,15,0.9999999999990905,TRUE,14,6,TRUE,12,12,0,2,TRUE,FALSE,0.48,0,1,BC1_to_Salmon=1; BC1_to_Trout=2; BC2_to_Salmon=4; BC3_to_Salmon=2; F1=2; F2=3; nonhybrid_Salmon=1; nonhybrid_Trout=5
207,snps_5_sample_20_pop_1_ind_0.75,7,5,20,1,0.75,0.75,15,0.9999999999990905,TRUE,15,5,TRUE,13,13,0,2,TRUE,FALSE,0.6,0,1,BC1_to_Salmon=2; BC1_to_Trout=3; BC2_to_Salmon=2; BC2_to_Trout=2; BC3_to_Salmon=1; BC3_to_Trout=2; F2=3; nonhybrid_Salmon=1; nonhybrid_Trout=4
208,snps_5_sample_20_pop_1_ind_0.75,8,5,20,1,0.75,0.75,15,0.9999999999990905,TRUE,17,3,TRUE,14,14,0,3,TRUE,FALSE,0.6,0,1,BC1_to_Salmon=1; BC1_to_Trout=4; BC2_to_Salmon=2; BC2_to_Trout=5; BC3_to_Salmon=2; BC3_to_Trout=2; F2=1; nonhybrid_Salmon=1; nonhybrid_Trout=2
209,snps_5_sample_20_pop_1_ind_0.75,9,5,20,1,0.75,0.75,15,0.9999999999990905,TRUE,15,5,TRUE,13,13,0,2,TRUE,FALSE,0.45,0,1,BC1_to_Salmon=1; BC1_to_Trout=4; BC2_to_Salmon=4; BC2_to_Trout=1; BC3_to_Trout=1; F1=1; F2=3; nonhybrid_Salmon=4; nonhybrid_Trout=1
210,snps_5_sample_20_pop_1_ind_0.75,10,5,20,1,0.75,0.75,15,0.9999999999990905,TRUE,20,0,TRUE,17,17,0,3,TRUE,FALSE,0.39,0,0.9,BC1_to_Salmon=2; BC1_to_Trout=1; BC2_to_Salmon=5; BC2_to_Trout=3; BC3_to_Salmon=3; BC3_to_Trout=1; F1=3; F2=2
211,snps_5_sample_20_pop_1_ind_1,1,5,20,1,1,1,20,1,TRUE,20,0,TRUE,16,16,0,4,TRUE,FALSE,0.465,0,1,BC1_to_Salmon=1; BC1_to_Trout=3; BC2_to_Salmon=4; BC3_to_Salmon=3; BC3_to_Trout=3; F1=5; F2=1
212,snps_5_sample_20_pop_1_ind_1,2,5,20,1,1,1,20,1,TRUE,20,0,TRUE,15,15,0,5,TRUE,FALSE,0.49,0,1,BC1_to_Salmon=3; BC1_to_Trout=2; BC2_to_Salmon=4; BC2_to_Trout=3; BC3_to_Salmon=3; BC3_to_Trout=3; F1=2
213,snps_5_sample_20_pop_1_ind_1,3,5,20,1,1,1,20,1,TRUE,20,0,TRUE,18,18,0,2,TRUE,FALSE,0.5,0,1,BC1_to_Salmon=5; BC1_to_Trout=2; BC2_to_Salmon=3; BC2_to_Trout=5; BC3_to_Salmon=1; BC3_to_Trout=2; F2=2
214,snps_5_sample_20_pop_1_ind_1,4,5,20,1,1,1,20,1,TRUE,20,0,TRUE,16,16,0,4,TRUE,FALSE,0.47,0,1,BC1_to_Salmon=2; BC1_to_Trout=2; BC2_to_Salmon=2; BC2_to_Trout=1; BC3_to_Salmon=4; BC3_to_Trout=4; F1=2; F2=3
215,snps_5_sample_20_pop_1_ind_1,5,5,20,1,1,1,20,1,TRUE,20,0,TRUE,14,14,0,6,TRUE,FALSE,0.49,0,1,BC1_to_Salmon=3; BC1_to_Trout=6; BC2_to_Trout=1; BC3_to_Salmon=5; BC3_to_Trout=2; F1=3
216,snps_5_sample_20_pop_1_ind_1,6,5,20,1,1,1,20,1,TRUE,20,0,TRUE,17,17,0,3,TRUE,FALSE,0.51,0,1,BC1_to_Salmon=2; BC1_to_Trout=3; BC2_to_Salmon=2; BC2_to_Trout=4; BC3_to_Salmon=3; BC3_to_Trout=2; F1=2; F2=2
217,snps_5_sample_20_pop_1_ind_1,7,5,20,1,1,1,20,1,TRUE,20,0,TRUE,17,17,0,3,TRUE,FALSE,0.54,0.1,1,BC1_to_Salmon=3; BC1_to_Trout=2; BC2_to_Salmon=4; BC2_to_Trout=4; BC3_to_Trout=1; F1=3; F2=3
218,snps_5_sample_20_pop_1_ind_1,8,5,20,1,1,1,20,1,TRUE,20,0,TRUE,18,18,0,2,TRUE,FALSE,0.45,0,1,BC1_to_Salmon=6; BC1_to_Trout=1; BC2_to_Salmon=3; BC2_to_Trout=2; BC3_to_Salmon=2; BC3_to_Trout=3; F1=3
219,snps_5_sample_20_pop_1_ind_1,9,5,20,1,1,1,20,1,TRUE,20,0,TRUE,15,15,0,5,TRUE,FALSE,0.52,0,1,BC1_to_Salmon=2; BC1_to_Trout=5; BC2_to_Salmon=2; BC2_to_Trout=1; BC3_to_Salmon=2; BC3_to_Trout=2; F1=2; F2=4
220,snps_5_sample_20_pop_1_ind_1,10,5,20,1,1,1,20,1,TRUE,20,0,TRUE,18,18,0,2,TRUE,FALSE,0.49,0.1,1,BC1_to_Salmon=7; BC1_to_Trout=3; BC2_to_Salmon=2; BC2_to_Trout=1; BC3_to_Trout=3; F1=2; F2=2
221,snps_5_sample_50_pop_1_ind_0,1,5,50,1,0,0,0,0,TRUE,0,50,FALSE,0,0,0,0,FALSE,FALSE,0.46,0,1,nonhybrid_Salmon=27; nonhybrid_Trout=23
222,snps_5_sample_50_pop_1_ind_0,2,5,50,1,0,0,0,0,TRUE,0,50,FALSE,0,0,0,0,FALSE,FALSE,0.44,0,1,nonhybrid_Salmon=28; nonhybrid_Trout=22
223,snps_5_sample_50_pop_1_ind_0,3,5,50,1,0,0,0,0,TRUE,0,50,FALSE,0,0,0,0,FALSE,FALSE,0.52,0,1,nonhybrid_Salmon=24; nonhybrid_Trout=26
224,snps_5_sample_50_pop_1_ind_0,4,5,50,1,0,0,0,0,TRUE,0,50,FALSE,0,0,0,0,FALSE,FALSE,0.46,0,1,nonhybrid_Salmon=27; nonhybrid_Trout=23
225,snps_5_sample_50_pop_1_ind_0,5,5,50,1,0,0,0,0,TRUE,0,50,FALSE,0,0,0,0,FALSE,FALSE,0.34,0,1,nonhybrid_Salmon=33; nonhybrid_Trout=17
226,snps_5_sample_50_pop_1_ind_0,6,5,50,1,0,0,0,0,TRUE,0,50,FALSE,0,0,0,0,FALSE,FALSE,0.5,0,1,nonhybrid_Salmon=25; nonhybrid_Trout=25
227,snps_5_sample_50_pop_1_ind_0,7,5,50,1,0,0,0,0,TRUE,0,50,FALSE,0,0,0,0,FALSE,FALSE,0.52,0,1,nonhybrid_Salmon=24; nonhybrid_Trout=26
228,snps_5_sample_50_pop_1_ind_0,8,5,50,1,0,0,0,0,TRUE,0,50,FALSE,0,0,0,0,FALSE,FALSE,0.42,0,1,nonhybrid_Salmon=29; nonhybrid_Trout=21
229,snps_5_sample_50_pop_1_ind_0,9,5,50,1,0,0,0,0,TRUE,0,50,FALSE,0,0,0,0,FALSE,FALSE,0.4,0,1,nonhybrid_Salmon=30; nonhybrid_Trout=20
230,snps_5_sample_50_pop_1_ind_0,10,5,50,1,0,0,0,0,TRUE,0,50,FALSE,0,0,0,0,FALSE,FALSE,0.6,0,1,nonhybrid_Salmon=20; nonhybrid_Trout=30
231,snps_5_sample_50_pop_1_ind_0.001,1,5,50,1,0.001,0.001,0.05,0.04879437180296864,TRUE,0,50,FALSE,0,0,0,0,FALSE,FALSE,0.44,0,1,nonhybrid_Salmon=28; nonhybrid_Trout=22
232,snps_5_sample_50_pop_1_ind_0.001,2,5,50,1,0.001,0.001,0.05,0.04879437180296864,TRUE,0,50,FALSE,0,0,0,0,FALSE,FALSE,0.52,0,1,nonhybrid_Salmon=24; nonhybrid_Trout=26
233,snps_5_sample_50_pop_1_ind_0.001,3,5,50,1,0.001,0.001,0.05,0.04879437180296864,TRUE,0,50,FALSE,0,0,0,0,FALSE,FALSE,0.52,0,1,nonhybrid_Salmon=24; nonhybrid_Trout=26
234,snps_5_sample_50_pop_1_ind_0.001,4,5,50,1,0.001,0.001,0.05,0.04879437180296864,TRUE,0,50,FALSE,0,0,0,0,FALSE,FALSE,0.64,0,1,nonhybrid_Salmon=18; nonhybrid_Trout=32
235,snps_5_sample_50_pop_1_ind_0.001,5,5,50,1,0.001,0.001,0.05,0.04879437180296864,TRUE,0,50,FALSE,0,0,0,0,FALSE,FALSE,0.6,0,1,nonhybrid_Salmon=20; nonhybrid_Trout=30
236,snps_5_sample_50_pop_1_ind_0.001,6,5,50,1,0.001,0.001,0.05,0.04879437180296864,TRUE,0,50,FALSE,0,0,0,0,FALSE,FALSE,0.58,0,1,nonhybrid_Salmon=21; nonhybrid_Trout=29
237,snps_5_sample_50_pop_1_ind_0.001,7,5,50,1,0.001,0.001,0.05,0.04879437180296864,TRUE,0,50,FALSE,0,0,0,0,FALSE,FALSE,0.5,0,1,nonhybrid_Salmon=25; nonhybrid_Trout=25
238,snps_5_sample_50_pop_1_ind_0.001,8,5,50,1,0.001,0.001,0.05,0.04879437180296864,TRUE,0,50,FALSE,0,0,0,0,FALSE,FALSE,0.5,0,1,nonhybrid_Salmon=25; nonhybrid_Trout=25
239,snps_5_sample_50_pop_1_ind_0.001,9,5,50,1,0.001,0.001,0.05,0.04879437180296864,TRUE,0,50,FALSE,0,0,0,0,FALSE,FALSE,0.34,0,1,nonhybrid_Salmon=33; nonhybrid_Trout=17
240,snps_5_sample_50_pop_1_ind_0.001,10,5,50,1,0.001,0.001,0.05,0.04879437180296864,TRUE,0,50,FALSE,0,0,0,0,FALSE,FALSE,0.44,0,1,nonhybrid_Salmon=28; nonhybrid_Trout=22
241,snps_5_sample_50_pop_1_ind_0.005,1,5,50,1,0.005,0.005,0.25,0.22168744293135811,TRUE,1,49,TRUE,0,0,0,1,FALSE,FALSE,0.42,0,1,BC2_to_Salmon=1; nonhybrid_Salmon=28; nonhybrid_Trout=21
242,snps_5_sample_50_pop_1_ind_0.005,2,5,50,1,0.005,0.005,0.25,0.22168744293135811,TRUE,2,48,TRUE,2,2,0,0,TRUE,FALSE,0.432,0,1,BC2_to_Trout=2; nonhybrid_Salmon=28; nonhybrid_Trout=20
243,snps_5_sample_50_pop_1_ind_0.005,3,5,50,1,0.005,0.005,0.25,0.22168744293135811,TRUE,0,50,FALSE,0,0,0,0,FALSE,FALSE,0.48,0,1,nonhybrid_Salmon=26; nonhybrid_Trout=24
244,snps_5_sample_50_pop_1_ind_0.005,4,5,50,1,0.005,0.005,0.25,0.22168744293135811,TRUE,0,50,FALSE,0,0,0,0,FALSE,FALSE,0.48,0,1,nonhybrid_Salmon=26; nonhybrid_Trout=24
245,snps_5_sample_50_pop_1_ind_0.005,5,5,50,1,0.005,0.005,0.25,0.22168744293135811,TRUE,0,50,FALSE,0,0,0,0,FALSE,FALSE,0.4,0,1,nonhybrid_Salmon=30; nonhybrid_Trout=20
246,snps_5_sample_50_pop_1_ind_0.005,6,5,50,1,0.005,0.005,0.25,0.22168744293135811,TRUE,1,49,TRUE,1,1,0,0,TRUE,FALSE,0.322,0,1,BC3_to_Salmon=1; nonhybrid_Salmon=33; nonhybrid_Trout=16
247,snps_5_sample_50_pop_1_ind_0.005,7,5,50,1,0.005,0.005,0.25,0.22168744293135811,TRUE,1,49,TRUE,1,1,0,0,TRUE,FALSE,0.59,0,1,F1=1; nonhybrid_Salmon=20; nonhybrid_Trout=29
248,snps_5_sample_50_pop_1_ind_0.005,8,5,50,1,0.005,0.005,0.25,0.22168744293135811,TRUE,0,50,FALSE,0,0,0,0,FALSE,FALSE,0.46,0,1,nonhybrid_Salmon=27; nonhybrid_Trout=23
249,snps_5_sample_50_pop_1_ind_0.005,9,5,50,1,0.005,0.005,0.25,0.22168744293135811,TRUE,0,50,FALSE,0,0,0,0,FALSE,FALSE,0.4,0,1,nonhybrid_Salmon=30; nonhybrid_Trout=20
250,snps_5_sample_50_pop_1_ind_0.005,10,5,50,1,0.005,0.005,0.25,0.22168744293135811,TRUE,1,49,TRUE,0,0,0,1,FALSE,FALSE,0.4,0,1,BC3_to_Trout=1; nonhybrid_Salmon=30; nonhybrid_Trout=19
251,snps_5_sample_50_pop_1_ind_0.01,1,5,50,1,0.01,0.01,0.5,0.39499393286246365,TRUE,2,48,TRUE,2,2,0,0,TRUE,FALSE,0.482,0,1,BC1_to_Trout=1; F2=1; nonhybrid_Salmon=25; nonhybrid_Trout=23
252,snps_5_sample_50_pop_1_ind_0.01,2,5,50,1,0.01,0.01,0.5,0.39499393286246365,TRUE,0,50,FALSE,0,0,0,0,FALSE,FALSE,0.56,0,1,nonhybrid_Salmon=22; nonhybrid_Trout=28
253,snps_5_sample_50_pop_1_ind_0.01,3,5,50,1,0.01,0.01,0.5,0.39499393286246365,TRUE,1,49,TRUE,0,0,0,1,FALSE,FALSE,0.54,0,1,BC2_to_Salmon=1; nonhybrid_Salmon=22; nonhybrid_Trout=27
254,snps_5_sample_50_pop_1_ind_0.01,4,5,50,1,0.01,0.01,0.5,0.39499393286246365,TRUE,1,49,TRUE,1,1,0,0,TRUE,FALSE,0.594,0,1,BC2_to_Trout=1; nonhybrid_Salmon=20; nonhybrid_Trout=29
255,snps_5_sample_50_pop_1_ind_0.01,5,5,50,1,0.01,0.01,0.5,0.39499393286246365,TRUE,0,50,FALSE,0,0,0,0,FALSE,FALSE,0.58,0,1,nonhybrid_Salmon=21; nonhybrid_Trout=29
256,snps_5_sample_50_pop_1_ind_0.01,6,5,50,1,0.01,0.01,0.5,0.39499393286246365,TRUE,1,49,TRUE,1,1,0,0,TRUE,FALSE,0.496,0,1,BC1_to_Trout=1; nonhybrid_Salmon=25; nonhybrid_Trout=24
257,snps_5_sample_50_pop_1_ind_0.01,7,5,50,1,0.01,0.01,0.5,0.39499393286246365,TRUE,0,50,FALSE,0,0,0,0,FALSE,FALSE,0.6,0,1,nonhybrid_Salmon=20; nonhybrid_Trout=30
258,snps_5_sample_50_pop_1_ind_0.01,8,5,50,1,0.01,0.01,0.5,0.39499393286246365,TRUE,1,49,TRUE,1,1,0,0,TRUE,FALSE,0.552,0,1,F2=1; nonhybrid_Salmon=22; nonhybrid_Trout=27
259,snps_5_sample_50_pop_1_ind_0.01,9,5,50,1,0.01,0.01,0.5,0.39499393286246365,TRUE,1,49,TRUE,1,1,0,0,TRUE,FALSE,0.35,0,1,F2=1; nonhybrid_Salmon=32; nonhybrid_Trout=17
260,snps_5_sample_50_pop_1_ind_0.01,10,5,50,1,0.01,0.01,0.5,0.39499393286246365,TRUE,0,50,FALSE,0,0,0,0,FALSE,FALSE,0.56,0,1,nonhybrid_Salmon=22; nonhybrid_Trout=28
261,snps_5_sample_50_pop_1_ind_0.025,1,5,50,1,0.025,0.025,1.25,0.718011897659083,TRUE,2,48,TRUE,2,2,0,0,TRUE,FALSE,0.592,0,1,BC3_to_Salmon=1; F1=1; nonhybrid_Salmon=19; nonhybrid_Trout=29
262,snps_5_sample_50_pop_1_ind_0.025,2,5,50,1,0.025,0.025,1.25,0.718011897659083,TRUE,2,48,TRUE,2,2,0,0,TRUE,FALSE,0.584,0,1,BC1_to_Trout=1; F1=1; nonhybrid_Salmon=20; nonhybrid_Trout=28
263,snps_5_sample_50_pop_1_ind_0.025,3,5,50,1,0.025,0.025,1.25,0.718011897659083,TRUE,2,48,TRUE,2,2,0,0,TRUE,FALSE,0.468,0,1,BC1_to_Salmon=1; F2=1; nonhybrid_Salmon=26; nonhybrid_Trout=22
264,snps_5_sample_50_pop_1_ind_0.025,4,5,50,1,0.025,0.025,1.25,0.718011897659083,TRUE,0,50,FALSE,0,0,0,0,FALSE,FALSE,0.48,0,1,nonhybrid_Salmon=26; nonhybrid_Trout=24
265,snps_5_sample_50_pop_1_ind_0.025,5,5,50,1,0.025,0.025,1.25,0.718011897659083,TRUE,2,48,TRUE,2,2,0,0,TRUE,FALSE,0.434,0,1,BC3_to_Salmon=1; F2=1; nonhybrid_Salmon=27; nonhybrid_Trout=21
266,snps_5_sample_50_pop_1_ind_0.025,6,5,50,1,0.025,0.025,1.25,0.718011897659083,TRUE,0,50,FALSE,0,0,0,0,FALSE,FALSE,0.4,0,1,nonhybrid_Salmon=30; nonhybrid_Trout=20
267,snps_5_sample_50_pop_1_ind_0.025,7,5,50,1,0.025,0.025,1.25,0.718011897659083,TRUE,2,48,TRUE,1,1,0,1,TRUE,FALSE,0.472,0,1,BC1_to_Trout=1; BC3_to_Trout=1; nonhybrid_Salmon=26; nonhybrid_Trout=22
268,snps_5_sample_50_pop_1_ind_0.025,8,5,50,1,0.025,0.025,1.25,0.718011897659083,TRUE,1,49,TRUE,0,0,0,1,FALSE,FALSE,0.52,0,1,BC2_to_Trout=1; nonhybrid_Salmon=24; nonhybrid_Trout=25
269,snps_5_sample_50_pop_1_ind_0.025,9,5,50,1,0.025,0.025,1.25,0.718011897659083,TRUE,0,50,FALSE,0,0,0,0,FALSE,FALSE,0.52,0,1,nonhybrid_Salmon=24; nonhybrid_Trout=26
270,snps_5_sample_50_pop_1_ind_0.025,10,5,50,1,0.025,0.025,1.25,0.718011897659083,TRUE,4,46,TRUE,2,2,0,2,TRUE,FALSE,0.378,0,1,BC1_to_Salmon=1; BC1_to_Trout=1; BC2_to_Salmon=1; BC2_to_Trout=1; nonhybrid_Salmon=29; nonhybrid_Trout=17
271,snps_5_sample_50_pop_1_ind_0.05,1,5,50,1,0.05,0.05,2.5,0.9230550247232868,TRUE,1,49,TRUE,1,1,0,0,TRUE,FALSE,0.486,0,1,BC1_to_Salmon=1; nonhybrid_Salmon=25; nonhybrid_Trout=24
272,snps_5_sample_50_pop_1_ind_0.05,2,5,50,1,0.05,0.05,2.5,0.9230550247232868,TRUE,2,48,TRUE,2,2,0,0,TRUE,FALSE,0.488,0,1,BC1_to_Salmon=1; BC2_to_Salmon=1; nonhybrid_Salmon=24; nonhybrid_Trout=24
273,snps_5_sample_50_pop_1_ind_0.05,3,5,50,1,0.05,0.05,2.5,0.9230550247232868,TRUE,2,48,TRUE,2,2,0,0,TRUE,FALSE,0.404,0,1,BC2_to_Salmon=2; nonhybrid_Salmon=28; nonhybrid_Trout=20
274,snps_5_sample_50_pop_1_ind_0.05,4,5,50,1,0.05,0.05,2.5,0.9230550247232868,TRUE,2,48,TRUE,2,2,0,0,TRUE,FALSE,0.428,0,1,BC2_to_Trout=1; F1=1; nonhybrid_Salmon=28; nonhybrid_Trout=20
275,snps_5_sample_50_pop_1_ind_0.05,5,5,50,1,0.05,0.05,2.5,0.9230550247232868,TRUE,0,50,FALSE,0,0,0,0,FALSE,FALSE,0.66,0,1,nonhybrid_Salmon=17; nonhybrid_Trout=33
276,snps_5_sample_50_pop_1_ind_0.05,6,5,50,1,0.05,0.05,2.5,0.9230550247232868,TRUE,2,48,TRUE,2,2,0,0,TRUE,FALSE,0.55,0,1,BC3_to_Salmon=1; F2=1; nonhybrid_Salmon=21; nonhybrid_Trout=27
277,snps_5_sample_50_pop_1_ind_0.05,7,5,50,1,0.05,0.05,2.5,0.9230550247232868,TRUE,1,49,TRUE,1,1,0,0,TRUE,FALSE,0.616,0,1,BC2_to_Trout=1; nonhybrid_Salmon=19; nonhybrid_Trout=30
278,snps_5_sample_50_pop_1_ind_0.05,8,5,50,1,0.05,0.05,2.5,0.9230550247232868,TRUE,2,48,TRUE,2,2,0,0,TRUE,FALSE,0.532,0,1,BC2_to_Salmon=1; F1=1; nonhybrid_Salmon=22; nonhybrid_Trout=26
279,snps_5_sample_50_pop_1_ind_0.05,9,5,50,1,0.05,0.05,2.5,0.9230550247232868,TRUE,2,48,TRUE,2,2,0,0,TRUE,FALSE,0.58,0,1,F1=2; nonhybrid_Salmon=20; nonhybrid_Trout=28
280,snps_5_sample_50_pop_1_ind_0.05,10,5,50,1,0.05,0.05,2.5,0.9230550247232868,TRUE,2,48,TRUE,2,2,0,0,TRUE,FALSE,0.486,0,1,BC2_to_Salmon=1; BC3_to_Salmon=1; nonhybrid_Salmon=24; nonhybrid_Trout=24
281,snps_5_sample_50_pop_1_ind_0.1,1,5,50,1,0.1,0.1,5,0.9948462247926799,TRUE,9,41,TRUE,8,8,0,1,TRUE,FALSE,0.59,0,1,BC1_to_Salmon=1; BC2_to_Salmon=5; F1=2; F2=1; nonhybrid_Salmon=14; nonhybrid_Trout=27
282,snps_5_sample_50_pop_1_ind_0.1,2,5,50,1,0.1,0.1,5,0.9948462247926799,TRUE,7,43,TRUE,5,5,0,2,TRUE,FALSE,0.558,0,1,BC1_to_Salmon=2; BC2_to_Salmon=1; BC3_to_Trout=1; F1=3; nonhybrid_Salmon=18; nonhybrid_Trout=25
283,snps_5_sample_50_pop_1_ind_0.1,3,5,50,1,0.1,0.1,5,0.9948462247926799,TRUE,4,46,TRUE,4,4,0,0,TRUE,FALSE,0.552,0,1,BC1_to_Trout=1; BC3_to_Trout=1; F2=2; nonhybrid_Salmon=21; nonhybrid_Trout=25
284,snps_5_sample_50_pop_1_ind_0.1,4,5,50,1,0.1,0.1,5,0.9948462247926799,TRUE,6,44,TRUE,5,5,0,1,TRUE,FALSE,0.498,0,1,BC1_to_Salmon=1; BC2_to_Salmon=1; BC2_to_Trout=1; BC3_to_Trout=1; F1=2; nonhybrid_Salmon=22; nonhybrid_Trout=22
285,snps_5_sample_50_pop_1_ind_0.1,5,5,50,1,0.1,0.1,5,0.9948462247926799,TRUE,2,48,TRUE,2,2,0,0,TRUE,FALSE,0.534,0,1,BC1_to_Trout=1; BC2_to_Trout=1; nonhybrid_Salmon=23; nonhybrid_Trout=25
286,snps_5_sample_50_pop_1_ind_0.1,6,5,50,1,0.1,0.1,5,0.9948462247926799,TRUE,6,44,TRUE,4,4,0,2,TRUE,FALSE,0.484,0,1,BC1_to_Salmon=1; BC2_to_Salmon=1; BC2_to_Trout=1; BC3_to_Salmon=2; BC3_to_Trout=1; nonhybrid_Salmon=22; nonhybrid_Trout=22
287,snps_5_sample_50_pop_1_ind_0.1,7,5,50,1,0.1,0.1,5,0.9948462247926799,TRUE,2,48,TRUE,2,2,0,0,TRUE,FALSE,0.47,0,1,BC2_to_Trout=1; F2=1; nonhybrid_Salmon=26; nonhybrid_Trout=22
288,snps_5_sample_50_pop_1_ind_0.1,8,5,50,1,0.1,0.1,5,0.9948462247926799,TRUE,3,47,TRUE,3,3,0,0,TRUE,FALSE,0.482,0,1,BC3_to_Salmon=1; F1=2; nonhybrid_Salmon=24; nonhybrid_Trout=23
289,snps_5_sample_50_pop_1_ind_0.1,9,5,50,1,0.1,0.1,5,0.9948462247926799,TRUE,9,41,TRUE,8,8,0,1,TRUE,FALSE,0.508,0,1,BC1_to_Salmon=1; BC1_to_Trout=2; BC3_to_Salmon=1; BC3_to_Trout=2; F1=1; F2=2; nonhybrid_Salmon=20; nonhybrid_Trout=21
290,snps_5_sample_50_pop_1_ind_0.1,10,5,50,1,0.1,0.1,5,0.9948462247926799,TRUE,6,44,TRUE,4,4,0,2,TRUE,FALSE,0.492,0,1,BC2_to_Trout=1; BC3_to_Salmon=1; BC3_to_Trout=1; F1=1; F2=2; nonhybrid_Salmon=23; nonhybrid_Trout=21
291,snps_5_sample_50_pop_1_ind_0.25,1,5,50,1,0.25,0.25,12.5,0.9999994336783435,TRUE,14,36,TRUE,11,11,0,3,TRUE,FALSE,0.466,0,1,BC1_to_Salmon=3; BC1_to_Trout=4; BC2_to_Trout=2; BC3_to_Salmon=1; BC3_to_Trout=1; F1=1; F2=2; nonhybrid_Salmon=21; nonhybrid_Trout=15
292,snps_5_sample_50_pop_1_ind_0.25,2,5,50,1,0.25,0.25,12.5,0.9999994336783435,TRUE,12,38,TRUE,9,9,0,3,TRUE,FALSE,0.362,0,1,BC1_to_Salmon=1; BC1_to_Trout=2; BC2_to_Salmon=3; BC3_to_Salmon=2; BC3_to_Trout=1; F1=2; F2=1; nonhybrid_Salmon=24; nonhybrid_Trout=14
293,snps_5_sample_50_pop_1_ind_0.25,3,5,50,1,0.25,0.25,12.5,0.9999994336783435,TRUE,6,44,TRUE,4,4,0,2,TRUE,FALSE,0.388,0,1,BC1_to_Salmon=1; BC1_to_Trout=1; BC2_to_Salmon=1; BC2_to_Trout=1; BC3_to_Trout=1; F1=1; nonhybrid_Salmon=28; nonhybrid_Trout=16
294,snps_5_sample_50_pop_1_ind_0.25,4,5,50,1,0.25,0.25,12.5,0.9999994336783435,TRUE,8,42,TRUE,8,8,0,0,TRUE,FALSE,0.48,0,1,BC1_to_Trout=2; BC3_to_Salmon=2; BC3_to_Trout=1; F1=2; F2=1; nonhybrid_Salmon=22; nonhybrid_Trout=20
295,snps_5_sample_50_pop_1_ind_0.25,5,5,50,1,0.25,0.25,12.5,0.9999994336783435,TRUE,16,34,TRUE,14,14,0,2,TRUE,FALSE,0.656,0,1,BC1_to_Salmon=2; BC2_to_Salmon=4; BC2_to_Trout=3; BC3_to_Trout=4; F2=3; nonhybrid_Salmon=10; nonhybrid_Trout=24
296,snps_5_sample_50_pop_1_ind_0.25,6,5,50,1,0.25,0.25,12.5,0.9999994336783435,TRUE,10,40,TRUE,8,8,0,2,TRUE,FALSE,0.53,0,1,BC1_to_Salmon=1; BC2_to_Trout=3; BC3_to_Salmon=2; F1=2; F2=2; nonhybrid_Salmon=19; nonhybrid_Trout=21
297,snps_5_sample_50_pop_1_ind_0.25,7,5,50,1,0.25,0.25,12.5,0.9999994336783435,TRUE,12,38,TRUE,11,11,0,1,TRUE,FALSE,0.512,0,1,BC1_to_Salmon=3; BC1_to_Trout=2; BC2_to_Salmon=1; BC2_to_Trout=1; BC3_to_Salmon=1; F1=3; F2=1; nonhybrid_Salmon=18; nonhybrid_Trout=20
298,snps_5_sample_50_pop_1_ind_0.25,8,5,50,1,0.25,0.25,12.5,0.9999994336783435,TRUE,11,39,TRUE,6,6,0,5,TRUE,FALSE,0.51,0,1,BC1_to_Salmon=2; BC2_to_Salmon=2; BC2_to_Trout=2; BC3_to_Trout=3; F1=2; nonhybrid_Salmon=20; nonhybrid_Trout=19
299,snps_5_sample_50_pop_1_ind_0.25,9,5,50,1,0.25,0.25,12.5,0.9999994336783435,TRUE,12,38,TRUE,11,11,0,1,TRUE,FALSE,0.66,0,1,BC1_to_Salmon=5; BC1_to_Trout=2; BC2_to_Salmon=1; BC3_to_Salmon=1; BC3_to_Trout=1; F1=2; nonhybrid_Salmon=10; nonhybrid_Trout=28
300,snps_5_sample_50_pop_1_ind_0.25,10,5,50,1,0.25,0.25,12.5,0.9999994336783435,TRUE,13,37,TRUE,12,12,0,1,TRUE,FALSE,0.59,0,1,BC1_to_Salmon=3; BC1_to_Trout=2; BC2_to_Salmon=3; BC2_to_Trout=2; BC3_to_Salmon=2; F2=1; nonhybrid_Salmon=13; nonhybrid_Trout=24
301,snps_5_sample_50_pop_1_ind_0.5,1,5,50,1,0.5,0.5,25,0.9999999999999991,TRUE,24,26,TRUE,23,23,0,1,TRUE,FALSE,0.456,0,1,BC1_to_Salmon=5; BC1_to_Trout=2; BC2_to_Salmon=7; BC2_to_Trout=1; BC3_to_Trout=2; F1=3; F2=4; nonhybrid_Salmon=13; nonhybrid_Trout=13
302,snps_5_sample_50_pop_1_ind_0.5,2,5,50,1,0.5,0.5,25,0.9999999999999991,TRUE,31,19,TRUE,26,26,0,5,TRUE,FALSE,0.494,0,1,BC1_to_Salmon=3; BC1_to_Trout=1; BC2_to_Salmon=3; BC2_to_Trout=2; BC3_to_Salmon=4; BC3_to_Trout=9; F1=5; F2=4; nonhybrid_Salmon=10; nonhybrid_Trout=9
303,snps_5_sample_50_pop_1_ind_0.5,3,5,50,1,0.5,0.5,25,0.9999999999999991,TRUE,26,24,TRUE,20,20,0,6,TRUE,FALSE,0.5680000000000001,0,1,BC1_to_Trout=3; BC2_to_Salmon=5; BC2_to_Trout=3; BC3_to_Salmon=1; BC3_to_Trout=8; F1=3; F2=3; nonhybrid_Salmon=12; nonhybrid_Trout=12
304,snps_5_sample_50_pop_1_ind_0.5,4,5,50,1,0.5,0.5,25,0.9999999999999991,TRUE,20,30,TRUE,17,17,0,3,TRUE,FALSE,0.566,0,1,BC1_to_Trout=4; BC2_to_Salmon=3; BC2_to_Trout=3; BC3_to_Salmon=2; BC3_to_Trout=3; F1=2; F2=3; nonhybrid_Salmon=13; nonhybrid_Trout=17
305,snps_5_sample_50_pop_1_ind_0.5,5,5,50,1,0.5,0.5,25,0.9999999999999991,TRUE,24,26,TRUE,21,21,0,3,TRUE,FALSE,0.518,0,1,BC1_to_Salmon=3; BC1_to_Trout=5; BC2_to_Salmon=4; BC2_to_Trout=3; BC3_to_Salmon=2; BC3_to_Trout=2; F1=3; F2=2; nonhybrid_Salmon=12; nonhybrid_Trout=14
306,snps_5_sample_50_pop_1_ind_0.5,6,5,50,1,0.5,0.5,25,0.9999999999999991,TRUE,25,25,TRUE,16,16,0,9,TRUE,FALSE,0.502,0,1,BC1_to_Salmon=2; BC1_to_Trout=3; BC2_to_Salmon=1; BC2_to_Trout=6; BC3_to_Salmon=7; BC3_to_Trout=2; F1=4; nonhybrid_Salmon=13; nonhybrid_Trout=12
307,snps_5_sample_50_pop_1_ind_0.5,7,5,50,1,0.5,0.5,25,0.9999999999999991,TRUE,34,16,TRUE,34,34,0,0,TRUE,FALSE,0.492,0,1,BC1_to_Salmon=3; BC1_to_Trout=2; BC2_to_Salmon=4; BC2_to_Trout=4; BC3_to_Salmon=2; BC3_to_Trout=2; F1=9; F2=8; nonhybrid_Salmon=9; nonhybrid_Trout=7
308,snps_5_sample_50_pop_1_ind_0.5,8,5,50,1,0.5,0.5,25,0.9999999999999991,TRUE,17,33,TRUE,14,14,0,3,TRUE,FALSE,0.362,0,1,BC1_to_Salmon=2; BC2_to_Salmon=3; BC2_to_Trout=1; BC3_to_Salmon=2; BC3_to_Trout=2; F1=1; F2=6; nonhybrid_Salmon=22; nonhybrid_Trout=11
309,snps_5_sample_50_pop_1_ind_0.5,9,5,50,1,0.5,0.5,25,0.9999999999999991,TRUE,22,28,TRUE,19,19,0,3,TRUE,FALSE,0.602,0,1,BC1_to_Salmon=3; BC1_to_Trout=2; BC2_to_Salmon=2; BC2_to_Trout=1; BC3_to_Salmon=3; BC3_to_Trout=5; F1=4; F2=2; nonhybrid_Salmon=9; nonhybrid_Trout=19
310,snps_5_sample_50_pop_1_ind_0.5,10,5,50,1,0.5,0.5,25,0.9999999999999991,TRUE,21,29,TRUE,17,17,0,4,TRUE,FALSE,0.448,0,1,BC1_to_Salmon=5; BC1_to_Trout=2; BC2_to_Salmon=2; BC2_to_Trout=3; BC3_to_Salmon=2; BC3_to_Trout=3; F1=3; F2=1; nonhybrid_Salmon=17; nonhybrid_Trout=12
311,snps_5_sample_50_pop_1_ind_0.75,1,5,50,1,0.75,0.75,37.5,1,TRUE,42,8,TRUE,32,32,0,10,TRUE,FALSE,0.488,0,1,BC1_to_Salmon=6; BC1_to_Trout=5; BC2_to_Salmon=5; BC2_to_Trout=3; BC3_to_Salmon=6; BC3_to_Trout=6; F1=5; F2=6; nonhybrid_Salmon=4; nonhybrid_Trout=4
312,snps_5_sample_50_pop_1_ind_0.75,2,5,50,1,0.75,0.75,37.5,1,TRUE,38,12,TRUE,28,28,0,10,TRUE,FALSE,0.57,0,1,BC1_to_Salmon=3; BC1_to_Trout=6; BC2_to_Salmon=4; BC2_to_Trout=4; BC3_to_Salmon=6; BC3_to_Trout=7; F1=2; F2=6; nonhybrid_Salmon=4; nonhybrid_Trout=8
313,snps_5_sample_50_pop_1_ind_0.75,3,5,50,1,0.75,0.75,37.5,1,TRUE,34,16,TRUE,23,23,0,11,TRUE,FALSE,0.51,0,1,BC1_to_Salmon=4; BC1_to_Trout=2; BC2_to_Salmon=2; BC2_to_Trout=1; BC3_to_Salmon=5; BC3_to_Trout=11; F1=5; F2=4; nonhybrid_Salmon=9; nonhybrid_Trout=7
314,snps_5_sample_50_pop_1_ind_0.75,4,5,50,1,0.75,0.75,37.5,1,TRUE,37,13,TRUE,31,31,0,6,TRUE,FALSE,0.478,0,1,BC1_to_Salmon=10; BC1_to_Trout=2; BC2_to_Salmon=4; BC2_to_Trout=8; BC3_to_Salmon=4; BC3_to_Trout=1; F1=6; F2=2; nonhybrid_Salmon=6; nonhybrid_Trout=7
315,snps_5_sample_50_pop_1_ind_0.75,5,5,50,1,0.75,0.75,37.5,1,TRUE,40,10,TRUE,30,30,0,10,TRUE,FALSE,0.558,0,1,BC1_to_Salmon=7; BC1_to_Trout=4; BC2_to_Salmon=1; BC2_to_Trout=7; BC3_to_Salmon=5; BC3_to_Trout=5; F1=6; F2=5; nonhybrid_Salmon=4; nonhybrid_Trout=6
316,snps_5_sample_50_pop_1_ind_0.75,6,5,50,1,0.75,0.75,37.5,1,TRUE,38,12,TRUE,34,34,0,4,TRUE,FALSE,0.494,0,1,BC1_to_Salmon=5; BC1_to_Trout=7; BC2_to_Salmon=7; BC2_to_Trout=3; BC3_to_Salmon=5; BC3_to_Trout=2; F1=7; F2=2; nonhybrid_Salmon=5; nonhybrid_Trout=7
317,snps_5_sample_50_pop_1_ind_0.75,7,5,50,1,0.75,0.75,37.5,1,TRUE,41,9,TRUE,33,33,0,8,TRUE,FALSE,0.488,0,1,BC1_to_Salmon=5; BC1_to_Trout=5; BC2_to_Salmon=7; BC2_to_Trout=5; BC3_to_Salmon=4; BC3_to_Trout=8; F1=4; F2=3; nonhybrid_Salmon=7; nonhybrid_Trout=2
318,snps_5_sample_50_pop_1_ind_0.75,8,5,50,1,0.75,0.75,37.5,1,TRUE,40,10,TRUE,34,34,0,6,TRUE,FALSE,0.444,0,1,BC1_to_Salmon=9; BC1_to_Trout=4; BC2_to_Salmon=6; BC2_to_Trout=4; BC3_to_Salmon=5; BC3_to_Trout=4; F1=2; F2=6; nonhybrid_Salmon=6; nonhybrid_Trout=4
319,snps_5_sample_50_pop_1_ind_0.75,9,5,50,1,0.75,0.75,37.5,1,TRUE,36,14,TRUE,29,29,0,7,TRUE,FALSE,0.422,0,1,BC1_to_Salmon=3; BC1_to_Trout=4; BC2_to_Salmon=4; BC2_to_Trout=5; BC3_to_Salmon=9; BC3_to_Trout=3; F1=4; F2=4; nonhybrid_Salmon=9; nonhybrid_Trout=5
320,snps_5_sample_50_pop_1_ind_0.75,10,5,50,1,0.75,0.75,37.5,1,TRUE,43,7,TRUE,36,36,0,7,TRUE,FALSE,0.476,0,1,BC1_to_Salmon=9; BC1_to_Trout=4; BC2_to_Salmon=7; BC2_to_Trout=6; BC3_to_Salmon=2; BC3_to_Trout=2; F1=7; F2=6; nonhybrid_Salmon=3; nonhybrid_Trout=4
321,snps_5_sample_50_pop_1_ind_1,1,5,50,1,1,1,50,1,TRUE,50,0,TRUE,40,40,0,10,TRUE,FALSE,0.442,0,1,BC1_to_Salmon=1; BC1_to_Trout=9; BC2_to_Salmon=11; BC2_to_Trout=2; BC3_to_Salmon=9; BC3_to_Trout=5; F1=6; F2=7
322,snps_5_sample_50_pop_1_ind_1,2,5,50,1,1,1,50,1,TRUE,50,0,TRUE,44,44,0,6,TRUE,FALSE,0.484,0,1,BC1_to_Salmon=6; BC1_to_Trout=5; BC2_to_Salmon=2; BC2_to_Trout=8; BC3_to_Salmon=9; BC3_to_Trout=3; F1=11; F2=6
323,snps_5_sample_50_pop_1_ind_1,3,5,50,1,1,1,50,1,TRUE,50,0,TRUE,43,43,0,7,TRUE,FALSE,0.446,0,1,BC1_to_Salmon=8; BC1_to_Trout=7; BC2_to_Salmon=8; BC2_to_Trout=5; BC3_to_Salmon=7; BC3_to_Trout=4; F1=7; F2=4
324,snps_5_sample_50_pop_1_ind_1,4,5,50,1,1,1,50,1,TRUE,50,0,TRUE,44,44,0,6,TRUE,FALSE,0.502,0,1,BC1_to_Salmon=5; BC1_to_Trout=4; BC2_to_Salmon=8; BC2_to_Trout=6; BC3_to_Salmon=6; BC3_to_Trout=7; F1=4; F2=10
325,snps_5_sample_50_pop_1_ind_1,5,5,50,1,1,1,50,1,TRUE,50,0,TRUE,39,39,0,11,TRUE,FALSE,0.522,0,1,BC1_to_Salmon=7; BC1_to_Trout=7; BC2_to_Salmon=2; BC2_to_Trout=4; BC3_to_Salmon=9; BC3_to_Trout=8; F1=7; F2=6
326,snps_5_sample_50_pop_1_ind_1,6,5,50,1,1,1,50,1,TRUE,50,0,TRUE,37,37,0,13,TRUE,FALSE,0.444,0,1,BC1_to_Salmon=14; BC1_to_Trout=3; BC2_to_Salmon=7; BC2_to_Trout=3; BC3_to_Salmon=5; BC3_to_Trout=9; F1=5; F2=4
327,snps_5_sample_50_pop_1_ind_1,7,5,50,1,1,1,50,1,TRUE,50,0,TRUE,38,38,0,12,TRUE,FALSE,0.444,0,1,BC1_to_Salmon=11; BC1_to_Trout=4; BC2_to_Salmon=6; BC2_to_Trout=8; BC3_to_Salmon=8; BC3_to_Trout=5; F1=8
328,snps_5_sample_50_pop_1_ind_1,8,5,50,1,1,1,50,1,TRUE,50,0,TRUE,42,42,0,8,TRUE,FALSE,0.454,0,1,BC1_to_Salmon=4; BC1_to_Trout=4; BC2_to_Salmon=8; BC2_to_Trout=4; BC3_to_Salmon=7; BC3_to_Trout=6; F1=13; F2=4
329,snps_5_sample_50_pop_1_ind_1,9,5,50,1,1,1,50,1,TRUE,50,0,TRUE,36,36,0,14,TRUE,FALSE,0.448,0,1,BC1_to_Salmon=8; BC1_to_Trout=9; BC2_to_Salmon=8; BC2_to_Trout=5; BC3_to_Salmon=7; BC3_to_Trout=2; F1=5; F2=6
330,snps_5_sample_50_pop_1_ind_1,10,5,50,1,1,1,50,1,TRUE,50,0,TRUE,42,42,0,8,TRUE,FALSE,0.516,0,1,BC1_to_Salmon=7; BC1_to_Trout=8; BC2_to_Salmon=9; BC2_to_Trout=9; BC3_to_Salmon=6; BC3_to_Trout=6; F1=2; F2=3
331,snps_5_sample_100_pop_1_ind_0,1,5,100,1,0,0,0,0,TRUE,0,100,FALSE,0,0,0,0,FALSE,FALSE,0.46,0,1,nonhybrid_Salmon=54; nonhybrid_Trout=46
332,snps_5_sample_100_pop_1_ind_0,2,5,100,1,0,0,0,0,TRUE,0,100,FALSE,0,0,0,0,FALSE,FALSE,0.45,0,1,nonhybrid_Salmon=55; nonhybrid_Trout=45
333,snps_5_sample_100_pop_1_ind_0,3,5,100,1,0,0,0,0,TRUE,0,100,FALSE,0,0,0,0,FALSE,FALSE,0.43,0,1,nonhybrid_Salmon=57; nonhybrid_Trout=43
334,snps_5_sample_100_pop_1_ind_0,4,5,100,1,0,0,0,0,TRUE,0,100,FALSE,0,0,0,0,FALSE,FALSE,0.51,0,1,nonhybrid_Salmon=49; nonhybrid_Trout=51
335,snps_5_sample_100_pop_1_ind_0,5,5,100,1,0,0,0,0,TRUE,0,100,FALSE,0,0,0,0,FALSE,FALSE,0.46,0,1,nonhybrid_Salmon=54; nonhybrid_Trout=46
336,snps_5_sample_100_pop_1_ind_0,6,5,100,1,0,0,0,0,TRUE,0,100,FALSE,0,0,0,0,FALSE,FALSE,0.45,0,1,nonhybrid_Salmon=55; nonhybrid_Trout=45
337,snps_5_sample_100_pop_1_ind_0,7,5,100,1,0,0,0,0,TRUE,0,100,FALSE,0,0,0,0,FALSE,FALSE,0.54,0,1,nonhybrid_Salmon=46; nonhybrid_Trout=54
338,snps_5_sample_100_pop_1_ind_0,8,5,100,1,0,0,0,0,TRUE,0,100,FALSE,0,0,0,0,FALSE,FALSE,0.45,0,1,nonhybrid_Salmon=55; nonhybrid_Trout=45
339,snps_5_sample_100_pop_1_ind_0,9,5,100,1,0,0,0,0,TRUE,0,100,FALSE,0,0,0,0,FALSE,FALSE,0.51,0,1,nonhybrid_Salmon=49; nonhybrid_Trout=51
340,snps_5_sample_100_pop_1_ind_0,10,5,100,1,0,0,0,0,TRUE,0,100,FALSE,0,0,0,0,FALSE,FALSE,0.58,0,1,nonhybrid_Salmon=42; nonhybrid_Trout=58
341,snps_5_sample_100_pop_1_ind_0.001,1,5,100,1,0.001,0.001,0.1,0.09520785288629108,TRUE,0,100,FALSE,0,0,0,0,FALSE,FALSE,0.43,0,1,nonhybrid_Salmon=57; nonhybrid_Trout=43
342,snps_5_sample_100_pop_1_ind_0.001,2,5,100,1,0.001,0.001,0.1,0.09520785288629108,TRUE,0,100,FALSE,0,0,0,0,FALSE,FALSE,0.47,0,1,nonhybrid_Salmon=53; nonhybrid_Trout=47
343,snps_5_sample_100_pop_1_ind_0.001,3,5,100,1,0.001,0.001,0.1,0.09520785288629108,TRUE,0,100,FALSE,0,0,0,0,FALSE,FALSE,0.49,0,1,nonhybrid_Salmon=51; nonhybrid_Trout=49
344,snps_5_sample_100_pop_1_ind_0.001,4,5,100,1,0.001,0.001,0.1,0.09520785288629108,TRUE,0,100,FALSE,0,0,0,0,FALSE,FALSE,0.53,0,1,nonhybrid_Salmon=47; nonhybrid_Trout=53
345,snps_5_sample_100_pop_1_ind_0.001,5,5,100,1,0.001,0.001,0.1,0.09520785288629108,TRUE,0,100,FALSE,0,0,0,0,FALSE,FALSE,0.48,0,1,nonhybrid_Salmon=52; nonhybrid_Trout=48
346,snps_5_sample_100_pop_1_ind_0.001,6,5,100,1,0.001,0.001,0.1,0.09520785288629108,TRUE,0,100,FALSE,0,0,0,0,FALSE,FALSE,0.49,0,1,nonhybrid_Salmon=51; nonhybrid_Trout=49
347,snps_5_sample_100_pop_1_ind_0.001,7,5,100,1,0.001,0.001,0.1,0.09520785288629108,TRUE,0,100,FALSE,0,0,0,0,FALSE,FALSE,0.58,0,1,nonhybrid_Salmon=42; nonhybrid_Trout=58
348,snps_5_sample_100_pop_1_ind_0.001,8,5,100,1,0.001,0.001,0.1,0.09520785288629108,TRUE,0,100,FALSE,0,0,0,0,FALSE,FALSE,0.51,0,1,nonhybrid_Salmon=49; nonhybrid_Trout=51
349,snps_5_sample_100_pop_1_ind_0.001,9,5,100,1,0.001,0.001,0.1,0.09520785288629108,TRUE,0,100,FALSE,0,0,0,0,FALSE,FALSE,0.43,0,1,nonhybrid_Salmon=57; nonhybrid_Trout=43
350,snps_5_sample_100_pop_1_ind_0.001,10,5,100,1,0.001,0.001,0.1,0.09520785288629108,TRUE,0,100,FALSE,0,0,0,0,FALSE,FALSE,0.5,0,1,nonhybrid_Salmon=50; nonhybrid_Trout=50
351,snps_5_sample_100_pop_1_ind_0.005,1,5,100,1,0.005,0.005,0.5,0.3942295635092721,TRUE,0,100,FALSE,0,0,0,0,FALSE,FALSE,0.55,0,1,nonhybrid_Salmon=45; nonhybrid_Trout=55
352,snps_5_sample_100_pop_1_ind_0.005,2,5,100,1,0.005,0.005,0.5,0.3942295635092721,TRUE,0,100,FALSE,0,0,0,0,FALSE,FALSE,0.36,0,1,nonhybrid_Salmon=64; nonhybrid_Trout=36
353,snps_5_sample_100_pop_1_ind_0.005,3,5,100,1,0.005,0.005,0.5,0.3942295635092721,TRUE,0,100,FALSE,0,0,0,0,FALSE,FALSE,0.54,0,1,nonhybrid_Salmon=46; nonhybrid_Trout=54
354,snps_5_sample_100_pop_1_ind_0.005,4,5,100,1,0.005,0.005,0.5,0.3942295635092721,TRUE,0,100,FALSE,0,0,0,0,FALSE,FALSE,0.51,0,1,nonhybrid_Salmon=49; nonhybrid_Trout=51
355,snps_5_sample_100_pop_1_ind_0.005,5,5,100,1,0.005,0.005,0.5,0.3942295635092721,TRUE,1,99,TRUE,1,1,0,0,TRUE,FALSE,0.497,0,1,BC1_to_Trout=1; nonhybrid_Salmon=50; nonhybrid_Trout=49
356,snps_5_sample_100_pop_1_ind_0.005,6,5,100,1,0.005,0.005,0.5,0.3942295635092721,TRUE,1,99,TRUE,1,1,0,0,TRUE,FALSE,0.497,0,1,BC2_to_Trout=1; nonhybrid_Salmon=50; nonhybrid_Trout=49
357,snps_5_sample_100_pop_1_ind_0.005,7,5,100,1,0.005,0.005,0.5,0.3942295635092721,TRUE,0,100,FALSE,0,0,0,0,FALSE,FALSE,0.53,0,1,nonhybrid_Salmon=47; nonhybrid_Trout=53
358,snps_5_sample_100_pop_1_ind_0.005,8,5,100,1,0.005,0.005,0.5,0.3942295635092721,TRUE,1,99,TRUE,0,0,0,1,FALSE,FALSE,0.41,0,1,BC3_to_Salmon=1; nonhybrid_Salmon=58; nonhybrid_Trout=41
359,snps_5_sample_100_pop_1_ind_0.005,9,5,100,1,0.005,0.005,0.5,0.3942295635092721,TRUE,0,100,FALSE,0,0,0,0,FALSE,FALSE,0.55,0,1,nonhybrid_Salmon=45; nonhybrid_Trout=55
360,snps_5_sample_100_pop_1_ind_0.005,10,5,100,1,0.005,0.005,0.5,0.3942295635092721,TRUE,1,99,TRUE,0,0,0,1,FALSE,FALSE,0.47,0,1,BC2_to_Salmon=1; nonhybrid_Salmon=52; nonhybrid_Trout=47
361,snps_5_sample_100_pop_1_ind_0.01,1,5,100,1,0.01,0.01,1,0.6339676587267709,TRUE,0,100,FALSE,0,0,0,0,FALSE,FALSE,0.38,0,1,nonhybrid_Salmon=62; nonhybrid_Trout=38
362,snps_5_sample_100_pop_1_ind_0.01,2,5,100,1,0.01,0.01,1,0.6339676587267709,TRUE,0,100,FALSE,0,0,0,0,FALSE,FALSE,0.49,0,1,nonhybrid_Salmon=51; nonhybrid_Trout=49
363,snps_5_sample_100_pop_1_ind_0.01,3,5,100,1,0.01,0.01,1,0.6339676587267709,TRUE,1,99,TRUE,1,1,0,0,TRUE,FALSE,0.562,0,1,BC3_to_Salmon=1; nonhybrid_Salmon=43; nonhybrid_Trout=56
364,snps_5_sample_100_pop_1_ind_0.01,4,5,100,1,0.01,0.01,1,0.6339676587267709,TRUE,1,99,TRUE,0,0,0,1,FALSE,FALSE,0.55,0,1,BC3_to_Salmon=1; nonhybrid_Salmon=44; nonhybrid_Trout=55
365,snps_5_sample_100_pop_1_ind_0.01,5,5,100,1,0.01,0.01,1,0.6339676587267709,TRUE,2,98,TRUE,1,1,0,1,TRUE,FALSE,0.588,0,1,BC2_to_Trout=1; BC3_to_Salmon=1; nonhybrid_Salmon=40; nonhybrid_Trout=58
366,snps_5_sample_100_pop_1_ind_0.01,6,5,100,1,0.01,0.01,1,0.6339676587267709,TRUE,4,96,TRUE,4,4,0,0,TRUE,FALSE,0.527,0,1,BC3_to_Trout=2; F1=1; F2=1; nonhybrid_Salmon=46; nonhybrid_Trout=50
367,snps_5_sample_100_pop_1_ind_0.01,7,5,100,1,0.01,0.01,1,0.6339676587267709,TRUE,1,99,TRUE,1,1,0,0,TRUE,FALSE,0.497,0,1,BC1_to_Trout=1; nonhybrid_Salmon=50; nonhybrid_Trout=49
368,snps_5_sample_100_pop_1_ind_0.01,8,5,100,1,0.01,0.01,1,0.6339676587267709,TRUE,1,99,TRUE,1,1,0,0,TRUE,FALSE,0.515,0,1,F1=1; nonhybrid_Salmon=48; nonhybrid_Trout=51
369,snps_5_sample_100_pop_1_ind_0.01,9,5,100,1,0.01,0.01,1,0.6339676587267709,TRUE,1,99,TRUE,1,1,0,0,TRUE,FALSE,0.528,0,1,BC2_to_Trout=1; nonhybrid_Salmon=47; nonhybrid_Trout=52
370,snps_5_sample_100_pop_1_ind_0.01,10,5,100,1,0.01,0.01,1,0.6339676587267709,TRUE,1,99,TRUE,1,1,0,0,TRUE,FALSE,0.421,0,1,BC3_to_Salmon=1; nonhybrid_Salmon=57; nonhybrid_Trout=42
371,snps_5_sample_100_pop_1_ind_0.025,1,5,100,1,0.025,0.025,2.5,0.9204827101381686,TRUE,3,97,TRUE,1,1,0,2,TRUE,FALSE,0.506,0,1,BC3_to_Salmon=2; F2=1; nonhybrid_Salmon=47; nonhybrid_Trout=50
372,snps_5_sample_100_pop_1_ind_0.025,2,5,100,1,0.025,0.025,2.5,0.9204827101381686,TRUE,4,96,TRUE,3,3,0,1,TRUE,FALSE,0.474,0,1,BC1_to_Salmon=1; BC3_to_Salmon=3; nonhybrid_Salmon=49; nonhybrid_Trout=47
373,snps_5_sample_100_pop_1_ind_0.025,3,5,100,1,0.025,0.025,2.5,0.9204827101381686,TRUE,3,97,TRUE,2,2,0,1,TRUE,FALSE,0.539,0,1,BC1_to_Trout=1; BC2_to_Salmon=1; BC3_to_Trout=1; nonhybrid_Salmon=45; nonhybrid_Trout=52
374,snps_5_sample_100_pop_1_ind_0.025,4,5,100,1,0.025,0.025,2.5,0.9204827101381686,TRUE,2,98,TRUE,1,1,0,1,TRUE,FALSE,0.489,0,1,BC3_to_Salmon=1; BC3_to_Trout=1; nonhybrid_Salmon=50; nonhybrid_Trout=48
375,snps_5_sample_100_pop_1_ind_0.025,5,5,100,1,0.025,0.025,2.5,0.9204827101381686,TRUE,2,98,TRUE,1,1,0,1,TRUE,FALSE,0.555,0,1,BC3_to_Salmon=1; F1=1; nonhybrid_Salmon=43; nonhybrid_Trout=55
376,snps_5_sample_100_pop_1_ind_0.025,6,5,100,1,0.025,0.025,2.5,0.9204827101381686,TRUE,4,96,TRUE,4,4,0,0,TRUE,FALSE,0.52,0,1,BC2_to_Salmon=1; BC3_to_Salmon=2; F2=1; nonhybrid_Salmon=45; nonhybrid_Trout=51
377,snps_5_sample_100_pop_1_ind_0.025,7,5,100,1,0.025,0.025,2.5,0.9204827101381686,TRUE,4,96,TRUE,2,2,0,2,TRUE,FALSE,0.539,0,1,BC2_to_Salmon=1; BC3_to_Salmon=1; F1=1; F2=1; nonhybrid_Salmon=43; nonhybrid_Trout=53
378,snps_5_sample_100_pop_1_ind_0.025,8,5,100,1,0.025,0.025,2.5,0.9204827101381686,TRUE,2,98,TRUE,1,1,0,1,TRUE,FALSE,0.585,0,1,BC2_to_Salmon=1; F1=1; nonhybrid_Salmon=40; nonhybrid_Trout=58
379,snps_5_sample_100_pop_1_ind_0.025,9,5,100,1,0.025,0.025,2.5,0.9204827101381686,TRUE,2,98,TRUE,2,2,0,0,TRUE,FALSE,0.473,0,1,BC1_to_Trout=1; F2=1; nonhybrid_Salmon=52; nonhybrid_Trout=46
380,snps_5_sample_100_pop_1_ind_0.025,10,5,100,1,0.025,0.025,2.5,0.9204827101381686,TRUE,3,97,TRUE,3,3,0,0,TRUE,FALSE,0.521,0,1,BC3_to_Trout=2; F1=1; nonhybrid_Salmon=47; nonhybrid_Trout=50
381,snps_5_sample_100_pop_1_ind_0.05,1,5,100,1,0.05,0.05,5,0.994079470779666,TRUE,1,99,TRUE,1,1,0,0,TRUE,FALSE,0.383,0,1,F2=1; nonhybrid_Salmon=61; nonhybrid_Trout=38
382,snps_5_sample_100_pop_1_ind_0.05,2,5,100,1,0.05,0.05,5,0.994079470779666,TRUE,4,96,TRUE,3,3,0,1,TRUE,FALSE,0.569,0,1,BC2_to_Salmon=2; BC2_to_Trout=2; nonhybrid_Salmon=41; nonhybrid_Trout=55
383,snps_5_sample_100_pop_1_ind_0.05,3,5,100,1,0.05,0.05,5,0.994079470779666,TRUE,7,93,TRUE,5,5,0,2,TRUE,FALSE,0.555,0,1,BC1_to_Trout=1; BC2_to_Trout=2; BC3_to_Salmon=2; F1=2; nonhybrid_Salmon=41; nonhybrid_Trout=52
384,snps_5_sample_100_pop_1_ind_0.05,4,5,100,1,0.05,0.05,5,0.994079470779666,TRUE,1,99,TRUE,0,0,0,1,FALSE,FALSE,0.49,0,1,BC2_to_Salmon=1; nonhybrid_Salmon=50; nonhybrid_Trout=49
385,snps_5_sample_100_pop_1_ind_0.05,5,5,100,1,0.05,0.05,5,0.994079470779666,TRUE,2,98,TRUE,2,2,0,0,TRUE,FALSE,0.513,0,1,BC2_to_Trout=1; F1=1; nonhybrid_Salmon=48; nonhybrid_Trout=50
386,snps_5_sample_100_pop_1_ind_0.05,6,5,100,1,0.05,0.05,5,0.994079470779666,TRUE,2,98,TRUE,2,2,0,0,TRUE,FALSE,0.465,0,1,BC1_to_Salmon=1; BC2_to_Salmon=1; nonhybrid_Salmon=52; nonhybrid_Trout=46
387,snps_5_sample_100_pop_1_ind_0.05,7,5,100,1,0.05,0.05,5,0.994079470779666,TRUE,2,98,TRUE,2,2,0,0,TRUE,FALSE,0.573,0,1,BC3_to_Trout=1; F1=1; nonhybrid_Salmon=42; nonhybrid_Trout=56
388,snps_5_sample_100_pop_1_ind_0.05,8,5,100,1,0.05,0.05,5,0.994079470779666,TRUE,6,94,TRUE,3,3,0,3,TRUE,FALSE,0.539,0,1,BC1_to_Salmon=2; BC3_to_Salmon=1; BC3_to_Trout=2; F2=1; nonhybrid_Salmon=43; nonhybrid_Trout=51
389,snps_5_sample_100_pop_1_ind_0.05,9,5,100,1,0.05,0.05,5,0.994079470779666,TRUE,2,98,TRUE,2,2,0,0,TRUE,FALSE,0.51,0,1,BC2_to_Salmon=1; BC2_to_Trout=1; nonhybrid_Salmon=48; nonhybrid_Trout=50
390,snps_5_sample_100_pop_1_ind_0.05,10,5,100,1,0.05,0.05,5,0.994079470779666,TRUE,3,97,TRUE,3,3,0,0,TRUE,FALSE,0.48,0,1,BC1_to_Salmon=1; BC2_to_Salmon=1; F2=1; nonhybrid_Salmon=50; nonhybrid_Trout=47
391,snps_5_sample_100_pop_1_ind_0.1,1,5,100,1,0.1,0.1,10,0.9999734386011124,TRUE,10,90,TRUE,10,10,0,0,TRUE,FALSE,0.454,0,1,BC1_to_Salmon=3; BC1_to_Trout=1; BC2_to_Trout=2; BC3_to_Trout=1; F1=2; F2=1; nonhybrid_Salmon=50; nonhybrid_Trout=40
392,snps_5_sample_100_pop_1_ind_0.1,2,5,100,1,0.1,0.1,10,0.9999734386011124,TRUE,14,86,TRUE,12,12,0,2,TRUE,FALSE,0.501,0,1,BC1_to_Trout=2; BC2_to_Salmon=3; BC2_to_Trout=3; BC3_to_Salmon=2; F1=3; F2=1; nonhybrid_Salmon=43; nonhybrid_Trout=43
393,snps_5_sample_100_pop_1_ind_0.1,3,5,100,1,0.1,0.1,10,0.9999734386011124,TRUE,9,91,TRUE,8,8,0,1,TRUE,FALSE,0.499,0,1,BC1_to_Salmon=2; BC1_to_Trout=1; BC2_to_Salmon=2; BC3_to_Trout=3; F2=1; nonhybrid_Salmon=46; nonhybrid_Trout=45
394,snps_5_sample_100_pop_1_ind_0.1,4,5,100,1,0.1,0.1,10,0.9999734386011124,TRUE,5,95,TRUE,4,4,0,1,TRUE,FALSE,0.5,0,1,BC1_to_Trout=1; BC3_to_Salmon=1; F1=1; F2=2; nonhybrid_Salmon=47; nonhybrid_Trout=48
395,snps_5_sample_100_pop_1_ind_0.1,5,5,100,1,0.1,0.1,10,0.9999734386011124,TRUE,5,95,TRUE,3,3,0,2,TRUE,FALSE,0.553,0,1,BC1_to_Salmon=1; BC1_to_Trout=1; BC3_to_Salmon=3; nonhybrid_Salmon=41; nonhybrid_Trout=54
396,snps_5_sample_100_pop_1_ind_0.1,6,5,100,1,0.1,0.1,10,0.9999734386011124,TRUE,6,94,TRUE,5,5,0,1,TRUE,FALSE,0.452,0,1,BC1_to_Trout=1; BC2_to_Salmon=1; BC3_to_Trout=3; F2=1; nonhybrid_Salmon=53; nonhybrid_Trout=41
397,snps_5_sample_100_pop_1_ind_0.1,7,5,100,1,0.1,0.1,10,0.9999734386011124,TRUE,10,90,TRUE,9,9,0,1,TRUE,FALSE,0.453,0,1,BC1_to_Salmon=3; BC2_to_Salmon=1; BC2_to_Trout=1; BC3_to_Salmon=1; F1=2; F2=2; nonhybrid_Salmon=49; nonhybrid_Trout=41
398,snps_5_sample_100_pop_1_ind_0.1,8,5,100,1,0.1,0.1,10,0.9999734386011124,TRUE,9,91,TRUE,6,6,0,3,TRUE,FALSE,0.495,0,1,BC1_to_Salmon=2; BC1_to_Trout=1; BC2_to_Trout=3; BC3_to_Trout=2; F1=1; nonhybrid_Salmon=48; nonhybrid_Trout=43
399,snps_5_sample_100_pop_1_ind_0.1,9,5,100,1,0.1,0.1,10,0.9999734386011124,TRUE,13,87,TRUE,10,10,0,3,TRUE,FALSE,0.515,0,1,BC2_to_Salmon=4; BC2_to_Trout=2; BC3_to_Salmon=2; BC3_to_Trout=2; F1=2; F2=1; nonhybrid_Salmon=41; nonhybrid_Trout=46
400,snps_5_sample_100_pop_1_ind_0.1,10,5,100,1,0.1,0.1,10,0.9999734386011124,TRUE,12,88,TRUE,8,8,0,4,TRUE,FALSE,0.559,0,1,BC1_to_Salmon=1; BC1_to_Trout=2; BC2_to_Salmon=1; BC2_to_Trout=2; BC3_to_Salmon=3; BC3_to_Trout=1; F1=2; nonhybrid_Salmon=38; nonhybrid_Trout=50
401,snps_5_sample_100_pop_1_ind_0.25,1,5,100,1,0.25,0.25,25,0.9999999999996793,TRUE,24,76,TRUE,17,17,0,7,TRUE,FALSE,0.483,0,1,BC1_to_Salmon=4; BC1_to_Trout=2; BC2_to_Trout=3; BC3_to_Salmon=6; BC3_to_Trout=7; F1=1; F2=1; nonhybrid_Salmon=40; nonhybrid_Trout=36
402,snps_5_sample_100_pop_1_ind_0.25,2,5,100,1,0.25,0.25,25,0.9999999999996793,TRUE,24,76,TRUE,20,20,0,4,TRUE,FALSE,0.468,0,1,BC1_to_Salmon=1; BC1_to_Trout=1; BC2_to_Salmon=3; BC2_to_Trout=3; BC3_to_Salmon=3; BC3_to_Trout=3; F1=7; F2=3; nonhybrid_Salmon=41; nonhybrid_Trout=35
403,snps_5_sample_100_pop_1_ind_0.25,3,5,100,1,0.25,0.25,25,0.9999999999996793,TRUE,20,80,TRUE,15,15,0,5,TRUE,FALSE,0.488,0,1,BC1_to_Salmon=2; BC1_to_Trout=2; BC2_to_Salmon=4; BC2_to_Trout=1; BC3_to_Salmon=1; BC3_to_Trout=4; F1=3; F2=3; nonhybrid_Salmon=42; nonhybrid_Trout=38
404,snps_5_sample_100_pop_1_ind_0.25,4,5,100,1,0.25,0.25,25,0.9999999999996793,TRUE,29,71,TRUE,24,24,0,5,TRUE,FALSE,0.587,0,1,BC1_to_Salmon=4; BC1_to_Trout=4; BC2_to_Salmon=1; BC2_to_Trout=6; BC3_to_Salmon=4; BC3_to_Trout=3; F1=2; F2=5; nonhybrid_Salmon=29; nonhybrid_Trout=42
405,snps_5_sample_100_pop_1_ind_0.25,5,5,100,1,0.25,0.25,25,0.9999999999996793,TRUE,26,74,TRUE,19,19,0,7,TRUE,FALSE,0.484,0,1,BC1_to_Salmon=4; BC1_to_Trout=2; BC2_to_Salmon=4; BC2_to_Trout=5; BC3_to_Salmon=4; BC3_to_Trout=3; F1=4; nonhybrid_Salmon=39; nonhybrid_Trout=35
406,snps_5_sample_100_pop_1_ind_0.25,6,5,100,1,0.25,0.25,25,0.9999999999996793,TRUE,17,83,TRUE,15,15,0,2,TRUE,FALSE,0.539,0,1,BC1_to_Trout=3; BC2_to_Salmon=4; BC2_to_Trout=1; BC3_to_Trout=4; F1=3; F2=2; nonhybrid_Salmon=39; nonhybrid_Trout=44
407,snps_5_sample_100_pop_1_ind_0.25,7,5,100,1,0.25,0.25,25,0.9999999999996793,TRUE,25,75,TRUE,20,20,0,5,TRUE,FALSE,0.586,0,1,BC1_to_Salmon=1; BC1_to_Trout=1; BC2_to_Salmon=1; BC2_to_Trout=7; BC3_to_Salmon=4; BC3_to_Trout=2; F1=5; F2=4; nonhybrid_Salmon=30; nonhybrid_Trout=45
408,snps_5_sample_100_pop_1_ind_0.25,8,5,100,1,0.25,0.25,25,0.9999999999996793,TRUE,25,75,TRUE,19,19,0,6,TRUE,FALSE,0.455,0,1,BC1_to_Salmon=2; BC1_to_Trout=4; BC2_to_Salmon=4; BC2_to_Trout=5; BC3_to_Salmon=2; BC3_to_Trout=3; F1=2; F2=3; nonhybrid_Salmon=43; nonhybrid_Trout=32
409,snps_5_sample_100_pop_1_ind_0.25,9,5,100,1,0.25,0.25,25,0.9999999999996793,TRUE,31,69,TRUE,25,25,0,6,TRUE,FALSE,0.535,0,1,BC1_to_Salmon=5; BC1_to_Trout=5; BC2_to_Salmon=4; BC2_to_Trout=2; BC3_to_Salmon=7; BC3_to_Trout=3; F1=4; F2=1; nonhybrid_Salmon=29; nonhybrid_Trout=40
410,snps_5_sample_100_pop_1_ind_0.25,10,5,100,1,0.25,0.25,25,0.9999999999996793,TRUE,23,77,TRUE,16,16,0,7,TRUE,FALSE,0.533,0,1,BC1_to_Salmon=1; BC1_to_Trout=3; BC2_to_Salmon=2; BC3_to_Salmon=4; BC3_to_Trout=5; F1=5; F2=3; nonhybrid_Salmon=36; nonhybrid_Trout=41
411,snps_5_sample_100_pop_1_ind_0.5,1,5,100,1,0.5,0.5,50,1,TRUE,47,53,TRUE,34,34,0,13,TRUE,FALSE,0.508,0,1,BC1_to_Salmon=6; BC1_to_Trout=6; BC2_to_Salmon=5; BC2_to_Trout=3; BC3_to_Salmon=3; BC3_to_Trout=7; F1=10; F2=7; nonhybrid_Salmon=27; nonhybrid_Trout=26
412,snps_5_sample_100_pop_1_ind_0.5,2,5,100,1,0.5,0.5,50,1,TRUE,53,47,TRUE,40,40,0,13,TRUE,FALSE,0.548,0,1,BC1_to_Salmon=5; BC1_to_Trout=8; BC2_to_Salmon=4; BC2_to_Trout=12; BC3_to_Salmon=6; BC3_to_Trout=8; F1=7; F2=3; nonhybrid_Salmon=24; nonhybrid_Trout=23
413,snps_5_sample_100_pop_1_ind_0.5,3,5,100,1,0.5,0.5,50,1,TRUE,43,57,TRUE,35,35,0,8,TRUE,FALSE,0.528,0,1,BC1_to_Salmon=10; BC1_to_Trout=5; BC2_to_Salmon=6; BC2_to_Trout=3; BC3_to_Salmon=7; BC3_to_Trout=6; F1=4; F2=2; nonhybrid_Salmon=23; nonhybrid_Trout=34
414,snps_5_sample_100_pop_1_ind_0.5,4,5,100,1,0.5,0.5,50,1,TRUE,51,49,TRUE,42,42,0,9,TRUE,FALSE,0.545,0,1,BC1_to_Salmon=7; BC1_to_Trout=7; BC2_to_Salmon=9; BC2_to_Trout=3; BC3_to_Salmon=4; BC3_to_Trout=5; F1=6; F2=10; nonhybrid_Salmon=17; nonhybrid_Trout=32
415,snps_5_sample_100_pop_1_ind_0.5,5,5,100,1,0.5,0.5,50,1,TRUE,52,48,TRUE,42,42,0,10,TRUE,FALSE,0.456,0,1,BC1_to_Salmon=4; BC1_to_Trout=9; BC2_to_Salmon=7; BC2_to_Trout=3; BC3_to_Salmon=7; BC3_to_Trout=5; F1=8; F2=9; nonhybrid_Salmon=27; nonhybrid_Trout=21
416,snps_5_sample_100_pop_1_ind_0.5,6,5,100,1,0.5,0.5,50,1,TRUE,45,55,TRUE,36,36,0,9,TRUE,FALSE,0.535,0,1,BC1_to_Salmon=6; BC1_to_Trout=2; BC2_to_Salmon=6; BC2_to_Trout=6; BC3_to_Salmon=6; BC3_to_Trout=7; F1=4; F2=8; nonhybrid_Salmon=23; nonhybrid_Trout=32
417,snps_5_sample_100_pop_1_ind_0.5,7,5,100,1,0.5,0.5,50,1,TRUE,44,56,TRUE,33,33,0,11,TRUE,FALSE,0.492,0,1,BC1_to_Salmon=4; BC1_to_Trout=3; BC2_to_Salmon=8; BC2_to_Trout=5; BC3_to_Salmon=7; BC3_to_Trout=5; F1=8; F2=4; nonhybrid_Salmon=27; nonhybrid_Trout=29
418,snps_5_sample_100_pop_1_ind_0.5,8,5,100,1,0.5,0.5,50,1,TRUE,50,50,TRUE,35,35,0,15,TRUE,FALSE,0.517,0,1,BC1_to_Salmon=7; BC1_to_Trout=5; BC2_to_Salmon=7; BC2_to_Trout=9; BC3_to_Salmon=5; BC3_to_Trout=7; F1=3; F2=7; nonhybrid_Salmon=23; nonhybrid_Trout=27
419,snps_5_sample_100_pop_1_ind_0.5,9,5,100,1,0.5,0.5,50,1,TRUE,51,49,TRUE,43,43,0,8,TRUE,FALSE,0.532,0,1,BC1_to_Salmon=5; BC1_to_Trout=8; BC2_to_Salmon=4; BC2_to_Trout=9; BC3_to_Salmon=7; BC3_to_Trout=3; F1=4; F2=11; nonhybrid_Salmon=22; nonhybrid_Trout=27
420,snps_5_sample_100_pop_1_ind_0.5,10,5,100,1,0.5,0.5,50,1,TRUE,51,49,TRUE,42,42,0,9,TRUE,FALSE,0.542,0,1,BC1_to_Salmon=6; BC1_to_Trout=5; BC2_to_Salmon=6; BC2_to_Trout=9; BC3_to_Salmon=5; BC3_to_Trout=5; F1=7; F2=8; nonhybrid_Salmon=20; nonhybrid_Trout=29
421,snps_5_sample_100_pop_1_ind_0.75,1,5,100,1,0.75,0.75,75,1,TRUE,77,23,TRUE,62,62,0,15,TRUE,FALSE,0.532,0,1,BC1_to_Salmon=6; BC1_to_Trout=9; BC2_to_Salmon=8; BC2_to_Trout=16; BC3_to_Salmon=9; BC3_to_Trout=7; F1=7; F2=15; nonhybrid_Salmon=12; nonhybrid_Trout=11
422,snps_5_sample_100_pop_1_ind_0.75,2,5,100,1,0.75,0.75,75,1,TRUE,72,28,TRUE,55,55,0,17,TRUE,FALSE,0.568,0,1,BC1_to_Salmon=5; BC1_to_Trout=8; BC2_to_Salmon=5; BC2_to_Trout=14; BC3_to_Salmon=9; BC3_to_Trout=9; F1=10; F2=12; nonhybrid_Salmon=12; nonhybrid_Trout=16
423,snps_5_sample_100_pop_1_ind_0.75,3,5,100,1,0.75,0.75,75,1,TRUE,76,24,TRUE,66,66,0,10,TRUE,FALSE,0.516,0,1,BC1_to_Salmon=7; BC1_to_Trout=8; BC2_to_Salmon=13; BC2_to_Trout=8; BC3_to_Salmon=6; BC3_to_Trout=9; F1=15; F2=10; nonhybrid_Salmon=10; nonhybrid_Trout=14
424,snps_5_sample_100_pop_1_ind_0.75,4,5,100,1,0.75,0.75,75,1,TRUE,75,25,TRUE,64,64,0,11,TRUE,FALSE,0.519,0,1,BC1_to_Salmon=14; BC1_to_Trout=11; BC2_to_Salmon=4; BC2_to_Trout=8; BC3_to_Salmon=10; BC3_to_Trout=7; F1=15; F2=6; nonhybrid_Salmon=10; nonhybrid_Trout=15
425,snps_5_sample_100_pop_1_ind_0.75,5,5,100,1,0.75,0.75,75,1,TRUE,74,26,TRUE,53,53,0,21,TRUE,FALSE,0.559,0,1,BC1_to_Salmon=11; BC1_to_Trout=8; BC2_to_Salmon=8; BC2_to_Trout=11; BC3_to_Salmon=10; BC3_to_Trout=11; F1=5; F2=10; nonhybrid_Salmon=8; nonhybrid_Trout=18
426,snps_5_sample_100_pop_1_ind_0.75,6,5,100,1,0.75,0.75,75,1,TRUE,69,31,TRUE,58,58,0,11,TRUE,FALSE,0.5,0,1,BC1_to_Salmon=13; BC1_to_Trout=11; BC2_to_Salmon=10; BC2_to_Trout=8; BC3_to_Salmon=8; BC3_to_Trout=3; F1=6; F2=10; nonhybrid_Salmon=12; nonhybrid_Trout=19
427,snps_5_sample_100_pop_1_ind_0.75,7,5,100,1,0.75,0.75,75,1,TRUE,70,30,TRUE,55,55,0,15,TRUE,FALSE,0.47300000000000003,0,1,BC1_to_Salmon=11; BC1_to_Trout=6; BC2_to_Salmon=12; BC2_to_Trout=9; BC3_to_Salmon=10; BC3_to_Trout=5; F1=6; F2=11; nonhybrid_Salmon=14; nonhybrid_Trout=16
428,snps_5_sample_100_pop_1_ind_0.75,8,5,100,1,0.75,0.75,75,1,TRUE,70,30,TRUE,59,59,0,11,TRUE,FALSE,0.589,0,1,BC1_to_Salmon=9; BC1_to_Trout=10; BC2_to_Salmon=2; BC2_to_Trout=13; BC3_to_Salmon=9; BC3_to_Trout=8; F1=13; F2=6; nonhybrid_Salmon=10; nonhybrid_Trout=20
429,snps_5_sample_100_pop_1_ind_0.75,9,5,100,1,0.75,0.75,75,1,TRUE,80,20,TRUE,59,59,0,21,TRUE,FALSE,0.543,0,1,BC1_to_Salmon=8; BC1_to_Trout=8; BC2_to_Salmon=7; BC2_to_Trout=17; BC3_to_Salmon=11; BC3_to_Trout=14; F1=8; F2=7; nonhybrid_Salmon=10; nonhybrid_Trout=10
430,snps_5_sample_100_pop_1_ind_0.75,10,5,100,1,0.75,0.75,75,1,TRUE,66,34,TRUE,57,57,0,9,TRUE,FALSE,0.512,0,1,BC1_to_Salmon=10; BC1_to_Trout=13; BC2_to_Salmon=4; BC2_to_Trout=5; BC3_to_Salmon=4; BC3_to_Trout=7; F1=8; F2=15; nonhybrid_Salmon=19; nonhybrid_Trout=15
431,snps_5_sample_100_pop_1_ind_1,1,5,100,1,1,1,100,1,TRUE,100,0,TRUE,77,77,0,23,TRUE,FALSE,0.46900000000000003,0,1,BC1_to_Salmon=14; BC1_to_Trout=10; BC2_to_Salmon=18; BC2_to_Trout=14; BC3_to_Salmon=12; BC3_to_Trout=10; F1=10; F2=12
432,snps_5_sample_100_pop_1_ind_1,2,5,100,1,1,1,100,1,TRUE,100,0,TRUE,80,80,0,20,TRUE,FALSE,0.439,0,1,BC1_to_Salmon=16; BC1_to_Trout=11; BC2_to_Salmon=13; BC2_to_Trout=8; BC3_to_Salmon=16; BC3_to_Trout=11; F1=7; F2=18
433,snps_5_sample_100_pop_1_ind_1,3,5,100,1,1,1,100,1,TRUE,100,0,TRUE,79,79,0,21,TRUE,FALSE,0.5,0,1,BC1_to_Salmon=8; BC1_to_Trout=18; BC2_to_Salmon=15; BC2_to_Trout=10; BC3_to_Salmon=12; BC3_to_Trout=12; F1=14; F2=11
434,snps_5_sample_100_pop_1_ind_1,4,5,100,1,1,1,100,1,TRUE,100,0,TRUE,79,79,0,21,TRUE,FALSE,0.428,0,1,BC1_to_Salmon=18; BC1_to_Trout=4; BC2_to_Salmon=17; BC2_to_Trout=12; BC3_to_Salmon=15; BC3_to_Trout=11; F1=11; F2=12
435,snps_5_sample_100_pop_1_ind_1,5,5,100,1,1,1,100,1,TRUE,100,0,TRUE,82,82,0,18,TRUE,FALSE,0.486,0,1,BC1_to_Salmon=10; BC1_to_Trout=11; BC2_to_Salmon=14; BC2_to_Trout=15; BC3_to_Salmon=14; BC3_to_Trout=11; F1=12; F2=13
436,snps_5_sample_100_pop_1_ind_1,6,5,100,1,1,1,100,1,TRUE,100,0,TRUE,87,87,0,13,TRUE,FALSE,0.49,0,1,BC1_to_Salmon=14; BC1_to_Trout=8; BC2_to_Salmon=12; BC2_to_Trout=11; BC3_to_Salmon=14; BC3_to_Trout=13; F1=9; F2=19
437,snps_5_sample_100_pop_1_ind_1,7,5,100,1,1,1,100,1,TRUE,100,0,TRUE,85,85,0,15,TRUE,FALSE,0.498,0,1,BC1_to_Salmon=15; BC1_to_Trout=9; BC2_to_Salmon=10; BC2_to_Trout=10; BC3_to_Salmon=10; BC3_to_Trout=9; F1=23; F2=14
438,snps_5_sample_100_pop_1_ind_1,8,5,100,1,1,1,100,1,TRUE,100,0,TRUE,80,80,0,20,TRUE,FALSE,0.497,0,1,BC1_to_Salmon=11; BC1_to_Trout=12; BC2_to_Salmon=10; BC2_to_Trout=11; BC3_to_Salmon=15; BC3_to_Trout=14; F1=14; F2=13
439,snps_5_sample_100_pop_1_ind_1,9,5,100,1,1,1,100,1,TRUE,100,0,TRUE,76,76,0,24,TRUE,FALSE,0.519,0,1,BC1_to_Salmon=11; BC1_to_Trout=15; BC2_to_Salmon=15; BC2_to_Trout=14; BC3_to_Salmon=13; BC3_to_Trout=10; F1=11; F2=11
440,snps_5_sample_100_pop_1_ind_1,10,5,100,1,1,1,100,1,TRUE,100,0,TRUE,84,84,0,16,TRUE,FALSE,0.53,0,1,BC1_to_Salmon=11; BC1_to_Trout=10; BC2_to_Salmon=11; BC2_to_Trout=12; BC3_to_Salmon=12; BC3_to_Trout=15; F1=16; F2=13
441,snps_5_sample_200_pop_1_ind_0,1,5,200,1,0,0,0,0,TRUE,0,200,FALSE,0,0,0,0,FALSE,FALSE,0.49,0,1,nonhybrid_Salmon=102; nonhybrid_Trout=98
442,snps_5_sample_200_pop_1_ind_0,2,5,200,1,0,0,0,0,TRUE,0,200,FALSE,0,0,0,0,FALSE,FALSE,0.535,0,1,nonhybrid_Salmon=93; nonhybrid_Trout=107
443,snps_5_sample_200_pop_1_ind_0,3,5,200,1,0,0,0,0,TRUE,0,200,FALSE,0,0,0,0,FALSE,FALSE,0.6,0,1,nonhybrid_Salmon=80; nonhybrid_Trout=120
444,snps_5_sample_200_pop_1_ind_0,4,5,200,1,0,0,0,0,TRUE,0,200,FALSE,0,0,0,0,FALSE,FALSE,0.485,0,1,nonhybrid_Salmon=103; nonhybrid_Trout=97
445,snps_5_sample_200_pop_1_ind_0,5,5,200,1,0,0,0,0,TRUE,0,200,FALSE,0,0,0,0,FALSE,FALSE,0.485,0,1,nonhybrid_Salmon=103; nonhybrid_Trout=97
446,snps_5_sample_200_pop_1_ind_0,6,5,200,1,0,0,0,0,TRUE,0,200,FALSE,0,0,0,0,FALSE,FALSE,0.48,0,1,nonhybrid_Salmon=104; nonhybrid_Trout=96
447,snps_5_sample_200_pop_1_ind_0,7,5,200,1,0,0,0,0,TRUE,0,200,FALSE,0,0,0,0,FALSE,FALSE,0.485,0,1,nonhybrid_Salmon=103; nonhybrid_Trout=97
448,snps_5_sample_200_pop_1_ind_0,8,5,200,1,0,0,0,0,TRUE,0,200,FALSE,0,0,0,0,FALSE,FALSE,0.455,0,1,nonhybrid_Salmon=109; nonhybrid_Trout=91
449,snps_5_sample_200_pop_1_ind_0,9,5,200,1,0,0,0,0,TRUE,0,200,FALSE,0,0,0,0,FALSE,FALSE,0.545,0,1,nonhybrid_Salmon=91; nonhybrid_Trout=109
450,snps_5_sample_200_pop_1_ind_0,10,5,200,1,0,0,0,0,TRUE,0,200,FALSE,0,0,0,0,FALSE,FALSE,0.5,0,1,nonhybrid_Salmon=100; nonhybrid_Trout=100
451,snps_5_sample_200_pop_1_ind_0.001,1,5,200,1,0.001,0.001,0.2,0.1813511705213644,TRUE,0,200,FALSE,0,0,0,0,FALSE,FALSE,0.435,0,1,nonhybrid_Salmon=113; nonhybrid_Trout=87
452,snps_5_sample_200_pop_1_ind_0.001,2,5,200,1,0.001,0.001,0.2,0.1813511705213644,TRUE,0,200,FALSE,0,0,0,0,FALSE,FALSE,0.47,0,1,nonhybrid_Salmon=106; nonhybrid_Trout=94
453,snps_5_sample_200_pop_1_ind_0.001,3,5,200,1,0.001,0.001,0.2,0.1813511705213644,TRUE,0,200,FALSE,0,0,0,0,FALSE,FALSE,0.54,0,1,nonhybrid_Salmon=92; nonhybrid_Trout=108
454,snps_5_sample_200_pop_1_ind_0.001,4,5,200,1,0.001,0.001,0.2,0.1813511705213644,TRUE,0,200,FALSE,0,0,0,0,FALSE,FALSE,0.53,0,1,nonhybrid_Salmon=94; nonhybrid_Trout=106
455,snps_5_sample_200_pop_1_ind_0.001,5,5,200,1,0.001,0.001,0.2,0.1813511705213644,TRUE,0,200,FALSE,0,0,0,0,FALSE,FALSE,0.485,0,1,nonhybrid_Salmon=103; nonhybrid_Trout=97
456,snps_5_sample_200_pop_1_ind_0.001,6,5,200,1,0.001,0.001,0.2,0.1813511705213644,TRUE,0,200,FALSE,0,0,0,0,FALSE,FALSE,0.545,0,1,nonhybrid_Salmon=91; nonhybrid_Trout=109
457,snps_5_sample_200_pop_1_ind_0.001,7,5,200,1,0.001,0.001,0.2,0.1813511705213644,TRUE,1,199,TRUE,1,1,0,0,TRUE,FALSE,0.5045,0,1,BC2_to_Trout=1; nonhybrid_Salmon=99; nonhybrid_Trout=100
458,snps_5_sample_200_pop_1_ind_0.001,8,5,200,1,0.001,0.001,0.2,0.1813511705213644,TRUE,0,200,FALSE,0,0,0,0,FALSE,FALSE,0.5,0,1,nonhybrid_Salmon=100; nonhybrid_Trout=100
459,snps_5_sample_200_pop_1_ind_0.001,9,5,200,1,0.001,0.001,0.2,0.1813511705213644,TRUE,0,200,FALSE,0,0,0,0,FALSE,FALSE,0.565,0,1,nonhybrid_Salmon=87; nonhybrid_Trout=113
460,snps_5_sample_200_pop_1_ind_0.001,10,5,200,1,0.001,0.001,0.2,0.1813511705213644,TRUE,0,200,FALSE,0,0,0,0,FALSE,FALSE,0.535,0,1,nonhybrid_Salmon=93; nonhybrid_Trout=107
461,snps_5_sample_200_pop_1_ind_0.005,1,5,200,1,0.005,0.005,1,0.6330421782738329,TRUE,1,199,TRUE,1,1,0,0,TRUE,FALSE,0.516,0,1,BC1_to_Salmon=1; nonhybrid_Salmon=96; nonhybrid_Trout=103
462,snps_5_sample_200_pop_1_ind_0.005,2,5,200,1,0.005,0.005,1,0.6330421782738329,TRUE,0,200,FALSE,0,0,0,0,FALSE,FALSE,0.53,0,1,nonhybrid_Salmon=94; nonhybrid_Trout=106
463,snps_5_sample_200_pop_1_ind_0.005,3,5,200,1,0.005,0.005,1,0.6330421782738329,TRUE,0,200,FALSE,0,0,0,0,FALSE,FALSE,0.46,0,1,nonhybrid_Salmon=108; nonhybrid_Trout=92
464,snps_5_sample_200_pop_1_ind_0.005,4,5,200,1,0.005,0.005,1,0.6330421782738329,TRUE,0,200,FALSE,0,0,0,0,FALSE,FALSE,0.54,0,1,nonhybrid_Salmon=92; nonhybrid_Trout=108
465,snps_5_sample_200_pop_1_ind_0.005,5,5,200,1,0.005,0.005,1,0.6330421782738329,TRUE,0,200,FALSE,0,0,0,0,FALSE,FALSE,0.485,0,1,nonhybrid_Salmon=103; nonhybrid_Trout=97
466,snps_5_sample_200_pop_1_ind_0.005,6,5,200,1,0.005,0.005,1,0.6330421782738329,TRUE,1,199,TRUE,0,0,0,1,FALSE,FALSE,0.475,0,1,BC3_to_Trout=1; nonhybrid_Salmon=105; nonhybrid_Trout=94
467,snps_5_sample_200_pop_1_ind_0.005,7,5,200,1,0.005,0.005,1,0.6330421782738329,TRUE,0,200,FALSE,0,0,0,0,FALSE,FALSE,0.505,0,1,nonhybrid_Salmon=99; nonhybrid_Trout=101
468,snps_5_sample_200_pop_1_ind_0.005,8,5,200,1,0.005,0.005,1,0.6330421782738329,TRUE,2,198,TRUE,2,2,0,0,TRUE,FALSE,0.4335,0,1,BC1_to_Salmon=1; F2=1; nonhybrid_Salmon=112; nonhybrid_Trout=86
469,snps_5_sample_200_pop_1_ind_0.005,9,5,200,1,0.005,0.005,1,0.6330421782738329,TRUE,0,200,FALSE,0,0,0,0,FALSE,FALSE,0.48,0,1,nonhybrid_Salmon=104; nonhybrid_Trout=96
470,snps_5_sample_200_pop_1_ind_0.005,10,5,200,1,0.005,0.005,1,0.6330421782738329,TRUE,1,199,TRUE,1,1,0,0,TRUE,FALSE,0.5395,0,1,BC3_to_Trout=1; nonhybrid_Salmon=92; nonhybrid_Trout=107
471,snps_5_sample_200_pop_1_ind_0.01,1,5,200,1,0.01,0.01,2,0.8660203251420383,TRUE,1,199,TRUE,1,1,0,0,TRUE,FALSE,0.521,0,1,BC3_to_Salmon=1; nonhybrid_Salmon=95; nonhybrid_Trout=104
472,snps_5_sample_200_pop_1_ind_0.01,2,5,200,1,0.01,0.01,2,0.8660203251420383,TRUE,2,198,TRUE,2,2,0,0,TRUE,FALSE,0.478,0,1,BC2_to_Salmon=1; F1=1; nonhybrid_Salmon=103; nonhybrid_Trout=95
473,snps_5_sample_200_pop_1_ind_0.01,3,5,200,1,0.01,0.01,2,0.8660203251420383,TRUE,2,198,TRUE,2,2,0,0,TRUE,FALSE,0.5095,0,1,BC1_to_Salmon=1; BC1_to_Trout=1; nonhybrid_Salmon=97; nonhybrid_Trout=101
474,snps_5_sample_200_pop_1_ind_0.01,4,5,200,1,0.01,0.01,2,0.8660203251420383,TRUE,0,200,FALSE,0,0,0,0,FALSE,FALSE,0.515,0,1,nonhybrid_Salmon=97; nonhybrid_Trout=103
475,snps_5_sample_200_pop_1_ind_0.01,5,5,200,1,0.01,0.01,2,0.8660203251420383,TRUE,1,199,TRUE,1,1,0,0,TRUE,FALSE,0.5175,0,1,F1=1; nonhybrid_Salmon=96; nonhybrid_Trout=103
476,snps_5_sample_200_pop_1_ind_0.01,6,5,200,1,0.01,0.01,2,0.8660203251420383,TRUE,4,196,TRUE,3,3,0,1,TRUE,FALSE,0.4525,0,1,F1=2; F2=2; nonhybrid_Salmon=108; nonhybrid_Trout=88
477,snps_5_sample_200_pop_1_ind_0.01,7,5,200,1,0.01,0.01,2,0.8660203251420383,TRUE,3,197,TRUE,3,3,0,0,TRUE,FALSE,0.5125,0,1,BC3_to_Salmon=1; BC3_to_Trout=1; F1=1; nonhybrid_Salmon=96; nonhybrid_Trout=101
478,snps_5_sample_200_pop_1_ind_0.01,8,5,200,1,0.01,0.01,2,0.8660203251420383,TRUE,1,199,TRUE,0,0,0,1,FALSE,FALSE,0.43,0,1,BC3_to_Salmon=1; nonhybrid_Salmon=113; nonhybrid_Trout=86
479,snps_5_sample_200_pop_1_ind_0.01,9,5,200,1,0.01,0.01,2,0.8660203251420383,TRUE,4,196,TRUE,3,3,0,1,TRUE,FALSE,0.553,0,1,BC1_to_Trout=2; BC2_to_Trout=1; BC3_to_Trout=1; nonhybrid_Salmon=89; nonhybrid_Trout=107
480,snps_5_sample_200_pop_1_ind_0.01,10,5,200,1,0.01,0.01,2,0.8660203251420383,TRUE,0,200,FALSE,0,0,0,0,FALSE,FALSE,0.42,0,1,nonhybrid_Salmon=116; nonhybrid_Trout=84
481,snps_5_sample_200_pop_1_ind_0.025,1,5,200,1,0.025,0.025,5,0.9936770006130294,TRUE,6,194,TRUE,5,5,0,1,TRUE,FALSE,0.519,0,1,BC1_to_Salmon=2; BC3_to_Salmon=1; BC3_to_Trout=1; F1=2; nonhybrid_Salmon=93; nonhybrid_Trout=101
482,snps_5_sample_200_pop_1_ind_0.025,2,5,200,1,0.025,0.025,5,0.9936770006130294,TRUE,5,195,TRUE,4,4,0,1,TRUE,FALSE,0.4745,0,1,BC1_to_Salmon=1; BC1_to_Trout=1; BC2_to_Salmon=1; BC2_to_Trout=1; F2=1; nonhybrid_Salmon=102; nonhybrid_Trout=93
483,snps_5_sample_200_pop_1_ind_0.025,3,5,200,1,0.025,0.025,5,0.9936770006130294,TRUE,5,195,TRUE,2,2,0,3,TRUE,FALSE,0.504,0,1,BC2_to_Salmon=1; BC3_to_Salmon=1; BC3_to_Trout=1; F1=1; F2=1; nonhybrid_Salmon=96; nonhybrid_Trout=99
484,snps_5_sample_200_pop_1_ind_0.025,4,5,200,1,0.025,0.025,5,0.9936770006130294,TRUE,5,195,TRUE,4,4,0,1,TRUE,FALSE,0.4915,0,1,BC1_to_Salmon=1; BC1_to_Trout=1; BC2_to_Trout=1; BC3_to_Salmon=1; F2=1; nonhybrid_Salmon=99; nonhybrid_Trout=96
485,snps_5_sample_200_pop_1_ind_0.025,5,5,200,1,0.025,0.025,5,0.9936770006130294,TRUE,6,194,TRUE,6,6,0,0,TRUE,FALSE,0.585,0,1,BC1_to_Trout=1; BC2_to_Salmon=1; BC2_to_Trout=1; BC3_to_Salmon=1; F1=2; nonhybrid_Salmon=80; nonhybrid_Trout=114
486,snps_5_sample_200_pop_1_ind_0.025,6,5,200,1,0.025,0.025,5,0.9936770006130294,TRUE,4,196,TRUE,4,4,0,0,TRUE,FALSE,0.4645,0,1,BC1_to_Trout=1; BC2_to_Trout=2; F2=1; nonhybrid_Salmon=106; nonhybrid_Trout=90
487,snps_5_sample_200_pop_1_ind_0.025,7,5,200,1,0.025,0.025,5,0.9936770006130294,TRUE,3,197,TRUE,3,3,0,0,TRUE,FALSE,0.4905,0,1,BC1_to_Trout=1; BC2_to_Trout=1; F1=1; nonhybrid_Salmon=101; nonhybrid_Trout=96
488,snps_5_sample_200_pop_1_ind_0.025,8,5,200,1,0.025,0.025,5,0.9936770006130294,TRUE,5,195,TRUE,5,5,0,0,TRUE,FALSE,0.5455,0,1,BC1_to_Salmon=2; BC1_to_Trout=1; BC2_to_Salmon=1; F1=1; nonhybrid_Salmon=88; nonhybrid_Trout=107
489,snps_5_sample_200_pop_1_ind_0.025,9,5,200,1,0.025,0.025,5,0.9936770006130294,TRUE,2,198,TRUE,2,2,0,0,TRUE,FALSE,0.495,0,1,BC1_to_Salmon=1; BC2_to_Trout=1; nonhybrid_Salmon=100; nonhybrid_Trout=98
490,snps_5_sample_200_pop_1_ind_0.025,10,5,200,1,0.025,0.025,5,0.9936770006130294,TRUE,9,191,TRUE,6,6,0,3,TRUE,FALSE,0.4815,0,1,BC1_to_Salmon=2; BC1_to_Trout=2; BC2_to_Salmon=1; BC3_to_Salmon=1; BC3_to_Trout=1; F2=2; nonhybrid_Salmon=99; nonhybrid_Trout=92
491,snps_5_sample_200_pop_1_ind_0.05,1,5,200,1,0.05,0.05,10,0.9999649473337512,TRUE,11,189,TRUE,6,6,0,5,TRUE,FALSE,0.506,0,1,BC1_to_Salmon=3; BC2_to_Trout=3; BC3_to_Trout=3; F1=1; F2=1; nonhybrid_Salmon=95; nonhybrid_Trout=94
492,snps_5_sample_200_pop_1_ind_0.05,2,5,200,1,0.05,0.05,10,0.9999649473337512,TRUE,10,190,TRUE,9,9,0,1,TRUE,FALSE,0.492,0,1,BC1_to_Salmon=1; BC1_to_Trout=1; BC2_to_Trout=4; BC3_to_Trout=2; F2=2; nonhybrid_Salmon=99; nonhybrid_Trout=91
493,snps_5_sample_200_pop_1_ind_0.05,3,5,200,1,0.05,0.05,10,0.9999649473337512,TRUE,14,186,TRUE,13,13,0,1,TRUE,FALSE,0.483,0,1,BC1_to_Salmon=2; BC1_to_Trout=1; BC2_to_Trout=2; BC3_to_Salmon=2; BC3_to_Trout=2; F1=4; F2=1; nonhybrid_Salmon=97; nonhybrid_Trout=89
494,snps_5_sample_200_pop_1_ind_0.05,4,5,200,1,0.05,0.05,10,0.9999649473337512,TRUE,10,190,TRUE,7,7,0,3,TRUE,FALSE,0.4575,0,1,BC1_to_Salmon=2; BC2_to_Salmon=3; BC2_to_Trout=1; BC3_to_Salmon=2; F1=1; F2=1; nonhybrid_Salmon=101; nonhybrid_Trout=89
495,snps_5_sample_200_pop_1_ind_0.05,5,5,200,1,0.05,0.05,10,0.9999649473337512,TRUE,15,185,TRUE,10,10,0,5,TRUE,FALSE,0.4915,0,1,BC1_to_Salmon=1; BC1_to_Trout=2; BC2_to_Salmon=1; BC2_to_Trout=3; BC3_to_Trout=4; F1=3; F2=1; nonhybrid_Salmon=97; nonhybrid_Trout=88
496,snps_5_sample_200_pop_1_ind_0.05,6,5,200,1,0.05,0.05,10,0.9999649473337512,TRUE,8,192,TRUE,6,6,0,2,TRUE,FALSE,0.5495,0,1,BC1_to_Trout=1; BC2_to_Salmon=3; BC3_to_Trout=2; F1=1; F2=1; nonhybrid_Salmon=86; nonhybrid_Trout=106
497,snps_5_sample_200_pop_1_ind_0.05,7,5,200,1,0.05,0.05,10,0.9999649473337512,TRUE,11,189,TRUE,10,10,0,1,TRUE,FALSE,0.525,0,1,BC1_to_Salmon=1; BC1_to_Trout=1; BC2_to_Trout=3; BC3_to_Salmon=1; BC3_to_Trout=2; F1=2; F2=1; nonhybrid_Salmon=91; nonhybrid_Trout=98
498,snps_5_sample_200_pop_1_ind_0.05,8,5,200,1,0.05,0.05,10,0.9999649473337512,TRUE,11,189,TRUE,10,10,0,1,TRUE,FALSE,0.4915,0,1,BC1_to_Salmon=4; BC1_to_Trout=3; BC2_to_Trout=1; BC3_to_Salmon=1; F1=1; F2=1; nonhybrid_Salmon=96; nonhybrid_Trout=93
499,snps_5_sample_200_pop_1_ind_0.05,9,5,200,1,0.05,0.05,10,0.9999649473337512,TRUE,9,191,TRUE,8,8,0,1,TRUE,FALSE,0.5005,0,1,BC1_to_Salmon=1; BC2_to_Salmon=2; BC2_to_Trout=2; BC3_to_Salmon=1; BC3_to_Trout=1; F1=2; nonhybrid_Salmon=95; nonhybrid_Trout=96
500,snps_5_sample_200_pop_1_ind_0.05,10,5,200,1,0.05,0.05,10,0.9999649473337512,TRUE,12,188,TRUE,11,11,0,1,TRUE,FALSE,0.4285,0,1,BC1_to_Salmon=1; BC1_to_Trout=1; BC2_to_Trout=3; BC3_to_Salmon=4; BC3_to_Trout=3; nonhybrid_Salmon=109; nonhybrid_Trout=79
501,snps_5_sample_200_pop_1_ind_0.1,1,5,200,1,0.1,0.1,20,0.9999999992944921,TRUE,17,183,TRUE,12,12,0,5,TRUE,FALSE,0.4545,0,1,BC1_to_Salmon=4; BC1_to_Trout=3; BC2_to_Salmon=2; BC2_to_Trout=4; BC3_to_Salmon=2; BC3_to_Trout=1; F2=1; nonhybrid_Salmon=101; nonhybrid_Trout=82
502,snps_5_sample_200_pop_1_ind_0.1,2,5,200,1,0.1,0.1,20,0.9999999992944921,TRUE,19,181,TRUE,14,14,0,5,TRUE,FALSE,0.53,0,1,BC1_to_Salmon=4; BC1_to_Trout=2; BC2_to_Salmon=3; BC2_to_Trout=2; BC3_to_Salmon=2; BC3_to_Trout=1; F1=4; F2=1; nonhybrid_Salmon=83; nonhybrid_Trout=98
503,snps_5_sample_200_pop_1_ind_0.1,3,5,200,1,0.1,0.1,20,0.9999999992944921,TRUE,18,182,TRUE,17,17,0,1,TRUE,FALSE,0.5095,0,1,BC1_to_Salmon=3; BC1_to_Trout=2; BC2_to_Salmon=2; BC2_to_Trout=3; BC3_to_Salmon=3; F1=1; F2=4; nonhybrid_Salmon=88; nonhybrid_Trout=94
504,snps_5_sample_200_pop_1_ind_0.1,4,5,200,1,0.1,0.1,20,0.9999999992944921,TRUE,19,181,TRUE,14,14,0,5,TRUE,FALSE,0.4675,0,1,BC1_to_Salmon=1; BC2_to_Salmon=4; BC2_to_Trout=4; BC3_to_Salmon=2; BC3_to_Trout=3; F1=3; F2=2; nonhybrid_Salmon=97; nonhybrid_Trout=84
505,snps_5_sample_200_pop_1_ind_0.1,5,5,200,1,0.1,0.1,20,0.9999999992944921,TRUE,16,184,TRUE,10,10,0,6,TRUE,FALSE,0.4895,0,1,BC1_to_Salmon=1; BC1_to_Trout=1; BC2_to_Salmon=5; BC2_to_Trout=2; BC3_to_Salmon=2; BC3_to_Trout=1; F1=4; nonhybrid_Salmon=93; nonhybrid_Trout=91
506,snps_5_sample_200_pop_1_ind_0.1,6,5,200,1,0.1,0.1,20,0.9999999992944921,TRUE,21,179,TRUE,15,15,0,6,TRUE,FALSE,0.503,0,1,BC1_to_Salmon=3; BC1_to_Trout=4; BC2_to_Salmon=1; BC2_to_Trout=1; BC3_to_Salmon=2; BC3_to_Trout=8; F1=1; F2=1; nonhybrid_Salmon=92; nonhybrid_Trout=87
507,snps_5_sample_200_pop_1_ind_0.1,7,5,200,1,0.1,0.1,20,0.9999999992944921,TRUE,22,178,TRUE,20,20,0,2,TRUE,FALSE,0.459,0,1,BC1_to_Salmon=2; BC1_to_Trout=3; BC2_to_Salmon=3; BC3_to_Salmon=1; BC3_to_Trout=2; F1=5; F2=6; nonhybrid_Salmon=97; nonhybrid_Trout=81
508,snps_5_sample_200_pop_1_ind_0.1,8,5,200,1,0.1,0.1,20,0.9999999992944921,TRUE,17,183,TRUE,14,14,0,3,TRUE,FALSE,0.4505,0,1,BC1_to_Salmon=3; BC1_to_Trout=3; BC2_to_Salmon=3; BC2_to_Trout=2; BC3_to_Salmon=1; F1=1; F2=4; nonhybrid_Salmon=101; nonhybrid_Trout=82
509,snps_5_sample_200_pop_1_ind_0.1,9,5,200,1,0.1,0.1,20,0.9999999992944921,TRUE,23,177,TRUE,18,18,0,5,TRUE,FALSE,0.495,0,1,BC1_to_Salmon=2; BC1_to_Trout=2; BC2_to_Salmon=1; BC2_to_Trout=4; BC3_to_Salmon=5; BC3_to_Trout=2; F1=5; F2=2; nonhybrid_Salmon=89; nonhybrid_Trout=88
510,snps_5_sample_200_pop_1_ind_0.1,10,5,200,1,0.1,0.1,20,0.9999999992944921,TRUE,22,178,TRUE,16,16,0,6,TRUE,FALSE,0.492,0,1,BC1_to_Trout=5; BC2_to_Salmon=1; BC2_to_Trout=2; BC3_to_Salmon=4; BC3_to_Trout=3; F1=5; F2=2; nonhybrid_Salmon=91; nonhybrid_Trout=87
511,snps_5_sample_200_pop_1_ind_0.25,1,5,200,1,0.25,0.25,50,1,TRUE,60,140,TRUE,54,54,0,6,TRUE,FALSE,0.5295,0,1,BC1_to_Salmon=6; BC1_to_Trout=13; BC2_to_Salmon=9; BC2_to_Trout=9; BC3_to_Salmon=1; BC3_to_Trout=4; F1=7; F2=11; nonhybrid_Salmon=65; nonhybrid_Trout=75
512,snps_5_sample_200_pop_1_ind_0.25,2,5,200,1,0.25,0.25,50,1,TRUE,43,157,TRUE,35,35,0,8,TRUE,FALSE,0.587,0,1,BC1_to_Salmon=7; BC1_to_Trout=3; BC2_to_Salmon=6; BC2_to_Trout=1; BC3_to_Salmon=4; BC3_to_Trout=8; F1=7; F2=7; nonhybrid_Salmon=60; nonhybrid_Trout=97
513,snps_5_sample_200_pop_1_ind_0.25,3,5,200,1,0.25,0.25,50,1,TRUE,53,147,TRUE,44,44,0,9,TRUE,FALSE,0.4695,0,1,BC1_to_Salmon=7; BC1_to_Trout=7; BC2_to_Salmon=4; BC2_to_Trout=2; BC3_to_Salmon=11; BC3_to_Trout=2; F1=8; F2=12; nonhybrid_Salmon=75; nonhybrid_Trout=72
514,snps_5_sample_200_pop_1_ind_0.25,4,5,200,1,0.25,0.25,50,1,TRUE,56,144,TRUE,44,44,0,12,TRUE,FALSE,0.4735,0,1,BC1_to_Salmon=6; BC2_to_Salmon=13; BC2_to_Trout=10; BC3_to_Salmon=5; BC3_to_Trout=8; F1=7; F2=7; nonhybrid_Salmon=75; nonhybrid_Trout=69
515,snps_5_sample_200_pop_1_ind_0.25,5,5,200,1,0.25,0.25,50,1,TRUE,60,140,TRUE,51,51,0,9,TRUE,FALSE,0.5145,0,1,BC1_to_Salmon=4; BC1_to_Trout=8; BC2_to_Salmon=5; BC2_to_Trout=6; BC3_to_Salmon=8; BC3_to_Trout=10; F1=9; F2=10; nonhybrid_Salmon=70; nonhybrid_Trout=70
516,snps_5_sample_200_pop_1_ind_0.25,6,5,200,1,0.25,0.25,50,1,TRUE,50,150,TRUE,42,42,0,8,TRUE,FALSE,0.4815,0,1,BC1_to_Salmon=7; BC1_to_Trout=8; BC2_to_Salmon=6; BC2_to_Trout=7; BC3_to_Salmon=5; BC3_to_Trout=4; F1=5; F2=8; nonhybrid_Salmon=79; nonhybrid_Trout=71
517,snps_5_sample_200_pop_1_ind_0.25,7,5,200,1,0.25,0.25,50,1,TRUE,53,147,TRUE,44,44,0,9,TRUE,FALSE,0.512,0,1,BC1_to_Salmon=7; BC1_to_Trout=4; BC2_to_Salmon=5; BC2_to_Trout=8; BC3_to_Salmon=6; BC3_to_Trout=6; F1=9; F2=8; nonhybrid_Salmon=72; nonhybrid_Trout=75
518,snps_5_sample_200_pop_1_ind_0.25,8,5,200,1,0.25,0.25,50,1,TRUE,44,156,TRUE,31,31,0,13,TRUE,FALSE,0.4805,0,1,BC1_to_Salmon=7; BC1_to_Trout=5; BC2_to_Salmon=4; BC2_to_Trout=6; BC3_to_Salmon=6; BC3_to_Trout=8; F1=4; F2=4; nonhybrid_Salmon=84; nonhybrid_Trout=72
519,snps_5_sample_200_pop_1_ind_0.25,9,5,200,1,0.25,0.25,50,1,TRUE,47,153,TRUE,36,36,0,11,TRUE,FALSE,0.5035,0,1,BC1_to_Salmon=6; BC1_to_Trout=8; BC2_to_Salmon=3; BC2_to_Trout=2; BC3_to_Salmon=5; BC3_to_Trout=6; F1=11; F2=6; nonhybrid_Salmon=77; nonhybrid_Trout=76
520,snps_5_sample_200_pop_1_ind_0.25,10,5,200,1,0.25,0.25,50,1,TRUE,51,149,TRUE,39,39,0,12,TRUE,FALSE,0.5225,0,1,BC1_to_Salmon=6; BC1_to_Trout=8; BC2_to_Salmon=2; BC2_to_Trout=9; BC3_to_Salmon=10; BC3_to_Trout=9; F1=2; F2=5; nonhybrid_Salmon=73; nonhybrid_Trout=76
521,snps_5_sample_200_pop_1_ind_0.5,1,5,200,1,0.5,0.5,100,1,TRUE,98,102,TRUE,74,74,0,24,TRUE,FALSE,0.5185,0,1,BC1_to_Salmon=16; BC1_to_Trout=9; BC2_to_Salmon=14; BC2_to_Trout=17; BC3_to_Salmon=9; BC3_to_Trout=13; F1=10; F2=10; nonhybrid_Salmon=47; nonhybrid_Trout=55
522,snps_5_sample_200_pop_1_ind_0.5,2,5,200,1,0.5,0.5,100,1,TRUE,100,100,TRUE,78,78,0,22,TRUE,FALSE,0.4755,0,1,BC1_to_Salmon=11; BC1_to_Trout=13; BC2_to_Salmon=9; BC2_to_Trout=14; BC3_to_Salmon=16; BC3_to_Trout=11; F1=12; F2=14; nonhybrid_Salmon=56; nonhybrid_Trout=44
523,snps_5_sample_200_pop_1_ind_0.5,3,5,200,1,0.5,0.5,100,1,TRUE,89,111,TRUE,76,76,0,13,TRUE,FALSE,0.487,0,1,BC1_to_Salmon=13; BC1_to_Trout=11; BC2_to_Salmon=5; BC2_to_Trout=14; BC3_to_Salmon=17; BC3_to_Trout=8; F1=7; F2=14; nonhybrid_Salmon=56; nonhybrid_Trout=55
524,snps_5_sample_200_pop_1_ind_0.5,4,5,200,1,0.5,0.5,100,1,TRUE,107,93,TRUE,81,81,0,26,TRUE,FALSE,0.5675,0,1,BC1_to_Salmon=12; BC1_to_Trout=11; BC2_to_Salmon=12; BC2_to_Trout=13; BC3_to_Salmon=5; BC3_to_Trout=20; F1=16; F2=18; nonhybrid_Salmon=40; nonhybrid_Trout=53
525,snps_5_sample_200_pop_1_ind_0.5,5,5,200,1,0.5,0.5,100,1,TRUE,86,114,TRUE,72,72,0,14,TRUE,FALSE,0.515,0,1,BC1_to_Salmon=10; BC1_to_Trout=9; BC2_to_Salmon=8; BC2_to_Trout=12; BC3_to_Salmon=7; BC3_to_Trout=15; F1=10; F2=15; nonhybrid_Salmon=59; nonhybrid_Trout=55
526,snps_5_sample_200_pop_1_ind_0.5,6,5,200,1,0.5,0.5,100,1,TRUE,106,94,TRUE,86,86,0,20,TRUE,FALSE,0.5185,0,1,BC1_to_Salmon=19; BC1_to_Trout=10; BC2_to_Salmon=14; BC2_to_Trout=14; BC3_to_Salmon=9; BC3_to_Trout=23; F1=11; F2=6; nonhybrid_Salmon=48; nonhybrid_Trout=46
527,snps_5_sample_200_pop_1_ind_0.5,7,5,200,1,0.5,0.5,100,1,TRUE,113,87,TRUE,87,87,0,26,TRUE,FALSE,0.499,0,1,BC1_to_Salmon=14; BC1_to_Trout=14; BC2_to_Salmon=18; BC2_to_Trout=16; BC3_to_Salmon=15; BC3_to_Trout=12; F1=10; F2=14; nonhybrid_Salmon=42; nonhybrid_Trout=45
528,snps_5_sample_200_pop_1_ind_0.5,8,5,200,1,0.5,0.5,100,1,TRUE,91,109,TRUE,80,80,0,11,TRUE,FALSE,0.465,0,1,BC1_to_Salmon=4; BC1_to_Trout=13; BC2_to_Salmon=11; BC2_to_Trout=9; BC3_to_Salmon=9; BC3_to_Trout=17; F1=7; F2=21; nonhybrid_Salmon=66; nonhybrid_Trout=43
529,snps_5_sample_200_pop_1_ind_0.5,9,5,200,1,0.5,0.5,100,1,TRUE,92,108,TRUE,78,78,0,14,TRUE,FALSE,0.5085,0,1,BC1_to_Salmon=11; BC1_to_Trout=14; BC2_to_Salmon=8; BC2_to_Trout=6; BC3_to_Salmon=16; BC3_to_Trout=10; F1=11; F2=16; nonhybrid_Salmon=51; nonhybrid_Trout=57
530,snps_5_sample_200_pop_1_ind_0.5,10,5,200,1,0.5,0.5,100,1,TRUE,97,103,TRUE,73,73,0,24,TRUE,FALSE,0.477,0,1,BC1_to_Salmon=9; BC1_to_Trout=8; BC2_to_Salmon=10; BC2_to_Trout=13; BC3_to_Salmon=13; BC3_to_Trout=15; F1=17; F2=12; nonhybrid_Salmon=57; nonhybrid_Trout=46
531,snps_5_sample_200_pop_1_ind_0.75,1,5,200,1,0.75,0.75,150,1,TRUE,152,48,TRUE,110,110,0,42,TRUE,FALSE,0.5115,0,1,BC1_to_Salmon=15; BC1_to_Trout=17; BC2_to_Salmon=28; BC2_to_Trout=18; BC3_to_Salmon=14; BC3_to_Trout=26; F1=14; F2=20; nonhybrid_Salmon=24; nonhybrid_Trout=24
532,snps_5_sample_200_pop_1_ind_0.75,2,5,200,1,0.75,0.75,150,1,TRUE,151,49,TRUE,125,125,0,26,TRUE,FALSE,0.5175,0,1,BC1_to_Salmon=19; BC1_to_Trout=23; BC2_to_Salmon=13; BC2_to_Trout=22; BC3_to_Salmon=19; BC3_to_Trout=15; F1=12; F2=28; nonhybrid_Salmon=22; nonhybrid_Trout=27
533,snps_5_sample_200_pop_1_ind_0.75,3,5,200,1,0.75,0.75,150,1,TRUE,140,60,TRUE,121,121,0,19,TRUE,FALSE,0.495,0,1,BC1_to_Salmon=15; BC1_to_Trout=23; BC2_to_Salmon=19; BC2_to_Trout=24; BC3_to_Salmon=15; BC3_to_Trout=13; F1=15; F2=16; nonhybrid_Salmon=33; nonhybrid_Trout=27
534,snps_5_sample_200_pop_1_ind_0.75,4,5,200,1,0.75,0.75,150,1,TRUE,146,54,TRUE,107,107,0,39,TRUE,FALSE,0.502,0,1,BC1_to_Salmon=10; BC1_to_Trout=23; BC2_to_Salmon=24; BC2_to_Trout=19; BC3_to_Salmon=19; BC3_to_Trout=17; F1=14; F2=20; nonhybrid_Salmon=28; nonhybrid_Trout=26
535,snps_5_sample_200_pop_1_ind_0.75,5,5,200,1,0.75,0.75,150,1,TRUE,148,52,TRUE,125,125,0,23,TRUE,FALSE,0.5165,0,1,BC1_to_Salmon=10; BC1_to_Trout=20; BC2_to_Salmon=21; BC2_to_Trout=20; BC3_to_Salmon=19; BC3_to_Trout=14; F1=16; F2=28; nonhybrid_Salmon=25; nonhybrid_Trout=27
536,snps_5_sample_200_pop_1_ind_0.75,6,5,200,1,0.75,0.75,150,1,TRUE,151,49,TRUE,121,121,0,30,TRUE,FALSE,0.523,0,1,BC1_to_Salmon=6; BC1_to_Trout=18; BC2_to_Salmon=25; BC2_to_Trout=18; BC3_to_Salmon=20; BC3_to_Trout=24; F1=22; F2=18; nonhybrid_Salmon=22; nonhybrid_Trout=27
537,snps_5_sample_200_pop_1_ind_0.75,7,5,200,1,0.75,0.75,150,1,TRUE,149,51,TRUE,112,112,0,37,TRUE,FALSE,0.5125,0,1,BC1_to_Salmon=21; BC1_to_Trout=15; BC2_to_Salmon=22; BC2_to_Trout=17; BC3_to_Salmon=16; BC3_to_Trout=27; F1=14; F2=17; nonhybrid_Salmon=26; nonhybrid_Trout=25
538,snps_5_sample_200_pop_1_ind_0.75,8,5,200,1,0.75,0.75,150,1,TRUE,144,56,TRUE,117,117,0,27,TRUE,FALSE,0.484,0,1,BC1_to_Salmon=12; BC1_to_Trout=17; BC2_to_Salmon=22; BC2_to_Trout=23; BC3_to_Salmon=18; BC3_to_Trout=16; F1=17; F2=19; nonhybrid_Salmon=31; nonhybrid_Trout=25
539,snps_5_sample_200_pop_1_ind_0.75,9,5,200,1,0.75,0.75,150,1,TRUE,149,51,TRUE,119,119,0,30,TRUE,FALSE,0.498,0,1,BC1_to_Salmon=21; BC1_to_Trout=20; BC2_to_Salmon=18; BC2_to_Trout=22; BC3_to_Salmon=15; BC3_to_Trout=14; F1=17; F2=22; nonhybrid_Salmon=25; nonhybrid_Trout=26
540,snps_5_sample_200_pop_1_ind_0.75,10,5,200,1,0.75,0.75,150,1,TRUE,160,40,TRUE,123,123,0,37,TRUE,FALSE,0.483,0,1,BC1_to_Salmon=22; BC1_to_Trout=22; BC2_to_Salmon=19; BC2_to_Trout=18; BC3_to_Salmon=24; BC3_to_Trout=23; F1=16; F2=16; nonhybrid_Salmon=21; nonhybrid_Trout=19
541,snps_5_sample_200_pop_1_ind_1,1,5,200,1,1,1,200,1,TRUE,200,0,TRUE,162,162,0,38,TRUE,FALSE,0.507,0,1,BC1_to_Salmon=26; BC1_to_Trout=31; BC2_to_Salmon=25; BC2_to_Trout=19; BC3_to_Salmon=24; BC3_to_Trout=32; F1=19; F2=24
542,snps_5_sample_200_pop_1_ind_1,2,5,200,1,1,1,200,1,TRUE,200,0,TRUE,152,152,0,48,TRUE,FALSE,0.537,0,1,BC1_to_Salmon=22; BC1_to_Trout=31; BC2_to_Salmon=21; BC2_to_Trout=27; BC3_to_Salmon=27; BC3_to_Trout=30; F1=17; F2=25
543,snps_5_sample_200_pop_1_ind_1,3,5,200,1,1,1,200,1,TRUE,200,0,TRUE,163,163,0,37,TRUE,FALSE,0.502,0,1,BC1_to_Salmon=27; BC1_to_Trout=28; BC2_to_Salmon=22; BC2_to_Trout=26; BC3_to_Salmon=29; BC3_to_Trout=23; F1=25; F2=20
544,snps_5_sample_200_pop_1_ind_1,4,5,200,1,1,1,200,1,TRUE,200,0,TRUE,159,159,0,41,TRUE,FALSE,0.509,0,1,BC1_to_Salmon=31; BC1_to_Trout=22; BC2_to_Salmon=21; BC2_to_Trout=26; BC3_to_Salmon=24; BC3_to_Trout=28; F1=27; F2=21
545,snps_5_sample_200_pop_1_ind_1,5,5,200,1,1,1,200,1,TRUE,200,0,TRUE,169,169,0,31,TRUE,FALSE,0.518,0,1,BC1_to_Salmon=18; BC1_to_Trout=33; BC2_to_Salmon=25; BC2_to_Trout=25; BC3_to_Salmon=22; BC3_to_Trout=22; F1=27; F2=28
546,snps_5_sample_200_pop_1_ind_1,6,5,200,1,1,1,200,1,TRUE,200,0,TRUE,154,154,0,46,TRUE,FALSE,0.524,0,1,BC1_to_Salmon=19; BC1_to_Trout=31; BC2_to_Salmon=22; BC2_to_Trout=30; BC3_to_Salmon=25; BC3_to_Trout=23; F1=23; F2=27
547,snps_5_sample_200_pop_1_ind_1,7,5,200,1,1,1,200,1,TRUE,200,0,TRUE,166,166,0,34,TRUE,FALSE,0.506,0,1,BC1_to_Salmon=26; BC1_to_Trout=26; BC2_to_Salmon=29; BC2_to_Trout=24; BC3_to_Salmon=20; BC3_to_Trout=28; F1=26; F2=21
548,snps_5_sample_200_pop_1_ind_1,8,5,200,1,1,1,200,1,TRUE,200,0,TRUE,158,158,0,42,TRUE,FALSE,0.5005000000000001,0,1,BC1_to_Salmon=26; BC1_to_Trout=20; BC2_to_Salmon=26; BC2_to_Trout=26; BC3_to_Salmon=22; BC3_to_Trout=28; F1=26; F2=26
549,snps_5_sample_200_pop_1_ind_1,9,5,200,1,1,1,200,1,TRUE,200,0,TRUE,160,160,0,40,TRUE,FALSE,0.515,0,1,BC1_to_Salmon=26; BC1_to_Trout=24; BC2_to_Salmon=29; BC2_to_Trout=20; BC3_to_Salmon=19; BC3_to_Trout=36; F1=21; F2=25
550,snps_5_sample_200_pop_1_ind_1,10,5,200,1,1,1,200,1,TRUE,200,0,TRUE,164,164,0,36,TRUE,FALSE,0.5075,0,1,BC1_to_Salmon=22; BC1_to_Trout=31; BC2_to_Salmon=32; BC2_to_Trout=24; BC3_to_Salmon=21; BC3_to_Trout=25; F1=20; F2=25
551,snps_10_sample_10_pop_1_ind_0,1,10,10,1,0,0,0,0,TRUE,0,10,FALSE,0,0,0,0,FALSE,FALSE,0.6,0,1,nonhybrid_Salmon=4; nonhybrid_Trout=6
552,snps_10_sample_10_pop_1_ind_0,2,10,10,1,0,0,0,0,TRUE,0,10,FALSE,0,0,0,0,FALSE,FALSE,0.6,0,1,nonhybrid_Salmon=4; nonhybrid_Trout=6
553,snps_10_sample_10_pop_1_ind_0,3,10,10,1,0,0,0,0,TRUE,0,10,FALSE,0,0,0,0,FALSE,FALSE,0.6,0,1,nonhybrid_Salmon=4; nonhybrid_Trout=6
554,snps_10_sample_10_pop_1_ind_0,4,10,10,1,0,0,0,0,TRUE,0,10,FALSE,0,0,0,0,FALSE,FALSE,0.6,0,1,nonhybrid_Salmon=4; nonhybrid_Trout=6
555,snps_10_sample_10_pop_1_ind_0,5,10,10,1,0,0,0,0,TRUE,0,10,FALSE,0,0,0,0,FALSE,FALSE,0.4,0,1,nonhybrid_Salmon=6; nonhybrid_Trout=4
556,snps_10_sample_10_pop_1_ind_0,6,10,10,1,0,0,0,0,TRUE,0,10,FALSE,0,0,0,0,FALSE,FALSE,0.6,0,1,nonhybrid_Salmon=4; nonhybrid_Trout=6
557,snps_10_sample_10_pop_1_ind_0,7,10,10,1,0,0,0,0,TRUE,0,10,FALSE,0,0,0,0,FALSE,FALSE,0.5,0,1,nonhybrid_Salmon=5; nonhybrid_Trout=5
558,snps_10_sample_10_pop_1_ind_0,8,10,10,1,0,0,0,0,TRUE,0,10,FALSE,0,0,0,0,FALSE,FALSE,0.2,0,1,nonhybrid_Salmon=8; nonhybrid_Trout=2
559,snps_10_sample_10_pop_1_ind_0,9,10,10,1,0,0,0,0,TRUE,0,10,FALSE,0,0,0,0,FALSE,FALSE,0.6,0,1,nonhybrid_Salmon=4; nonhybrid_Trout=6
560,snps_10_sample_10_pop_1_ind_0,10,10,10,1,0,0,0,0,TRUE,0,10,FALSE,0,0,0,0,FALSE,FALSE,0.4,0,1,nonhybrid_Salmon=6; nonhybrid_Trout=4
561,snps_10_sample_10_pop_1_ind_0.001,1,10,10,1,0.001,0.001,0.01,0.009955119790251765,TRUE,0,10,FALSE,0,0,0,0,FALSE,FALSE,0.3,0,1,nonhybrid_Salmon=7; nonhybrid_Trout=3
562,snps_10_sample_10_pop_1_ind_0.001,2,10,10,1,0.001,0.001,0.01,0.009955119790251765,TRUE,0,10,FALSE,0,0,0,0,FALSE,FALSE,0.7,0,1,nonhybrid_Salmon=3; nonhybrid_Trout=7
563,snps_10_sample_10_pop_1_ind_0.001,3,10,10,1,0.001,0.001,0.01,0.009955119790251765,TRUE,0,10,FALSE,0,0,0,0,FALSE,FALSE,0.5,0,1,nonhybrid_Salmon=5; nonhybrid_Trout=5
564,snps_10_sample_10_pop_1_ind_0.001,4,10,10,1,0.001,0.001,0.01,0.009955119790251765,TRUE,0,10,FALSE,0,0,0,0,FALSE,FALSE,0.6,0,1,nonhybrid_Salmon=4; nonhybrid_Trout=6
565,snps_10_sample_10_pop_1_ind_0.001,5,10,10,1,0.001,0.001,0.01,0.009955119790251765,TRUE,0,10,FALSE,0,0,0,0,FALSE,FALSE,0.6,0,1,nonhybrid_Salmon=4; nonhybrid_Trout=6
566,snps_10_sample_10_pop_1_ind_0.001,6,10,10,1,0.001,0.001,0.01,0.009955119790251765,TRUE,0,10,FALSE,0,0,0,0,FALSE,FALSE,0.5,0,1,nonhybrid_Salmon=5; nonhybrid_Trout=5
567,snps_10_sample_10_pop_1_ind_0.001,7,10,10,1,0.001,0.001,0.01,0.009955119790251765,TRUE,0,10,FALSE,0,0,0,0,FALSE,FALSE,0.7,0,1,nonhybrid_Salmon=3; nonhybrid_Trout=7
568,snps_10_sample_10_pop_1_ind_0.001,8,10,10,1,0.001,0.001,0.01,0.009955119790251765,TRUE,0,10,FALSE,0,0,0,0,FALSE,FALSE,0.4,0,1,nonhybrid_Salmon=6; nonhybrid_Trout=4
569,snps_10_sample_10_pop_1_ind_0.001,9,10,10,1,0.001,0.001,0.01,0.009955119790251765,TRUE,0,10,FALSE,0,0,0,0,FALSE,FALSE,0.4,0,1,nonhybrid_Salmon=6; nonhybrid_Trout=4
570,snps_10_sample_10_pop_1_ind_0.001,10,10,10,1,0.001,0.001,0.01,0.009955119790251765,TRUE,0,10,FALSE,0,0,0,0,FALSE,FALSE,0.5,0,1,nonhybrid_Salmon=5; nonhybrid_Trout=5
571,snps_10_sample_10_pop_1_ind_0.005,1,10,10,1,0.005,0.005,0.05,0.048889869534228136,TRUE,0,10,FALSE,0,0,0,0,FALSE,FALSE,0.4,0,1,nonhybrid_Salmon=6; nonhybrid_Trout=4
572,snps_10_sample_10_pop_1_ind_0.005,2,10,10,1,0.005,0.005,0.05,0.048889869534228136,TRUE,0,10,FALSE,0,0,0,0,FALSE,FALSE,0.5,0,1,nonhybrid_Salmon=5; nonhybrid_Trout=5
573,snps_10_sample_10_pop_1_ind_0.005,3,10,10,1,0.005,0.005,0.05,0.048889869534228136,TRUE,0,10,FALSE,0,0,0,0,FALSE,FALSE,0.4,0,1,nonhybrid_Salmon=6; nonhybrid_Trout=4
574,snps_10_sample_10_pop_1_ind_0.005,4,10,10,1,0.005,0.005,0.05,0.048889869534228136,TRUE,0,10,FALSE,0,0,0,0,FALSE,FALSE,0.8,0,1,nonhybrid_Salmon=2; nonhybrid_Trout=8
575,snps_10_sample_10_pop_1_ind_0.005,5,10,10,1,0.005,0.005,0.05,0.048889869534228136,TRUE,0,10,FALSE,0,0,0,0,FALSE,FALSE,0.5,0,1,nonhybrid_Salmon=5; nonhybrid_Trout=5
576,snps_10_sample_10_pop_1_ind_0.005,6,10,10,1,0.005,0.005,0.05,0.048889869534228136,TRUE,0,10,FALSE,0,0,0,0,FALSE,FALSE,0.7,0,1,nonhybrid_Salmon=3; nonhybrid_Trout=7
577,snps_10_sample_10_pop_1_ind_0.005,7,10,10,1,0.005,0.005,0.05,0.048889869534228136,TRUE,0,10,FALSE,0,0,0,0,FALSE,FALSE,0.7,0,1,nonhybrid_Salmon=3; nonhybrid_Trout=7
578,snps_10_sample_10_pop_1_ind_0.005,8,10,10,1,0.005,0.005,0.05,0.048889869534228136,TRUE,0,10,FALSE,0,0,0,0,FALSE,FALSE,0.9,0,1,nonhybrid_Salmon=1; nonhybrid_Trout=9
579,snps_10_sample_10_pop_1_ind_0.005,9,10,10,1,0.005,0.005,0.05,0.048889869534228136,TRUE,0,10,FALSE,0,0,0,0,FALSE,FALSE,0.7,0,1,nonhybrid_Salmon=3; nonhybrid_Trout=7
580,snps_10_sample_10_pop_1_ind_0.005,10,10,10,1,0.005,0.005,0.05,0.048889869534228136,TRUE,0,10,FALSE,0,0,0,0,FALSE,FALSE,0.5,0,1,nonhybrid_Salmon=5; nonhybrid_Trout=5
581,snps_10_sample_10_pop_1_ind_0.01,1,10,10,1,0.01,0.01,0.1,0.09561792499119559,TRUE,0,10,FALSE,0,0,0,0,FALSE,FALSE,0.4,0,1,nonhybrid_Salmon=6; nonhybrid_Trout=4
582,snps_10_sample_10_pop_1_ind_0.01,2,10,10,1,0.01,0.01,0.1,0.09561792499119559,TRUE,0,10,FALSE,0,0,0,0,FALSE,FALSE,0.3,0,1,nonhybrid_Salmon=7; nonhybrid_Trout=3
583,snps_10_sample_10_pop_1_ind_0.01,3,10,10,1,0.01,0.01,0.1,0.09561792499119559,TRUE,0,10,FALSE,0,0,0,0,FALSE,FALSE,0.4,0,1,nonhybrid_Salmon=6; nonhybrid_Trout=4
584,snps_10_sample_10_pop_1_ind_0.01,4,10,10,1,0.01,0.01,0.1,0.09561792499119559,TRUE,0,10,FALSE,0,0,0,0,FALSE,FALSE,0.6,0,1,nonhybrid_Salmon=4; nonhybrid_Trout=6
585,snps_10_sample_10_pop_1_ind_0.01,5,10,10,1,0.01,0.01,0.1,0.09561792499119559,TRUE,0,10,FALSE,0,0,0,0,FALSE,FALSE,0.5,0,1,nonhybrid_Salmon=5; nonhybrid_Trout=5
586,snps_10_sample_10_pop_1_ind_0.01,6,10,10,1,0.01,0.01,0.1,0.09561792499119559,TRUE,0,10,FALSE,0,0,0,0,FALSE,FALSE,0.4,0,1,nonhybrid_Salmon=6; nonhybrid_Trout=4
587,snps_10_sample_10_pop_1_ind_0.01,7,10,10,1,0.01,0.01,0.1,0.09561792499119559,TRUE,0,10,FALSE,0,0,0,0,FALSE,FALSE,0.4,0,1,nonhybrid_Salmon=6; nonhybrid_Trout=4
588,snps_10_sample_10_pop_1_ind_0.01,8,10,10,1,0.01,0.01,0.1,0.09561792499119559,TRUE,0,10,FALSE,0,0,0,0,FALSE,FALSE,0.5,0,1,nonhybrid_Salmon=5; nonhybrid_Trout=5
589,snps_10_sample_10_pop_1_ind_0.01,9,10,10,1,0.01,0.01,0.1,0.09561792499119559,TRUE,1,9,TRUE,1,1,0,0,TRUE,FALSE,0.45,0,1,F1=1; nonhybrid_Salmon=5; nonhybrid_Trout=4
590,snps_10_sample_10_pop_1_ind_0.01,10,10,10,1,0.01,0.01,0.1,0.09561792499119559,TRUE,0,10,FALSE,0,0,0,0,FALSE,FALSE,0.4,0,1,nonhybrid_Salmon=6; nonhybrid_Trout=4
591,snps_10_sample_10_pop_1_ind_0.025,1,10,10,1,0.025,0.025,0.25,0.22367037914356236,TRUE,0,10,FALSE,0,0,0,0,FALSE,FALSE,0.4,0,1,nonhybrid_Salmon=6; nonhybrid_Trout=4
592,snps_10_sample_10_pop_1_ind_0.025,2,10,10,1,0.025,0.025,0.25,0.22367037914356236,TRUE,0,10,FALSE,0,0,0,0,FALSE,FALSE,0.5,0,1,nonhybrid_Salmon=5; nonhybrid_Trout=5
593,snps_10_sample_10_pop_1_ind_0.025,3,10,10,1,0.025,0.025,0.25,0.22367037914356236,TRUE,0,10,FALSE,0,0,0,0,FALSE,FALSE,0.2,0,1,nonhybrid_Salmon=8; nonhybrid_Trout=2
594,snps_10_sample_10_pop_1_ind_0.025,4,10,10,1,0.025,0.025,0.25,0.22367037914356236,TRUE,0,10,FALSE,0,0,0,0,FALSE,FALSE,0.7,0,1,nonhybrid_Salmon=3; nonhybrid_Trout=7
595,snps_10_sample_10_pop_1_ind_0.025,5,10,10,1,0.025,0.025,0.25,0.22367037914356236,TRUE,0,10,FALSE,0,0,0,0,FALSE,FALSE,0.2,0,1,nonhybrid_Salmon=8; nonhybrid_Trout=2
596,snps_10_sample_10_pop_1_ind_0.025,6,10,10,1,0.025,0.025,0.25,0.22367037914356236,TRUE,0,10,FALSE,0,0,0,0,FALSE,FALSE,0.8,0,1,nonhybrid_Salmon=2; nonhybrid_Trout=8
597,snps_10_sample_10_pop_1_ind_0.025,7,10,10,1,0.025,0.025,0.25,0.22367037914356236,TRUE,0,10,FALSE,0,0,0,0,FALSE,FALSE,0.7,0,1,nonhybrid_Salmon=3; nonhybrid_Trout=7
598,snps_10_sample_10_pop_1_ind_0.025,8,10,10,1,0.025,0.025,0.25,0.22367037914356236,TRUE,0,10,FALSE,0,0,0,0,FALSE,FALSE,0.4,0,1,nonhybrid_Salmon=6; nonhybrid_Trout=4
599,snps_10_sample_10_pop_1_ind_0.025,9,10,10,1,0.025,0.025,0.25,0.22367037914356236,TRUE,0,10,FALSE,0,0,0,0,FALSE,FALSE,0.5,0,1,nonhybrid_Salmon=5; nonhybrid_Trout=5
600,snps_10_sample_10_pop_1_ind_0.025,10,10,10,1,0.025,0.025,0.25,0.22367037914356236,TRUE,1,9,TRUE,0,0,0,1,FALSE,FALSE,0.2,0,1,BC3_to_Salmon=1; nonhybrid_Salmon=7; nonhybrid_Trout=2
601,snps_10_sample_10_pop_1_ind_0.05,1,10,10,1,0.05,0.05,0.5,0.4012630607616213,TRUE,0,10,FALSE,0,0,0,0,FALSE,FALSE,0.4,0,1,nonhybrid_Salmon=6; nonhybrid_Trout=4
602,snps_10_sample_10_pop_1_ind_0.05,2,10,10,1,0.05,0.05,0.5,0.4012630607616213,TRUE,0,10,FALSE,0,0,0,0,FALSE,FALSE,0.4,0,1,nonhybrid_Salmon=6; nonhybrid_Trout=4
603,snps_10_sample_10_pop_1_ind_0.05,3,10,10,1,0.05,0.05,0.5,0.4012630607616213,TRUE,1,9,TRUE,1,1,0,0,TRUE,FALSE,0.48,0,1,BC1_to_Trout=1; nonhybrid_Salmon=5; nonhybrid_Trout=4
604,snps_10_sample_10_pop_1_ind_0.05,4,10,10,1,0.05,0.05,0.5,0.4012630607616213,TRUE,0,10,FALSE,0,0,0,0,FALSE,FALSE,0.6,0,1,nonhybrid_Salmon=4; nonhybrid_Trout=6
605,snps_10_sample_10_pop_1_ind_0.05,5,10,10,1,0.05,0.05,0.5,0.4012630607616213,TRUE,0,10,FALSE,0,0,0,0,FALSE,FALSE,0.4,0,1,nonhybrid_Salmon=6; nonhybrid_Trout=4
606,snps_10_sample_10_pop_1_ind_0.05,6,10,10,1,0.05,0.05,0.5,0.4012630607616213,TRUE,0,10,FALSE,0,0,0,0,FALSE,FALSE,0.6,0,1,nonhybrid_Salmon=4; nonhybrid_Trout=6
607,snps_10_sample_10_pop_1_ind_0.05,7,10,10,1,0.05,0.05,0.5,0.4012630607616213,TRUE,1,9,TRUE,0,0,0,1,FALSE,FALSE,0.5,0,1,BC3_to_Salmon=1; nonhybrid_Salmon=4; nonhybrid_Trout=5
608,snps_10_sample_10_pop_1_ind_0.05,8,10,10,1,0.05,0.05,0.5,0.4012630607616213,TRUE,1,9,TRUE,0,0,0,1,FALSE,FALSE,0.6,0,1,BC2_to_Salmon=1; nonhybrid_Salmon=3; nonhybrid_Trout=6
609,snps_10_sample_10_pop_1_ind_0.05,9,10,10,1,0.05,0.05,0.5,0.4012630607616213,TRUE,0,10,FALSE,0,0,0,0,FALSE,FALSE,0.3,0,1,nonhybrid_Salmon=7; nonhybrid_Trout=3
610,snps_10_sample_10_pop_1_ind_0.05,10,10,10,1,0.05,0.05,0.5,0.4012630607616213,TRUE,0,10,FALSE,0,0,0,0,FALSE,FALSE,0.7,0,1,nonhybrid_Salmon=3; nonhybrid_Trout=7
611,snps_10_sample_10_pop_1_ind_0.1,1,10,10,1,0.1,0.1,1,0.6513215599,TRUE,0,10,FALSE,0,0,0,0,FALSE,FALSE,0.7,0,1,nonhybrid_Salmon=3; nonhybrid_Trout=7
612,snps_10_sample_10_pop_1_ind_0.1,2,10,10,1,0.1,0.1,1,0.6513215599,TRUE,0,10,FALSE,0,0,0,0,FALSE,FALSE,0.5,0,1,nonhybrid_Salmon=5; nonhybrid_Trout=5
613,snps_10_sample_10_pop_1_ind_0.1,3,10,10,1,0.1,0.1,1,0.6513215599,TRUE,3,7,TRUE,2,2,0,1,TRUE,FALSE,0.5,0,1,BC1_to_Salmon=1; BC1_to_Trout=1; BC3_to_Salmon=1; nonhybrid_Salmon=3; nonhybrid_Trout=4
614,snps_10_sample_10_pop_1_ind_0.1,4,10,10,1,0.1,0.1,1,0.6513215599,TRUE,1,9,TRUE,1,1,0,0,TRUE,FALSE,0.42,0,1,BC2_to_Salmon=1; nonhybrid_Salmon=5; nonhybrid_Trout=4
615,snps_10_sample_10_pop_1_ind_0.1,5,10,10,1,0.1,0.1,1,0.6513215599,TRUE,2,8,TRUE,2,2,0,0,TRUE,FALSE,0.49,0,1,F2=2; nonhybrid_Salmon=4; nonhybrid_Trout=4
616,snps_10_sample_10_pop_1_ind_0.1,6,10,10,1,0.1,0.1,1,0.6513215599,TRUE,1,9,TRUE,1,1,0,0,TRUE,FALSE,0.37,0,1,F2=1; nonhybrid_Salmon=6; nonhybrid_Trout=3
617,snps_10_sample_10_pop_1_ind_0.1,7,10,10,1,0.1,0.1,1,0.6513215599,TRUE,1,9,TRUE,1,1,0,0,TRUE,FALSE,0.65,0,1,F2=1; nonhybrid_Salmon=3; nonhybrid_Trout=6
618,snps_10_sample_10_pop_1_ind_0.1,8,10,10,1,0.1,0.1,1,0.6513215599,TRUE,1,9,TRUE,1,1,0,0,TRUE,FALSE,0.51,0,1,BC3_to_Salmon=1; nonhybrid_Salmon=4; nonhybrid_Trout=5
619,snps_10_sample_10_pop_1_ind_0.1,9,10,10,1,0.1,0.1,1,0.6513215599,TRUE,1,9,TRUE,1,1,0,0,TRUE,FALSE,0.385,0,1,BC2_to_Trout=1; nonhybrid_Salmon=6; nonhybrid_Trout=3
620,snps_10_sample_10_pop_1_ind_0.1,10,10,10,1,0.1,0.1,1,0.6513215599,TRUE,1,9,TRUE,1,1,0,0,TRUE,FALSE,0.55,0,1,F1=1; nonhybrid_Salmon=4; nonhybrid_Trout=5
621,snps_10_sample_10_pop_1_ind_0.25,1,10,10,1,0.25,0.25,2.5,0.9436864852905273,TRUE,3,7,TRUE,2,2,0,1,TRUE,FALSE,0.71,0,1,BC1_to_Trout=1; BC3_to_Salmon=1; F2=1; nonhybrid_Salmon=1; nonhybrid_Trout=6
622,snps_10_sample_10_pop_1_ind_0.25,2,10,10,1,0.25,0.25,2.5,0.9436864852905273,TRUE,2,8,TRUE,1,1,0,1,TRUE,FALSE,0.27999999999999997,0,1,BC3_to_Trout=2; nonhybrid_Salmon=7; nonhybrid_Trout=1
623,snps_10_sample_10_pop_1_ind_0.25,3,10,10,1,0.25,0.25,2.5,0.9436864852905273,TRUE,3,7,TRUE,2,2,0,1,TRUE,FALSE,0.545,0,1,BC1_to_Salmon=1; BC2_to_Salmon=1; BC3_to_Salmon=1; nonhybrid_Salmon=2; nonhybrid_Trout=5
624,snps_10_sample_10_pop_1_ind_0.25,4,10,10,1,0.25,0.25,2.5,0.9436864852905273,TRUE,5,5,TRUE,5,5,0,0,TRUE,FALSE,0.825,0.2,1,BC1_to_Trout=3; BC2_to_Salmon=1; BC2_to_Trout=1; nonhybrid_Trout=5
625,snps_10_sample_10_pop_1_ind_0.25,5,10,10,1,0.25,0.25,2.5,0.9436864852905273,TRUE,4,6,TRUE,4,4,0,0,TRUE,FALSE,0.445,0,1,BC2_to_Trout=1; BC3_to_Trout=1; F1=1; F2=1; nonhybrid_Salmon=4; nonhybrid_Trout=2
626,snps_10_sample_10_pop_1_ind_0.25,6,10,10,1,0.25,0.25,2.5,0.9436864852905273,TRUE,4,6,TRUE,3,3,0,1,TRUE,FALSE,0.39999999999999997,0,1,BC1_to_Salmon=1; BC2_to_Salmon=1; BC2_to_Trout=1; F2=1; nonhybrid_Salmon=4; nonhybrid_Trout=2
627,snps_10_sample_10_pop_1_ind_0.25,7,10,10,1,0.25,0.25,2.5,0.9436864852905273,TRUE,1,9,TRUE,1,1,0,0,TRUE,FALSE,0.61,0,1,BC2_to_Salmon=1; nonhybrid_Salmon=3; nonhybrid_Trout=6
628,snps_10_sample_10_pop_1_ind_0.25,8,10,10,1,0.25,0.25,2.5,0.9436864852905273,TRUE,1,9,TRUE,1,1,0,0,TRUE,FALSE,0.49,0,1,BC3_to_Trout=1; nonhybrid_Salmon=5; nonhybrid_Trout=4
629,snps_10_sample_10_pop_1_ind_0.25,9,10,10,1,0.25,0.25,2.5,0.9436864852905273,TRUE,1,9,TRUE,1,1,0,0,TRUE,FALSE,0.52,0,1,BC2_to_Salmon=1; nonhybrid_Salmon=4; nonhybrid_Trout=5
630,snps_10_sample_10_pop_1_ind_0.25,10,10,10,1,0.25,0.25,2.5,0.9436864852905273,TRUE,2,8,TRUE,1,1,0,1,TRUE,FALSE,0.75,0,1,BC3_to_Trout=1; F2=1; nonhybrid_Salmon=2; nonhybrid_Trout=6
631,snps_10_sample_10_pop_1_ind_0.5,1,10,10,1,0.5,0.5,5,0.9990234375,TRUE,4,6,TRUE,4,4,0,0,TRUE,FALSE,0.45,0,1,BC1_to_Salmon=1; BC1_to_Trout=1; BC2_to_Trout=1; F2=1; nonhybrid_Salmon=4; nonhybrid_Trout=2
632,snps_10_sample_10_pop_1_ind_0.5,2,10,10,1,0.5,0.5,5,0.9990234375,TRUE,5,5,TRUE,5,5,0,0,TRUE,FALSE,0.75,0.1,1,BC3_to_Salmon=1; BC3_to_Trout=1; F1=1; F2=2; nonhybrid_Trout=5
633,snps_10_sample_10_pop_1_ind_0.5,3,10,10,1,0.5,0.5,5,0.9990234375,TRUE,8,2,TRUE,5,5,0,3,TRUE,FALSE,0.48,0.05,1,BC1_to_Salmon=2; BC1_to_Trout=1; BC2_to_Salmon=1; BC3_to_Salmon=2; BC3_to_Trout=1; F1=1; nonhybrid_Trout=2
634,snps_10_sample_10_pop_1_ind_0.5,4,10,10,1,0.5,0.5,5,0.9990234375,TRUE,4,6,TRUE,2,2,0,2,TRUE,FALSE,0.33,0,1,BC2_to_Salmon=1; BC2_to_Trout=1; BC3_to_Salmon=1; F1=1; nonhybrid_Salmon=4; nonhybrid_Trout=2
635,snps_10_sample_10_pop_1_ind_0.5,5,10,10,1,0.5,0.5,5,0.9990234375,TRUE,6,4,TRUE,4,4,0,2,TRUE,FALSE,0.595,0,1,BC1_to_Trout=1; BC2_to_Trout=1; BC3_to_Trout=1; F1=1; F2=2; nonhybrid_Salmon=2; nonhybrid_Trout=2
636,snps_10_sample_10_pop_1_ind_0.5,6,10,10,1,0.5,0.5,5,0.9990234375,TRUE,4,6,TRUE,2,2,0,2,TRUE,FALSE,0.46,0,1,BC3_to_Salmon=2; BC3_to_Trout=1; F1=1; nonhybrid_Salmon=3; nonhybrid_Trout=3
637,snps_10_sample_10_pop_1_ind_0.5,7,10,10,1,0.5,0.5,5,0.9990234375,TRUE,6,4,TRUE,5,5,0,1,TRUE,FALSE,0.395,0,1,BC1_to_Trout=1; BC2_to_Salmon=1; BC3_to_Salmon=2; F1=2; nonhybrid_Salmon=2; nonhybrid_Trout=2
638,snps_10_sample_10_pop_1_ind_0.5,8,10,10,1,0.5,0.5,5,0.9990234375,TRUE,4,6,TRUE,3,3,0,1,TRUE,FALSE,0.7,0,1,BC1_to_Trout=1; BC2_to_Trout=2; F2=1; nonhybrid_Salmon=2; nonhybrid_Trout=4
639,snps_10_sample_10_pop_1_ind_0.5,9,10,10,1,0.5,0.5,5,0.9990234375,TRUE,6,4,TRUE,5,5,0,1,TRUE,FALSE,0.595,0,1,BC1_to_Trout=2; BC3_to_Trout=1; F1=2; F2=1; nonhybrid_Salmon=2; nonhybrid_Trout=2
640,snps_10_sample_10_pop_1_ind_0.5,10,10,10,1,0.5,0.5,5,0.9990234375,TRUE,4,6,TRUE,2,2,0,2,TRUE,FALSE,0.435,0,1,BC1_to_Salmon=1; BC2_to_Salmon=1; BC3_to_Salmon=2; nonhybrid_Salmon=2; nonhybrid_Trout=4
641,snps_10_sample_10_pop_1_ind_0.75,1,10,10,1,0.75,0.75,7.5,0.9999990463256836,TRUE,8,2,TRUE,8,8,0,0,TRUE,FALSE,0.39,0,1,BC1_to_Salmon=2; BC1_to_Trout=1; BC2_to_Salmon=1; BC3_to_Salmon=1; F1=3; nonhybrid_Salmon=1; nonhybrid_Trout=1
642,snps_10_sample_10_pop_1_ind_0.75,2,10,10,1,0.75,0.75,7.5,0.9999990463256836,TRUE,9,1,TRUE,7,7,0,2,TRUE,FALSE,0.16,0,0.5,BC1_to_Salmon=1; BC2_to_Salmon=6; BC3_to_Salmon=1; F1=1; nonhybrid_Salmon=1
643,snps_10_sample_10_pop_1_ind_0.75,3,10,10,1,0.75,0.75,7.5,0.9999990463256836,TRUE,6,4,TRUE,6,6,0,0,TRUE,FALSE,0.54,0,1,BC1_to_Salmon=2; BC1_to_Trout=1; BC2_to_Trout=1; F2=2; nonhybrid_Salmon=2; nonhybrid_Trout=2
644,snps_10_sample_10_pop_1_ind_0.75,4,10,10,1,0.75,0.75,7.5,0.9999990463256836,TRUE,7,3,TRUE,6,6,0,1,TRUE,FALSE,0.44,0,1,BC1_to_Salmon=1; BC1_to_Trout=1; BC2_to_Salmon=1; BC2_to_Trout=2; BC3_to_Salmon=1; F2=1; nonhybrid_Salmon=2; nonhybrid_Trout=1
645,snps_10_sample_10_pop_1_ind_0.75,5,10,10,1,0.75,0.75,7.5,0.9999990463256836,TRUE,7,3,TRUE,6,6,0,1,TRUE,FALSE,0.535,0,1,BC1_to_Trout=2; BC2_to_Salmon=1; BC2_to_Trout=2; BC3_to_Trout=1; F2=1; nonhybrid_Salmon=2; nonhybrid_Trout=1
646,snps_10_sample_10_pop_1_ind_0.75,6,10,10,1,0.75,0.75,7.5,0.9999990463256836,TRUE,5,5,TRUE,4,4,0,1,TRUE,FALSE,0.5700000000000001,0,1,BC2_to_Salmon=1; BC2_to_Trout=2; BC3_to_Trout=2; nonhybrid_Salmon=3; nonhybrid_Trout=2
647,snps_10_sample_10_pop_1_ind_0.75,7,10,10,1,0.75,0.75,7.5,0.9999990463256836,TRUE,8,2,TRUE,6,6,0,2,TRUE,FALSE,0.705,0,1,BC1_to_Trout=2; BC2_to_Salmon=1; BC2_to_Trout=2; BC3_to_Trout=2; F1=1; nonhybrid_Salmon=1; nonhybrid_Trout=1
648,snps_10_sample_10_pop_1_ind_0.75,8,10,10,1,0.75,0.75,7.5,0.9999990463256836,TRUE,7,3,TRUE,6,6,0,1,TRUE,FALSE,0.33999999999999997,0,0.95,BC1_to_Salmon=2; BC3_to_Salmon=1; BC3_to_Trout=2; F1=2; nonhybrid_Salmon=3
649,snps_10_sample_10_pop_1_ind_0.75,9,10,10,1,0.75,0.75,7.5,0.9999990463256836,TRUE,9,1,TRUE,7,7,0,2,TRUE,FALSE,0.225,0,0.5,BC1_to_Salmon=1; BC2_to_Salmon=4; BC3_to_Salmon=1; F1=2; F2=1; nonhybrid_Salmon=1
650,snps_10_sample_10_pop_1_ind_0.75,10,10,10,1,0.75,0.75,7.5,0.9999990463256836,TRUE,6,4,TRUE,5,5,0,1,TRUE,FALSE,0.6,0,1,BC1_to_Trout=1; BC2_to_Trout=2; F1=2; F2=1; nonhybrid_Salmon=2; nonhybrid_Trout=2
651,snps_10_sample_10_pop_1_ind_1,1,10,10,1,1,1,10,1,TRUE,10,0,TRUE,7,7,0,3,TRUE,FALSE,0.495,0.05,1,BC1_to_Salmon=2; BC2_to_Salmon=3; BC2_to_Trout=2; BC3_to_Trout=2; F1=1
652,snps_10_sample_10_pop_1_ind_1,2,10,10,1,1,1,10,1,TRUE,10,0,TRUE,8,8,0,2,TRUE,FALSE,0.365,0,0.9,BC1_to_Salmon=3; BC2_to_Salmon=2; BC3_to_Salmon=1; BC3_to_Trout=2; F1=1; F2=1
653,snps_10_sample_10_pop_1_ind_1,3,10,10,1,1,1,10,1,TRUE,10,0,TRUE,5,5,0,5,TRUE,FALSE,0.45,0,0.95,BC1_to_Trout=2; BC2_to_Salmon=2; BC2_to_Trout=1; BC3_to_Salmon=2; BC3_to_Trout=1; F1=2
654,snps_10_sample_10_pop_1_ind_1,4,10,10,1,1,1,10,1,TRUE,10,0,TRUE,10,10,0,0,TRUE,FALSE,0.525,0.1,0.8,BC1_to_Salmon=1; BC1_to_Trout=1; BC2_to_Salmon=1; BC2_to_Trout=3; BC3_to_Salmon=1; F1=1; F2=2
655,snps_10_sample_10_pop_1_ind_1,5,10,10,1,1,1,10,1,TRUE,10,0,TRUE,7,7,0,3,TRUE,FALSE,0.47,0.05,0.95,BC1_to_Trout=1; BC2_to_Salmon=2; BC3_to_Salmon=2; BC3_to_Trout=2; F1=2; F2=1
656,snps_10_sample_10_pop_1_ind_1,6,10,10,1,1,1,10,1,TRUE,10,0,TRUE,6,6,0,4,TRUE,FALSE,0.325,0,0.95,BC1_to_Trout=1; BC2_to_Salmon=2; BC2_to_Trout=1; BC3_to_Salmon=4; F2=2
657,snps_10_sample_10_pop_1_ind_1,7,10,10,1,1,1,10,1,TRUE,10,0,TRUE,8,8,0,2,TRUE,FALSE,0.765,0.1,1,BC1_to_Trout=2; BC2_to_Trout=1; BC3_to_Salmon=1; BC3_to_Trout=5; F2=1
658,snps_10_sample_10_pop_1_ind_1,8,10,10,1,1,1,10,1,TRUE,10,0,TRUE,8,8,0,2,TRUE,FALSE,0.44,0,1,BC1_to_Salmon=2; BC1_to_Trout=3; BC2_to_Salmon=1; BC3_to_Salmon=2; BC3_to_Trout=1; F1=1
659,snps_10_sample_10_pop_1_ind_1,9,10,10,1,1,1,10,1,TRUE,10,0,TRUE,9,9,0,1,TRUE,FALSE,0.51,0.05,0.9,BC1_to_Salmon=2; BC1_to_Trout=1; BC2_to_Salmon=1; BC2_to_Trout=1; F1=2; F2=3
660,snps_10_sample_10_pop_1_ind_1,10,10,10,1,1,1,10,1,TRUE,10,0,TRUE,7,7,0,3,TRUE,FALSE,0.42,0,0.95,BC1_to_Salmon=1; BC2_to_Salmon=1; BC2_to_Trout=1; BC3_to_Salmon=2; BC3_to_Trout=2; F1=1; F2=2
661,snps_10_sample_20_pop_1_ind_0,1,10,20,1,0,0,0,0,TRUE,0,20,FALSE,0,0,0,0,FALSE,FALSE,0.35,0,1,nonhybrid_Salmon=13; nonhybrid_Trout=7
662,snps_10_sample_20_pop_1_ind_0,2,10,20,1,0,0,0,0,TRUE,0,20,FALSE,0,0,0,0,FALSE,FALSE,0.4,0,1,nonhybrid_Salmon=12; nonhybrid_Trout=8
663,snps_10_sample_20_pop_1_ind_0,3,10,20,1,0,0,0,0,TRUE,0,20,FALSE,0,0,0,0,FALSE,FALSE,0.55,0,1,nonhybrid_Salmon=9; nonhybrid_Trout=11
664,snps_10_sample_20_pop_1_ind_0,4,10,20,1,0,0,0,0,TRUE,0,20,FALSE,0,0,0,0,FALSE,FALSE,0.55,0,1,nonhybrid_Salmon=9; nonhybrid_Trout=11
665,snps_10_sample_20_pop_1_ind_0,5,10,20,1,0,0,0,0,TRUE,0,20,FALSE,0,0,0,0,FALSE,FALSE,0.6,0,1,nonhybrid_Salmon=8; nonhybrid_Trout=12
666,snps_10_sample_20_pop_1_ind_0,6,10,20,1,0,0,0,0,TRUE,0,20,FALSE,0,0,0,0,FALSE,FALSE,0.4,0,1,nonhybrid_Salmon=12; nonhybrid_Trout=8
667,snps_10_sample_20_pop_1_ind_0,7,10,20,1,0,0,0,0,TRUE,0,20,FALSE,0,0,0,0,FALSE,FALSE,0.5,0,1,nonhybrid_Salmon=10; nonhybrid_Trout=10
668,snps_10_sample_20_pop_1_ind_0,8,10,20,1,0,0,0,0,TRUE,0,20,FALSE,0,0,0,0,FALSE,FALSE,0.6,0,1,nonhybrid_Salmon=8; nonhybrid_Trout=12
669,snps_10_sample_20_pop_1_ind_0,9,10,20,1,0,0,0,0,TRUE,0,20,FALSE,0,0,0,0,FALSE,FALSE,0.8,0,1,nonhybrid_Salmon=4; nonhybrid_Trout=16
670,snps_10_sample_20_pop_1_ind_0,10,10,20,1,0,0,0,0,TRUE,0,20,FALSE,0,0,0,0,FALSE,FALSE,0.35,0,1,nonhybrid_Salmon=13; nonhybrid_Trout=7
671,snps_10_sample_20_pop_1_ind_0.001,1,10,20,1,0.001,0.001,0.02,0.01981113517046529,TRUE,0,20,FALSE,0,0,0,0,FALSE,FALSE,0.65,0,1,nonhybrid_Salmon=7; nonhybrid_Trout=13
672,snps_10_sample_20_pop_1_ind_0.001,2,10,20,1,0.001,0.001,0.02,0.01981113517046529,TRUE,0,20,FALSE,0,0,0,0,FALSE,FALSE,0.6,0,1,nonhybrid_Salmon=8; nonhybrid_Trout=12
673,snps_10_sample_20_pop_1_ind_0.001,3,10,20,1,0.001,0.001,0.02,0.01981113517046529,TRUE,0,20,FALSE,0,0,0,0,FALSE,FALSE,0.55,0,1,nonhybrid_Salmon=9; nonhybrid_Trout=11
674,snps_10_sample_20_pop_1_ind_0.001,4,10,20,1,0.001,0.001,0.02,0.01981113517046529,TRUE,0,20,FALSE,0,0,0,0,FALSE,FALSE,0.45,0,1,nonhybrid_Salmon=11; nonhybrid_Trout=9
675,snps_10_sample_20_pop_1_ind_0.001,5,10,20,1,0.001,0.001,0.02,0.01981113517046529,TRUE,0,20,FALSE,0,0,0,0,FALSE,FALSE,0.7,0,1,nonhybrid_Salmon=6; nonhybrid_Trout=14
676,snps_10_sample_20_pop_1_ind_0.001,6,10,20,1,0.001,0.001,0.02,0.01981113517046529,TRUE,0,20,FALSE,0,0,0,0,FALSE,FALSE,0.45,0,1,nonhybrid_Salmon=11; nonhybrid_Trout=9
677,snps_10_sample_20_pop_1_ind_0.001,7,10,20,1,0.001,0.001,0.02,0.01981113517046529,TRUE,0,20,FALSE,0,0,0,0,FALSE,FALSE,0.55,0,1,nonhybrid_Salmon=9; nonhybrid_Trout=11
678,snps_10_sample_20_pop_1_ind_0.001,8,10,20,1,0.001,0.001,0.02,0.01981113517046529,TRUE,0,20,FALSE,0,0,0,0,FALSE,FALSE,0.4,0,1,nonhybrid_Salmon=12; nonhybrid_Trout=8
679,snps_10_sample_20_pop_1_ind_0.001,9,10,20,1,0.001,0.001,0.02,0.01981113517046529,TRUE,0,20,FALSE,0,0,0,0,FALSE,FALSE,0.5,0,1,nonhybrid_Salmon=10; nonhybrid_Trout=10
680,snps_10_sample_20_pop_1_ind_0.001,10,10,20,1,0.001,0.001,0.02,0.01981113517046529,TRUE,0,20,FALSE,0,0,0,0,FALSE,FALSE,0.55,0,1,nonhybrid_Salmon=9; nonhybrid_Trout=11
681,snps_10_sample_20_pop_1_ind_0.005,1,10,20,1,0.005,0.005,0.1,0.09538951972538245,TRUE,0,20,FALSE,0,0,0,0,FALSE,FALSE,0.5,0,1,nonhybrid_Salmon=10; nonhybrid_Trout=10
682,snps_10_sample_20_pop_1_ind_0.005,2,10,20,1,0.005,0.005,0.1,0.09538951972538245,TRUE,0,20,FALSE,0,0,0,0,FALSE,FALSE,0.4,0,1,nonhybrid_Salmon=12; nonhybrid_Trout=8
683,snps_10_sample_20_pop_1_ind_0.005,3,10,20,1,0.005,0.005,0.1,0.09538951972538245,TRUE,0,20,FALSE,0,0,0,0,FALSE,FALSE,0.5,0,1,nonhybrid_Salmon=10; nonhybrid_Trout=10
684,snps_10_sample_20_pop_1_ind_0.005,4,10,20,1,0.005,0.005,0.1,0.09538951972538245,TRUE,0,20,FALSE,0,0,0,0,FALSE,FALSE,0.55,0,1,nonhybrid_Salmon=9; nonhybrid_Trout=11
685,snps_10_sample_20_pop_1_ind_0.005,5,10,20,1,0.005,0.005,0.1,0.09538951972538245,TRUE,0,20,FALSE,0,0,0,0,FALSE,FALSE,0.5,0,1,nonhybrid_Salmon=10; nonhybrid_Trout=10
686,snps_10_sample_20_pop_1_ind_0.005,6,10,20,1,0.005,0.005,0.1,0.09538951972538245,TRUE,0,20,FALSE,0,0,0,0,FALSE,FALSE,0.4,0,1,nonhybrid_Salmon=12; nonhybrid_Trout=8
687,snps_10_sample_20_pop_1_ind_0.005,7,10,20,1,0.005,0.005,0.1,0.09538951972538245,TRUE,0,20,FALSE,0,0,0,0,FALSE,FALSE,0.55,0,1,nonhybrid_Salmon=9; nonhybrid_Trout=11
688,snps_10_sample_20_pop_1_ind_0.005,8,10,20,1,0.005,0.005,0.1,0.09538951972538245,TRUE,0,20,FALSE,0,0,0,0,FALSE,FALSE,0.6,0,1,nonhybrid_Salmon=8; nonhybrid_Trout=12
689,snps_10_sample_20_pop_1_ind_0.005,9,10,20,1,0.005,0.005,0.1,0.09538951972538245,TRUE,1,19,TRUE,1,1,0,0,TRUE,FALSE,0.6725,0,1,F2=1; nonhybrid_Salmon=6; nonhybrid_Trout=13
690,snps_10_sample_20_pop_1_ind_0.005,10,10,20,1,0.005,0.005,0.1,0.09538951972538245,TRUE,1,19,TRUE,1,1,0,0,TRUE,FALSE,0.495,0,1,BC2_to_Trout=1; nonhybrid_Salmon=10; nonhybrid_Trout=9
691,snps_10_sample_20_pop_1_ind_0.01,1,10,20,1,0.01,0.01,0.2,0.18209306240276923,TRUE,0,20,FALSE,0,0,0,0,FALSE,FALSE,0.6,0,1,nonhybrid_Salmon=8; nonhybrid_Trout=12
692,snps_10_sample_20_pop_1_ind_0.01,2,10,20,1,0.01,0.01,0.2,0.18209306240276923,TRUE,1,19,TRUE,1,1,0,0,TRUE,FALSE,0.525,0,1,F1=1; nonhybrid_Salmon=9; nonhybrid_Trout=10
693,snps_10_sample_20_pop_1_ind_0.01,3,10,20,1,0.01,0.01,0.2,0.18209306240276923,TRUE,0,20,FALSE,0,0,0,0,FALSE,FALSE,0.55,0,1,nonhybrid_Salmon=9; nonhybrid_Trout=11
694,snps_10_sample_20_pop_1_ind_0.01,4,10,20,1,0.01,0.01,0.2,0.18209306240276923,TRUE,0,20,FALSE,0,0,0,0,FALSE,FALSE,0.5,0,1,nonhybrid_Salmon=10; nonhybrid_Trout=10
695,snps_10_sample_20_pop_1_ind_0.01,5,10,20,1,0.01,0.01,0.2,0.18209306240276923,TRUE,1,19,TRUE,1,1,0,0,TRUE,FALSE,0.4375,0,1,BC1_to_Trout=1; nonhybrid_Salmon=11; nonhybrid_Trout=8
696,snps_10_sample_20_pop_1_ind_0.01,6,10,20,1,0.01,0.01,0.2,0.18209306240276923,TRUE,0,20,FALSE,0,0,0,0,FALSE,FALSE,0.45,0,1,nonhybrid_Salmon=11; nonhybrid_Trout=9
697,snps_10_sample_20_pop_1_ind_0.01,7,10,20,1,0.01,0.01,0.2,0.18209306240276923,TRUE,0,20,FALSE,0,0,0,0,FALSE,FALSE,0.4,0,1,nonhybrid_Salmon=12; nonhybrid_Trout=8
698,snps_10_sample_20_pop_1_ind_0.01,8,10,20,1,0.01,0.01,0.2,0.18209306240276923,TRUE,0,20,FALSE,0,0,0,0,FALSE,FALSE,0.55,0,1,nonhybrid_Salmon=9; nonhybrid_Trout=11
699,snps_10_sample_20_pop_1_ind_0.01,9,10,20,1,0.01,0.01,0.2,0.18209306240276923,TRUE,1,19,TRUE,1,1,0,0,TRUE,FALSE,0.565,0,1,BC1_to_Salmon=1; nonhybrid_Salmon=8; nonhybrid_Trout=11
700,snps_10_sample_20_pop_1_ind_0.01,10,10,20,1,0.01,0.01,0.2,0.18209306240276923,TRUE,0,20,FALSE,0,0,0,0,FALSE,FALSE,0.45,0,1,nonhybrid_Salmon=11; nonhybrid_Trout=9
701,snps_10_sample_20_pop_1_ind_0.025,1,10,20,1,0.025,0.025,0.5,0.39731231978089987,TRUE,0,20,FALSE,0,0,0,0,FALSE,FALSE,0.5,0,1,nonhybrid_Salmon=10; nonhybrid_Trout=10
702,snps_10_sample_20_pop_1_ind_0.025,2,10,20,1,0.025,0.025,0.5,0.39731231978089987,TRUE,1,19,TRUE,0,0,0,1,FALSE,FALSE,0.4025,0,1,BC2_to_Salmon=1; nonhybrid_Salmon=11; nonhybrid_Trout=8
703,snps_10_sample_20_pop_1_ind_0.025,3,10,20,1,0.025,0.025,0.5,0.39731231978089987,TRUE,1,19,TRUE,0,0,0,1,FALSE,FALSE,0.4525,0,1,BC2_to_Salmon=1; nonhybrid_Salmon=10; nonhybrid_Trout=9
704,snps_10_sample_20_pop_1_ind_0.025,4,10,20,1,0.025,0.025,0.5,0.39731231978089987,TRUE,0,20,FALSE,0,0,0,0,FALSE,FALSE,0.55,0,1,nonhybrid_Salmon=9; nonhybrid_Trout=11
705,snps_10_sample_20_pop_1_ind_0.025,5,10,20,1,0.025,0.025,0.5,0.39731231978089987,TRUE,0,20,FALSE,0,0,0,0,FALSE,FALSE,0.25,0,1,nonhybrid_Salmon=15; nonhybrid_Trout=5
706,snps_10_sample_20_pop_1_ind_0.025,6,10,20,1,0.025,0.025,0.5,0.39731231978089987,TRUE,1,19,TRUE,0,0,0,1,FALSE,FALSE,0.45,0,1,BC2_to_Trout=1; nonhybrid_Salmon=11; nonhybrid_Trout=8
707,snps_10_sample_20_pop_1_ind_0.025,7,10,20,1,0.025,0.025,0.5,0.39731231978089987,TRUE,0,20,FALSE,0,0,0,0,FALSE,FALSE,0.7,0,1,nonhybrid_Salmon=6; nonhybrid_Trout=14
708,snps_10_sample_20_pop_1_ind_0.025,8,10,20,1,0.025,0.025,0.5,0.39731231978089987,TRUE,0,20,FALSE,0,0,0,0,FALSE,FALSE,0.55,0,1,nonhybrid_Salmon=9; nonhybrid_Trout=11
709,snps_10_sample_20_pop_1_ind_0.025,9,10,20,1,0.025,0.025,0.5,0.39731231978089987,TRUE,2,18,TRUE,2,2,0,0,TRUE,FALSE,0.4125,0,1,BC2_to_Salmon=2; nonhybrid_Salmon=10; nonhybrid_Trout=8
710,snps_10_sample_20_pop_1_ind_0.025,10,10,20,1,0.025,0.025,0.5,0.39731231978089987,TRUE,0,20,FALSE,0,0,0,0,FALSE,FALSE,0.45,0,1,nonhybrid_Salmon=11; nonhybrid_Trout=9
711,snps_10_sample_20_pop_1_ind_0.05,1,10,20,1,0.05,0.05,1,0.6415140775914581,TRUE,0,20,FALSE,0,0,0,0,FALSE,FALSE,0.3,0,1,nonhybrid_Salmon=14; nonhybrid_Trout=6
712,snps_10_sample_20_pop_1_ind_0.05,2,10,20,1,0.05,0.05,1,0.6415140775914581,TRUE,2,18,TRUE,2,2,0,0,TRUE,FALSE,0.3825,0,1,BC2_to_Salmon=1; F2=1; nonhybrid_Salmon=11; nonhybrid_Trout=7
713,snps_10_sample_20_pop_1_ind_0.05,3,10,20,1,0.05,0.05,1,0.6415140775914581,TRUE,2,18,TRUE,2,2,0,0,TRUE,FALSE,0.5125,0,1,BC1_to_Trout=1; F1=1; nonhybrid_Salmon=9; nonhybrid_Trout=9
714,snps_10_sample_20_pop_1_ind_0.05,4,10,20,1,0.05,0.05,1,0.6415140775914581,TRUE,1,19,TRUE,0,0,0,1,FALSE,FALSE,0.4525,0,1,BC3_to_Salmon=1; nonhybrid_Salmon=10; nonhybrid_Trout=9
715,snps_10_sample_20_pop_1_ind_0.05,5,10,20,1,0.05,0.05,1,0.6415140775914581,TRUE,1,19,TRUE,0,0,0,1,FALSE,FALSE,0.3025,0,1,BC3_to_Salmon=1; nonhybrid_Salmon=13; nonhybrid_Trout=6
716,snps_10_sample_20_pop_1_ind_0.05,6,10,20,1,0.05,0.05,1,0.6415140775914581,TRUE,1,19,TRUE,1,1,0,0,TRUE,FALSE,0.6075,0,1,BC2_to_Salmon=1; nonhybrid_Salmon=7; nonhybrid_Trout=12
717,snps_10_sample_20_pop_1_ind_0.05,7,10,20,1,0.05,0.05,1,0.6415140775914581,TRUE,1,19,TRUE,0,0,0,1,FALSE,FALSE,0.6475,0,1,BC2_to_Trout=1; nonhybrid_Salmon=7; nonhybrid_Trout=12
718,snps_10_sample_20_pop_1_ind_0.05,8,10,20,1,0.05,0.05,1,0.6415140775914581,TRUE,1,19,TRUE,1,1,0,0,TRUE,FALSE,0.6625,0,1,BC1_to_Salmon=1; nonhybrid_Salmon=6; nonhybrid_Trout=13
719,snps_10_sample_20_pop_1_ind_0.05,9,10,20,1,0.05,0.05,1,0.6415140775914581,TRUE,0,20,FALSE,0,0,0,0,FALSE,FALSE,0.7,0,1,nonhybrid_Salmon=6; nonhybrid_Trout=14
720,snps_10_sample_20_pop_1_ind_0.05,10,10,20,1,0.05,0.05,1,0.6415140775914581,TRUE,1,19,TRUE,1,1,0,0,TRUE,FALSE,0.325,0,1,F2=1; nonhybrid_Salmon=13; nonhybrid_Trout=6
721,snps_10_sample_20_pop_1_ind_0.1,1,10,20,1,0.1,0.1,2,0.8784233454094307,TRUE,0,20,FALSE,0,0,0,0,FALSE,FALSE,0.7,0,1,nonhybrid_Salmon=6; nonhybrid_Trout=14
722,snps_10_sample_20_pop_1_ind_0.1,2,10,20,1,0.1,0.1,2,0.8784233454094307,TRUE,2,18,TRUE,2,2,0,0,TRUE,FALSE,0.5075,0,1,BC1_to_Salmon=1; BC1_to_Trout=1; nonhybrid_Salmon=9; nonhybrid_Trout=9
723,snps_10_sample_20_pop_1_ind_0.1,3,10,20,1,0.1,0.1,2,0.8784233454094307,TRUE,0,20,FALSE,0,0,0,0,FALSE,FALSE,0.5,0,1,nonhybrid_Salmon=10; nonhybrid_Trout=10
724,snps_10_sample_20_pop_1_ind_0.1,4,10,20,1,0.1,0.1,2,0.8784233454094307,TRUE,2,18,TRUE,2,2,0,0,TRUE,FALSE,0.47,0,1,BC2_to_Trout=1; F1=1; nonhybrid_Salmon=10; nonhybrid_Trout=8
725,snps_10_sample_20_pop_1_ind_0.1,5,10,20,1,0.1,0.1,2,0.8784233454094307,TRUE,3,17,TRUE,3,3,0,0,TRUE,FALSE,0.5975,0,1,BC2_to_Salmon=1; F1=1; F2=1; nonhybrid_Salmon=6; nonhybrid_Trout=11
726,snps_10_sample_20_pop_1_ind_0.1,6,10,20,1,0.1,0.1,2,0.8784233454094307,TRUE,1,19,TRUE,1,1,0,0,TRUE,FALSE,0.435,0,1,BC1_to_Trout=1; nonhybrid_Salmon=11; nonhybrid_Trout=8
727,snps_10_sample_20_pop_1_ind_0.1,7,10,20,1,0.1,0.1,2,0.8784233454094307,TRUE,3,17,TRUE,3,3,0,0,TRUE,FALSE,0.4675,0,1,BC1_to_Trout=1; BC2_to_Trout=2; nonhybrid_Salmon=10; nonhybrid_Trout=7
728,snps_10_sample_20_pop_1_ind_0.1,8,10,20,1,0.1,0.1,2,0.8784233454094307,TRUE,2,18,TRUE,2,2,0,0,TRUE,FALSE,0.64,0,1,BC2_to_Trout=2; nonhybrid_Salmon=7; nonhybrid_Trout=11
729,snps_10_sample_20_pop_1_ind_0.1,9,10,20,1,0.1,0.1,2,0.8784233454094307,TRUE,0,20,FALSE,0,0,0,0,FALSE,FALSE,0.5,0,1,nonhybrid_Salmon=10; nonhybrid_Trout=10
730,snps_10_sample_20_pop_1_ind_0.1,10,10,20,1,0.1,0.1,2,0.8784233454094307,TRUE,0,20,FALSE,0,0,0,0,FALSE,FALSE,0.45,0,1,nonhybrid_Salmon=11; nonhybrid_Trout=9
731,snps_10_sample_20_pop_1_ind_0.25,1,10,20,1,0.25,0.25,5,0.996828788061066,TRUE,6,14,TRUE,5,5,0,1,TRUE,FALSE,0.4175,0,1,BC1_to_Salmon=2; BC1_to_Trout=1; BC3_to_Trout=1; F1=1; F2=1; nonhybrid_Salmon=9; nonhybrid_Trout=5
732,snps_10_sample_20_pop_1_ind_0.25,2,10,20,1,0.25,0.25,5,0.996828788061066,TRUE,4,16,TRUE,3,3,0,1,TRUE,FALSE,0.455,0,1,BC2_to_Trout=3; F2=1; nonhybrid_Salmon=10; nonhybrid_Trout=6
733,snps_10_sample_20_pop_1_ind_0.25,3,10,20,1,0.25,0.25,5,0.996828788061066,TRUE,3,17,TRUE,1,1,0,2,TRUE,FALSE,0.7225,0,1,BC3_to_Trout=2; F1=1; nonhybrid_Salmon=5; nonhybrid_Trout=12
734,snps_10_sample_20_pop_1_ind_0.25,4,10,20,1,0.25,0.25,5,0.996828788061066,TRUE,5,15,TRUE,5,5,0,0,TRUE,FALSE,0.62,0,1,BC1_to_Salmon=1; BC1_to_Trout=1; F1=2; F2=1; nonhybrid_Salmon=5; nonhybrid_Trout=10
735,snps_10_sample_20_pop_1_ind_0.25,5,10,20,1,0.25,0.25,5,0.996828788061066,TRUE,5,15,TRUE,4,4,0,1,TRUE,FALSE,0.5225,0,1,BC3_to_Salmon=1; BC3_to_Trout=1; F1=1; F2=2; nonhybrid_Salmon=7; nonhybrid_Trout=8
736,snps_10_sample_20_pop_1_ind_0.25,6,10,20,1,0.25,0.25,5,0.996828788061066,TRUE,3,17,TRUE,2,2,0,1,TRUE,FALSE,0.405,0,1,BC1_to_Trout=1; BC2_to_Salmon=1; F1=1; nonhybrid_Salmon=10; nonhybrid_Trout=7
737,snps_10_sample_20_pop_1_ind_0.25,7,10,20,1,0.25,0.25,5,0.996828788061066,TRUE,2,18,TRUE,2,2,0,0,TRUE,FALSE,0.4325,0,1,BC3_to_Salmon=1; F2=1; nonhybrid_Salmon=10; nonhybrid_Trout=8
738,snps_10_sample_20_pop_1_ind_0.25,8,10,20,1,0.25,0.25,5,0.996828788061066,TRUE,5,15,TRUE,5,5,0,0,TRUE,FALSE,0.5575,0,1,BC3_to_Salmon=1; F2=4; nonhybrid_Salmon=6; nonhybrid_Trout=9
739,snps_10_sample_20_pop_1_ind_0.25,9,10,20,1,0.25,0.25,5,0.996828788061066,TRUE,4,16,TRUE,2,2,0,2,TRUE,FALSE,0.6875,0,1,BC1_to_Trout=1; BC2_to_Trout=1; BC3_to_Salmon=1; BC3_to_Trout=1; nonhybrid_Salmon=5; nonhybrid_Trout=11
740,snps_10_sample_20_pop_1_ind_0.25,10,10,20,1,0.25,0.25,5,0.996828788061066,TRUE,5,15,TRUE,4,4,0,1,TRUE,FALSE,0.335,0,1,BC1_to_Salmon=3; BC1_to_Trout=1; BC3_to_Trout=1; nonhybrid_Salmon=11; nonhybrid_Trout=4
741,snps_10_sample_20_pop_1_ind_0.5,1,10,20,1,0.5,0.5,10,0.9999990463256836,TRUE,9,11,TRUE,5,5,0,4,TRUE,FALSE,0.59,0,1,BC1_to_Salmon=1; BC1_to_Trout=2; BC2_to_Trout=2; BC3_to_Salmon=1; BC3_to_Trout=2; F2=1; nonhybrid_Salmon=5; nonhybrid_Trout=6
742,snps_10_sample_20_pop_1_ind_0.5,2,10,20,1,0.5,0.5,10,0.9999990463256836,TRUE,10,10,TRUE,9,9,0,1,TRUE,FALSE,0.3625,0,1,BC1_to_Trout=1; BC2_to_Salmon=2; BC2_to_Trout=1; BC3_to_Salmon=2; F1=1; F2=3; nonhybrid_Salmon=7; nonhybrid_Trout=3
743,snps_10_sample_20_pop_1_ind_0.5,3,10,20,1,0.5,0.5,10,0.9999990463256836,TRUE,15,5,TRUE,13,13,0,2,TRUE,FALSE,0.52,0,1,BC1_to_Salmon=1; BC1_to_Trout=2; BC2_to_Salmon=2; BC2_to_Trout=1; BC3_to_Salmon=3; BC3_to_Trout=3; F2=3; nonhybrid_Salmon=2; nonhybrid_Trout=3
744,snps_10_sample_20_pop_1_ind_0.5,4,10,20,1,0.5,0.5,10,0.9999990463256836,TRUE,10,10,TRUE,9,9,0,1,TRUE,FALSE,0.4875,0,1,BC1_to_Salmon=2; BC1_to_Trout=1; BC2_to_Salmon=2; BC2_to_Trout=1; BC3_to_Salmon=2; BC3_to_Trout=1; F2=1; nonhybrid_Salmon=4; nonhybrid_Trout=6
745,snps_10_sample_20_pop_1_ind_0.5,5,10,20,1,0.5,0.5,10,0.9999990463256836,TRUE,12,8,TRUE,10,10,0,2,TRUE,FALSE,0.5425,0,1,BC1_to_Salmon=1; BC1_to_Trout=2; BC2_to_Trout=1; BC3_to_Salmon=3; BC3_to_Trout=1; F1=2; F2=2; nonhybrid_Salmon=3; nonhybrid_Trout=5
746,snps_10_sample_20_pop_1_ind_0.5,6,10,20,1,0.5,0.5,10,0.9999990463256836,TRUE,9,11,TRUE,9,9,0,0,TRUE,FALSE,0.62,0,1,BC1_to_Salmon=1; BC2_to_Trout=2; BC3_to_Salmon=1; F1=1; F2=4; nonhybrid_Salmon=3; nonhybrid_Trout=8
747,snps_10_sample_20_pop_1_ind_0.5,7,10,20,1,0.5,0.5,10,0.9999990463256836,TRUE,9,11,TRUE,7,7,0,2,TRUE,FALSE,0.3025,0,1,BC1_to_Trout=1; BC2_to_Salmon=4; BC2_to_Trout=1; BC3_to_Salmon=1; F1=1; F2=1; nonhybrid_Salmon=8; nonhybrid_Trout=3
748,snps_10_sample_20_pop_1_ind_0.5,8,10,20,1,0.5,0.5,10,0.9999990463256836,TRUE,9,11,TRUE,7,7,0,2,TRUE,FALSE,0.31,0,1,BC1_to_Salmon=1; BC2_to_Salmon=2; BC3_to_Salmon=1; F1=2; F2=3; nonhybrid_Salmon=8; nonhybrid_Trout=3
749,snps_10_sample_20_pop_1_ind_0.5,9,10,20,1,0.5,0.5,10,0.9999990463256836,TRUE,10,10,TRUE,9,9,0,1,TRUE,FALSE,0.435,0,1,BC1_to_Salmon=4; BC2_to_Trout=2; BC3_to_Salmon=1; F2=3; nonhybrid_Salmon=6; nonhybrid_Trout=4
750,snps_10_sample_20_pop_1_ind_0.5,10,10,20,1,0.5,0.5,10,0.9999990463256836,TRUE,8,12,TRUE,6,6,0,2,TRUE,FALSE,0.465,0,1,BC2_to_Salmon=2; BC2_to_Trout=2; BC3_to_Salmon=1; F2=3; nonhybrid_Salmon=6; nonhybrid_Trout=6
751,snps_10_sample_20_pop_1_ind_0.75,1,10,20,1,0.75,0.75,15,0.9999999999990905,TRUE,11,9,TRUE,7,7,0,4,TRUE,FALSE,0.74,0,1,BC1_to_Trout=3; BC2_to_Salmon=2; BC2_to_Trout=2; BC3_to_Salmon=1; BC3_to_Trout=2; F2=1; nonhybrid_Salmon=1; nonhybrid_Trout=8
752,snps_10_sample_20_pop_1_ind_0.75,2,10,20,1,0.75,0.75,15,0.9999999999990905,TRUE,17,3,TRUE,14,14,0,3,TRUE,FALSE,0.465,0,1,BC1_to_Salmon=1; BC1_to_Trout=2; BC2_to_Salmon=3; BC2_to_Trout=4; BC3_to_Salmon=2; BC3_to_Trout=1; F1=2; F2=2; nonhybrid_Salmon=2; nonhybrid_Trout=1
753,snps_10_sample_20_pop_1_ind_0.75,3,10,20,1,0.75,0.75,15,0.9999999999990905,TRUE,15,5,TRUE,11,11,0,4,TRUE,FALSE,0.4775,0,1,BC1_to_Salmon=3; BC1_to_Trout=1; BC2_to_Salmon=1; BC3_to_Salmon=4; BC3_to_Trout=1; F1=3; F2=2; nonhybrid_Salmon=1; nonhybrid_Trout=4
754,snps_10_sample_20_pop_1_ind_0.75,4,10,20,1,0.75,0.75,15,0.9999999999990905,TRUE,17,3,TRUE,11,11,0,6,TRUE,FALSE,0.6025,0.05,1,BC1_to_Salmon=2; BC1_to_Trout=2; BC2_to_Salmon=2; BC2_to_Trout=3; BC3_to_Salmon=3; BC3_to_Trout=3; F1=2; nonhybrid_Trout=3
755,snps_10_sample_20_pop_1_ind_0.75,5,10,20,1,0.75,0.75,15,0.9999999999990905,TRUE,11,9,TRUE,10,10,0,1,TRUE,FALSE,0.5575,0,1,BC1_to_Salmon=1; BC1_to_Trout=4; BC2_to_Salmon=1; BC2_to_Trout=1; F1=3; F2=1; nonhybrid_Salmon=4; nonhybrid_Trout=5
756,snps_10_sample_20_pop_1_ind_0.75,6,10,20,1,0.75,0.75,15,0.9999999999990905,TRUE,15,5,TRUE,9,9,0,6,TRUE,FALSE,0.495,0,1,BC1_to_Salmon=1; BC1_to_Trout=2; BC2_to_Salmon=3; BC2_to_Trout=1; BC3_to_Trout=5; F1=1; F2=2; nonhybrid_Salmon=4; nonhybrid_Trout=1
757,snps_10_sample_20_pop_1_ind_0.75,7,10,20,1,0.75,0.75,15,0.9999999999990905,TRUE,15,5,TRUE,12,12,0,3,TRUE,FALSE,0.3925,0,1,BC1_to_Salmon=1; BC1_to_Trout=1; BC2_to_Salmon=2; BC2_to_Trout=2; BC3_to_Salmon=3; BC3_to_Trout=1; F2=5; nonhybrid_Salmon=4; nonhybrid_Trout=1
758,snps_10_sample_20_pop_1_ind_0.75,8,10,20,1,0.75,0.75,15,0.9999999999990905,TRUE,14,6,TRUE,11,11,0,3,TRUE,FALSE,0.45,0,1,BC1_to_Salmon=3; BC1_to_Trout=2; BC2_to_Salmon=1; BC3_to_Salmon=6; F2=2; nonhybrid_Salmon=1; nonhybrid_Trout=5
759,snps_10_sample_20_pop_1_ind_0.75,9,10,20,1,0.75,0.75,15,0.9999999999990905,TRUE,13,7,TRUE,7,7,0,6,TRUE,FALSE,0.5075,0,1,BC2_to_Salmon=2; BC2_to_Trout=5; BC3_to_Salmon=1; BC3_to_Trout=2; F1=1; F2=2; nonhybrid_Salmon=5; nonhybrid_Trout=2
760,snps_10_sample_20_pop_1_ind_0.75,10,10,20,1,0.75,0.75,15,0.9999999999990905,TRUE,12,8,TRUE,11,11,0,1,TRUE,FALSE,0.6025,0,1,BC1_to_Trout=1; BC2_to_Salmon=3; BC3_to_Trout=2; F1=4; F2=2; nonhybrid_Salmon=2; nonhybrid_Trout=6
761,snps_10_sample_20_pop_1_ind_1,1,10,20,1,1,1,20,1,TRUE,20,0,TRUE,14,14,0,6,TRUE,FALSE,0.5125,0,1,BC1_to_Salmon=2; BC1_to_Trout=3; BC2_to_Salmon=2; BC2_to_Trout=1; BC3_to_Salmon=4; BC3_to_Trout=5; F1=3
762,snps_10_sample_20_pop_1_ind_1,2,10,20,1,1,1,20,1,TRUE,20,0,TRUE,14,14,0,6,TRUE,FALSE,0.4275,0,0.95,BC1_to_Salmon=2; BC1_to_Trout=2; BC2_to_Salmon=5; BC2_to_Trout=2; BC3_to_Salmon=2; BC3_to_Trout=2; F1=1; F2=4
763,snps_10_sample_20_pop_1_ind_1,3,10,20,1,1,1,20,1,TRUE,20,0,TRUE,15,15,0,5,TRUE,FALSE,0.4975,0.05,1,BC1_to_Salmon=3; BC1_to_Trout=1; BC2_to_Salmon=2; BC2_to_Trout=3; BC3_to_Salmon=3; BC3_to_Trout=3; F1=1; F2=4
764,snps_10_sample_20_pop_1_ind_1,4,10,20,1,1,1,20,1,TRUE,20,0,TRUE,16,16,0,4,TRUE,FALSE,0.6175,0.05,1,BC1_to_Salmon=3; BC1_to_Trout=5; BC2_to_Salmon=2; BC2_to_Trout=4; BC3_to_Salmon=1; BC3_to_Trout=3; F1=1; F2=1
765,snps_10_sample_20_pop_1_ind_1,5,10,20,1,1,1,20,1,TRUE,20,0,TRUE,16,16,0,4,TRUE,FALSE,0.56,0,1,BC1_to_Salmon=2; BC1_to_Trout=4; BC2_to_Trout=4; BC3_to_Salmon=3; BC3_to_Trout=1; F1=1; F2=5
766,snps_10_sample_20_pop_1_ind_1,6,10,20,1,1,1,20,1,TRUE,20,0,TRUE,15,15,0,5,TRUE,FALSE,0.6425,0,0.95,BC1_to_Trout=5; BC2_to_Salmon=3; BC2_to_Trout=4; BC3_to_Trout=3; F1=2; F2=3
767,snps_10_sample_20_pop_1_ind_1,7,10,20,1,1,1,20,1,TRUE,20,0,TRUE,16,16,0,4,TRUE,FALSE,0.47,0,0.95,BC1_to_Salmon=1; BC1_to_Trout=3; BC2_to_Salmon=7; BC2_to_Trout=2; BC3_to_Trout=3; F1=3; F2=1
768,snps_10_sample_20_pop_1_ind_1,8,10,20,1,1,1,20,1,TRUE,20,0,TRUE,15,15,0,5,TRUE,FALSE,0.5175,0,0.95,BC1_to_Salmon=1; BC1_to_Trout=4; BC2_to_Salmon=1; BC2_to_Trout=2; BC3_to_Salmon=4; BC3_to_Trout=2; F1=2; F2=4
769,snps_10_sample_20_pop_1_ind_1,9,10,20,1,1,1,20,1,TRUE,20,0,TRUE,15,15,0,5,TRUE,FALSE,0.4,0,0.95,BC1_to_Salmon=4; BC2_to_Salmon=2; BC2_to_Trout=1; BC3_to_Salmon=4; BC3_to_Trout=3; F1=3; F2=3
770,snps_10_sample_20_pop_1_ind_1,10,10,20,1,1,1,20,1,TRUE,20,0,TRUE,13,13,0,7,TRUE,FALSE,0.585,0.05,0.95,BC2_to_Salmon=3; BC2_to_Trout=6; BC3_to_Salmon=3; BC3_to_Trout=4; F1=3; F2=1
771,snps_10_sample_50_pop_1_ind_0,1,10,50,1,0,0,0,0,TRUE,0,50,FALSE,0,0,0,0,FALSE,FALSE,0.6,0,1,nonhybrid_Salmon=20; nonhybrid_Trout=30
772,snps_10_sample_50_pop_1_ind_0,2,10,50,1,0,0,0,0,TRUE,0,50,FALSE,0,0,0,0,FALSE,FALSE,0.56,0,1,nonhybrid_Salmon=22; nonhybrid_Trout=28
773,snps_10_sample_50_pop_1_ind_0,3,10,50,1,0,0,0,0,TRUE,0,50,FALSE,0,0,0,0,FALSE,FALSE,0.54,0,1,nonhybrid_Salmon=23; nonhybrid_Trout=27
774,snps_10_sample_50_pop_1_ind_0,4,10,50,1,0,0,0,0,TRUE,0,50,FALSE,0,0,0,0,FALSE,FALSE,0.5,0,1,nonhybrid_Salmon=25; nonhybrid_Trout=25
775,snps_10_sample_50_pop_1_ind_0,5,10,50,1,0,0,0,0,TRUE,0,50,FALSE,0,0,0,0,FALSE,FALSE,0.52,0,1,nonhybrid_Salmon=24; nonhybrid_Trout=26
776,snps_10_sample_50_pop_1_ind_0,6,10,50,1,0,0,0,0,TRUE,0,50,FALSE,0,0,0,0,FALSE,FALSE,0.54,0,1,nonhybrid_Salmon=23; nonhybrid_Trout=27
777,snps_10_sample_50_pop_1_ind_0,7,10,50,1,0,0,0,0,TRUE,0,50,FALSE,0,0,0,0,FALSE,FALSE,0.52,0,1,nonhybrid_Salmon=24; nonhybrid_Trout=26
778,snps_10_sample_50_pop_1_ind_0,8,10,50,1,0,0,0,0,TRUE,0,50,FALSE,0,0,0,0,FALSE,FALSE,0.52,0,1,nonhybrid_Salmon=24; nonhybrid_Trout=26
779,snps_10_sample_50_pop_1_ind_0,9,10,50,1,0,0,0,0,TRUE,0,50,FALSE,0,0,0,0,FALSE,FALSE,0.54,0,1,nonhybrid_Salmon=23; nonhybrid_Trout=27
780,snps_10_sample_50_pop_1_ind_0,10,10,50,1,0,0,0,0,TRUE,0,50,FALSE,0,0,0,0,FALSE,FALSE,0.44,0,1,nonhybrid_Salmon=28; nonhybrid_Trout=22
781,snps_10_sample_50_pop_1_ind_0.001,1,10,50,1,0.001,0.001,0.05,0.04879437180296864,TRUE,0,50,FALSE,0,0,0,0,FALSE,FALSE,0.54,0,1,nonhybrid_Salmon=23; nonhybrid_Trout=27
782,snps_10_sample_50_pop_1_ind_0.001,2,10,50,1,0.001,0.001,0.05,0.04879437180296864,TRUE,0,50,FALSE,0,0,0,0,FALSE,FALSE,0.56,0,1,nonhybrid_Salmon=22; nonhybrid_Trout=28
783,snps_10_sample_50_pop_1_ind_0.001,3,10,50,1,0.001,0.001,0.05,0.04879437180296864,TRUE,0,50,FALSE,0,0,0,0,FALSE,FALSE,0.54,0,1,nonhybrid_Salmon=23; nonhybrid_Trout=27
784,snps_10_sample_50_pop_1_ind_0.001,4,10,50,1,0.001,0.001,0.05,0.04879437180296864,TRUE,0,50,FALSE,0,0,0,0,FALSE,FALSE,0.6,0,1,nonhybrid_Salmon=20; nonhybrid_Trout=30
785,snps_10_sample_50_pop_1_ind_0.001,5,10,50,1,0.001,0.001,0.05,0.04879437180296864,TRUE,0,50,FALSE,0,0,0,0,FALSE,FALSE,0.62,0,1,nonhybrid_Salmon=19; nonhybrid_Trout=31
786,snps_10_sample_50_pop_1_ind_0.001,6,10,50,1,0.001,0.001,0.05,0.04879437180296864,TRUE,0,50,FALSE,0,0,0,0,FALSE,FALSE,0.52,0,1,nonhybrid_Salmon=24; nonhybrid_Trout=26
787,snps_10_sample_50_pop_1_ind_0.001,7,10,50,1,0.001,0.001,0.05,0.04879437180296864,TRUE,0,50,FALSE,0,0,0,0,FALSE,FALSE,0.44,0,1,nonhybrid_Salmon=28; nonhybrid_Trout=22
788,snps_10_sample_50_pop_1_ind_0.001,8,10,50,1,0.001,0.001,0.05,0.04879437180296864,TRUE,0,50,FALSE,0,0,0,0,FALSE,FALSE,0.58,0,1,nonhybrid_Salmon=21; nonhybrid_Trout=29
789,snps_10_sample_50_pop_1_ind_0.001,9,10,50,1,0.001,0.001,0.05,0.04879437180296864,TRUE,0,50,FALSE,0,0,0,0,FALSE,FALSE,0.42,0,1,nonhybrid_Salmon=29; nonhybrid_Trout=21
790,snps_10_sample_50_pop_1_ind_0.001,10,10,50,1,0.001,0.001,0.05,0.04879437180296864,TRUE,0,50,FALSE,0,0,0,0,FALSE,FALSE,0.48,0,1,nonhybrid_Salmon=26; nonhybrid_Trout=24
791,snps_10_sample_50_pop_1_ind_0.005,1,10,50,1,0.005,0.005,0.25,0.22168744293135811,TRUE,0,50,FALSE,0,0,0,0,FALSE,FALSE,0.66,0,1,nonhybrid_Salmon=17; nonhybrid_Trout=33
792,snps_10_sample_50_pop_1_ind_0.005,2,10,50,1,0.005,0.005,0.25,0.22168744293135811,TRUE,0,50,FALSE,0,0,0,0,FALSE,FALSE,0.48,0,1,nonhybrid_Salmon=26; nonhybrid_Trout=24
793,snps_10_sample_50_pop_1_ind_0.005,3,10,50,1,0.005,0.005,0.25,0.22168744293135811,TRUE,0,50,FALSE,0,0,0,0,FALSE,FALSE,0.5,0,1,nonhybrid_Salmon=25; nonhybrid_Trout=25
794,snps_10_sample_50_pop_1_ind_0.005,4,10,50,1,0.005,0.005,0.25,0.22168744293135811,TRUE,0,50,FALSE,0,0,0,0,FALSE,FALSE,0.62,0,1,nonhybrid_Salmon=19; nonhybrid_Trout=31
795,snps_10_sample_50_pop_1_ind_0.005,5,10,50,1,0.005,0.005,0.25,0.22168744293135811,TRUE,0,50,FALSE,0,0,0,0,FALSE,FALSE,0.4,0,1,nonhybrid_Salmon=30; nonhybrid_Trout=20
796,snps_10_sample_50_pop_1_ind_0.005,6,10,50,1,0.005,0.005,0.25,0.22168744293135811,TRUE,0,50,FALSE,0,0,0,0,FALSE,FALSE,0.5,0,1,nonhybrid_Salmon=25; nonhybrid_Trout=25
797,snps_10_sample_50_pop_1_ind_0.005,7,10,50,1,0.005,0.005,0.25,0.22168744293135811,TRUE,0,50,FALSE,0,0,0,0,FALSE,FALSE,0.4,0,1,nonhybrid_Salmon=30; nonhybrid_Trout=20
798,snps_10_sample_50_pop_1_ind_0.005,8,10,50,1,0.005,0.005,0.25,0.22168744293135811,TRUE,0,50,FALSE,0,0,0,0,FALSE,FALSE,0.52,0,1,nonhybrid_Salmon=24; nonhybrid_Trout=26
799,snps_10_sample_50_pop_1_ind_0.005,9,10,50,1,0.005,0.005,0.25,0.22168744293135811,TRUE,0,50,FALSE,0,0,0,0,FALSE,FALSE,0.56,0,1,nonhybrid_Salmon=22; nonhybrid_Trout=28
800,snps_10_sample_50_pop_1_ind_0.005,10,10,50,1,0.005,0.005,0.25,0.22168744293135811,TRUE,0,50,FALSE,0,0,0,0,FALSE,FALSE,0.48,0,1,nonhybrid_Salmon=26; nonhybrid_Trout=24
801,snps_10_sample_50_pop_1_ind_0.01,1,10,50,1,0.01,0.01,0.5,0.39499393286246365,TRUE,0,50,FALSE,0,0,0,0,FALSE,FALSE,0.44,0,1,nonhybrid_Salmon=28; nonhybrid_Trout=22
802,snps_10_sample_50_pop_1_ind_0.01,2,10,50,1,0.01,0.01,0.5,0.39499393286246365,TRUE,0,50,FALSE,0,0,0,0,FALSE,FALSE,0.4,0,1,nonhybrid_Salmon=30; nonhybrid_Trout=20
803,snps_10_sample_50_pop_1_ind_0.01,3,10,50,1,0.01,0.01,0.5,0.39499393286246365,TRUE,0,50,FALSE,0,0,0,0,FALSE,FALSE,0.5,0,1,nonhybrid_Salmon=25; nonhybrid_Trout=25
804,snps_10_sample_50_pop_1_ind_0.01,4,10,50,1,0.01,0.01,0.5,0.39499393286246365,TRUE,1,49,TRUE,0,0,0,1,FALSE,FALSE,0.541,0,1,BC3_to_Salmon=1; nonhybrid_Salmon=22; nonhybrid_Trout=27
805,snps_10_sample_50_pop_1_ind_0.01,5,10,50,1,0.01,0.01,0.5,0.39499393286246365,TRUE,0,50,FALSE,0,0,0,0,FALSE,FALSE,0.46,0,1,nonhybrid_Salmon=27; nonhybrid_Trout=23
806,snps_10_sample_50_pop_1_ind_0.01,6,10,50,1,0.01,0.01,0.5,0.39499393286246365,TRUE,1,49,TRUE,0,0,0,1,FALSE,FALSE,0.439,0,1,BC2_to_Trout=1; nonhybrid_Salmon=28; nonhybrid_Trout=21
807,snps_10_sample_50_pop_1_ind_0.01,7,10,50,1,0.01,0.01,0.5,0.39499393286246365,TRUE,0,50,FALSE,0,0,0,0,FALSE,FALSE,0.5,0,1,nonhybrid_Salmon=25; nonhybrid_Trout=25
808,snps_10_sample_50_pop_1_ind_0.01,8,10,50,1,0.01,0.01,0.5,0.39499393286246365,TRUE,1,49,TRUE,1,1,0,0,TRUE,FALSE,0.433,0,1,BC1_to_Trout=1; nonhybrid_Salmon=28; nonhybrid_Trout=21
809,snps_10_sample_50_pop_1_ind_0.01,9,10,50,1,0.01,0.01,0.5,0.39499393286246365,TRUE,0,50,FALSE,0,0,0,0,FALSE,FALSE,0.46,0,1,nonhybrid_Salmon=27; nonhybrid_Trout=23
810,snps_10_sample_50_pop_1_ind_0.01,10,10,50,1,0.01,0.01,0.5,0.39499393286246365,TRUE,1,49,TRUE,0,0,0,1,FALSE,FALSE,0.479,0,1,BC3_to_Trout=1; nonhybrid_Salmon=26; nonhybrid_Trout=23
811,snps_10_sample_50_pop_1_ind_0.025,1,10,50,1,0.025,0.025,1.25,0.718011897659083,TRUE,1,49,TRUE,1,1,0,0,TRUE,FALSE,0.51,0,1,F1=1; nonhybrid_Salmon=24; nonhybrid_Trout=25
812,snps_10_sample_50_pop_1_ind_0.025,2,10,50,1,0.025,0.025,1.25,0.718011897659083,TRUE,0,50,FALSE,0,0,0,0,FALSE,FALSE,0.52,0,1,nonhybrid_Salmon=24; nonhybrid_Trout=26
813,snps_10_sample_50_pop_1_ind_0.025,3,10,50,1,0.025,0.025,1.25,0.718011897659083,TRUE,1,49,TRUE,1,1,0,0,TRUE,FALSE,0.463,0,1,BC2_to_Salmon=1; nonhybrid_Salmon=26; nonhybrid_Trout=23
814,snps_10_sample_50_pop_1_ind_0.025,4,10,50,1,0.025,0.025,1.25,0.718011897659083,TRUE,1,49,TRUE,1,1,0,0,TRUE,FALSE,0.554,0,1,BC2_to_Trout=1; nonhybrid_Salmon=22; nonhybrid_Trout=27
815,snps_10_sample_50_pop_1_ind_0.025,5,10,50,1,0.025,0.025,1.25,0.718011897659083,TRUE,1,49,TRUE,0,0,0,1,FALSE,FALSE,0.519,0,1,BC2_to_Trout=1; nonhybrid_Salmon=24; nonhybrid_Trout=25
816,snps_10_sample_50_pop_1_ind_0.025,6,10,50,1,0.025,0.025,1.25,0.718011897659083,TRUE,2,48,TRUE,2,2,0,0,TRUE,FALSE,0.555,0,1,BC1_to_Salmon=1; F1=1; nonhybrid_Salmon=21; nonhybrid_Trout=27
817,snps_10_sample_50_pop_1_ind_0.025,7,10,50,1,0.025,0.025,1.25,0.718011897659083,TRUE,0,50,FALSE,0,0,0,0,FALSE,FALSE,0.46,0,1,nonhybrid_Salmon=27; nonhybrid_Trout=23
818,snps_10_sample_50_pop_1_ind_0.025,8,10,50,1,0.025,0.025,1.25,0.718011897659083,TRUE,1,49,TRUE,1,1,0,0,TRUE,FALSE,0.416,0,1,BC2_to_Trout=1; nonhybrid_Salmon=29; nonhybrid_Trout=20
819,snps_10_sample_50_pop_1_ind_0.025,9,10,50,1,0.025,0.025,1.25,0.718011897659083,TRUE,2,48,TRUE,1,1,0,1,TRUE,FALSE,0.443,0,1,BC2_to_Salmon=1; BC3_to_Salmon=1; nonhybrid_Salmon=26; nonhybrid_Trout=22
820,snps_10_sample_50_pop_1_ind_0.025,10,10,50,1,0.025,0.025,1.25,0.718011897659083,TRUE,1,49,TRUE,1,1,0,0,TRUE,FALSE,0.475,0,1,BC1_to_Trout=1; nonhybrid_Salmon=26; nonhybrid_Trout=23
821,snps_10_sample_50_pop_1_ind_0.05,1,10,50,1,0.05,0.05,2.5,0.9230550247232868,TRUE,4,46,TRUE,1,1,0,3,TRUE,FALSE,0.574,0,1,BC2_to_Trout=1; BC3_to_Salmon=1; BC3_to_Trout=2; nonhybrid_Salmon=20; nonhybrid_Trout=26
822,snps_10_sample_50_pop_1_ind_0.05,2,10,50,1,0.05,0.05,2.5,0.9230550247232868,TRUE,3,47,TRUE,3,3,0,0,TRUE,FALSE,0.543,0,1,BC1_to_Salmon=1; BC2_to_Salmon=1; F2=1; nonhybrid_Salmon=21; nonhybrid_Trout=26
823,snps_10_sample_50_pop_1_ind_0.05,3,10,50,1,0.05,0.05,2.5,0.9230550247232868,TRUE,3,47,TRUE,3,3,0,0,TRUE,FALSE,0.316,0,1,BC1_to_Salmon=1; BC3_to_Salmon=1; F2=1; nonhybrid_Salmon=32; nonhybrid_Trout=15
824,snps_10_sample_50_pop_1_ind_0.05,4,10,50,1,0.05,0.05,2.5,0.9230550247232868,TRUE,3,47,TRUE,2,2,0,1,TRUE,FALSE,0.607,0,1,BC3_to_Trout=2; F2=1; nonhybrid_Salmon=19; nonhybrid_Trout=28
825,snps_10_sample_50_pop_1_ind_0.05,5,10,50,1,0.05,0.05,2.5,0.9230550247232868,TRUE,2,48,TRUE,2,2,0,0,TRUE,FALSE,0.613,0,1,BC1_to_Trout=1; BC2_to_Trout=1; nonhybrid_Salmon=19; nonhybrid_Trout=29
826,snps_10_sample_50_pop_1_ind_0.05,6,10,50,1,0.05,0.05,2.5,0.9230550247232868,TRUE,1,49,TRUE,0,0,0,1,FALSE,FALSE,0.52,0,1,BC3_to_Trout=1; nonhybrid_Salmon=24; nonhybrid_Trout=25
827,snps_10_sample_50_pop_1_ind_0.05,7,10,50,1,0.05,0.05,2.5,0.9230550247232868,TRUE,2,48,TRUE,2,2,0,0,TRUE,FALSE,0.6,0,1,BC1_to_Salmon=1; BC2_to_Trout=1; nonhybrid_Salmon=19; nonhybrid_Trout=29
828,snps_10_sample_50_pop_1_ind_0.05,8,10,50,1,0.05,0.05,2.5,0.9230550247232868,TRUE,6,44,TRUE,5,5,0,1,TRUE,FALSE,0.514,0,1,BC1_to_Salmon=2; BC2_to_Salmon=1; BC3_to_Salmon=1; F1=1; F2=1; nonhybrid_Salmon=20; nonhybrid_Trout=24
829,snps_10_sample_50_pop_1_ind_0.05,9,10,50,1,0.05,0.05,2.5,0.9230550247232868,TRUE,1,49,TRUE,1,1,0,0,TRUE,FALSE,0.496,0,1,BC1_to_Trout=1; nonhybrid_Salmon=25; nonhybrid_Trout=24
830,snps_10_sample_50_pop_1_ind_0.05,10,10,50,1,0.05,0.05,2.5,0.9230550247232868,TRUE,2,48,TRUE,2,2,0,0,TRUE,FALSE,0.504,0,1,BC1_to_Salmon=1; BC1_to_Trout=1; nonhybrid_Salmon=24; nonhybrid_Trout=24
831,snps_10_sample_50_pop_1_ind_0.1,1,10,50,1,0.1,0.1,5,0.9948462247926799,TRUE,2,48,TRUE,2,2,0,0,TRUE,FALSE,0.478,0,1,BC1_to_Salmon=1; BC2_to_Trout=1; nonhybrid_Salmon=25; nonhybrid_Trout=23
832,snps_10_sample_50_pop_1_ind_0.1,2,10,50,1,0.1,0.1,5,0.9948462247926799,TRUE,6,44,TRUE,4,4,0,2,TRUE,FALSE,0.456,0,1,BC1_to_Trout=2; BC2_to_Salmon=3; BC2_to_Trout=1; nonhybrid_Salmon=24; nonhybrid_Trout=20
833,snps_10_sample_50_pop_1_ind_0.1,3,10,50,1,0.1,0.1,5,0.9948462247926799,TRUE,7,43,TRUE,5,5,0,2,TRUE,FALSE,0.461,0,1,BC2_to_Salmon=1; BC3_to_Salmon=2; BC3_to_Trout=2; F1=1; F2=1; nonhybrid_Salmon=23; nonhybrid_Trout=20
834,snps_10_sample_50_pop_1_ind_0.1,4,10,50,1,0.1,0.1,5,0.9948462247926799,TRUE,3,47,TRUE,3,3,0,0,TRUE,FALSE,0.496,0,1,BC1_to_Trout=2; F2=1; nonhybrid_Salmon=24; nonhybrid_Trout=23
835,snps_10_sample_50_pop_1_ind_0.1,5,10,50,1,0.1,0.1,5,0.9948462247926799,TRUE,7,43,TRUE,6,6,0,1,TRUE,FALSE,0.467,0,1,BC1_to_Salmon=1; BC1_to_Trout=1; BC2_to_Salmon=1; BC2_to_Trout=1; BC3_to_Salmon=3; nonhybrid_Salmon=22; nonhybrid_Trout=21
836,snps_10_sample_50_pop_1_ind_0.1,6,10,50,1,0.1,0.1,5,0.9948462247926799,TRUE,2,48,TRUE,2,2,0,0,TRUE,FALSE,0.491,0,1,BC1_to_Salmon=2; nonhybrid_Salmon=24; nonhybrid_Trout=24
837,snps_10_sample_50_pop_1_ind_0.1,7,10,50,1,0.1,0.1,5,0.9948462247926799,TRUE,3,47,TRUE,3,3,0,0,TRUE,FALSE,0.408,0,1,BC1_to_Trout=1; BC3_to_Salmon=1; F1=1; nonhybrid_Salmon=28; nonhybrid_Trout=19
838,snps_10_sample_50_pop_1_ind_0.1,8,10,50,1,0.1,0.1,5,0.9948462247926799,TRUE,4,46,TRUE,2,2,0,2,TRUE,FALSE,0.455,0,1,BC1_to_Trout=1; BC3_to_Salmon=1; BC3_to_Trout=2; nonhybrid_Salmon=26; nonhybrid_Trout=20
839,snps_10_sample_50_pop_1_ind_0.1,9,10,50,1,0.1,0.1,5,0.9948462247926799,TRUE,7,43,TRUE,6,6,0,1,TRUE,FALSE,0.492,0,1,BC1_to_Salmon=1; BC2_to_Salmon=2; F1=3; F2=1; nonhybrid_Salmon=21; nonhybrid_Trout=22
840,snps_10_sample_50_pop_1_ind_0.1,10,10,50,1,0.1,0.1,5,0.9948462247926799,TRUE,6,44,TRUE,5,5,0,1,TRUE,FALSE,0.376,0,1,BC1_to_Salmon=1; BC1_to_Trout=1; BC2_to_Salmon=1; BC3_to_Salmon=1; F2=2; nonhybrid_Salmon=27; nonhybrid_Trout=17
841,snps_10_sample_50_pop_1_ind_0.25,1,10,50,1,0.25,0.25,12.5,0.9999994336783435,TRUE,13,37,TRUE,10,10,0,3,TRUE,FALSE,0.491,0,1,BC1_to_Salmon=1; BC1_to_Trout=2; BC2_to_Salmon=3; BC2_to_Trout=1; BC3_to_Salmon=3; F1=2; F2=1; nonhybrid_Salmon=17; nonhybrid_Trout=20
842,snps_10_sample_50_pop_1_ind_0.25,2,10,50,1,0.25,0.25,12.5,0.9999994336783435,TRUE,13,37,TRUE,11,11,0,2,TRUE,FALSE,0.555,0,1,BC1_to_Salmon=2; BC1_to_Trout=2; BC2_to_Salmon=3; BC2_to_Trout=2; BC3_to_Salmon=1; F1=2; F2=1; nonhybrid_Salmon=15; nonhybrid_Trout=22
843,snps_10_sample_50_pop_1_ind_0.25,3,10,50,1,0.25,0.25,12.5,0.9999994336783435,TRUE,9,41,TRUE,7,7,0,2,TRUE,FALSE,0.459,0,1,BC1_to_Salmon=2; BC1_to_Trout=1; BC2_to_Trout=1; BC3_to_Trout=2; F1=2; F2=1; nonhybrid_Salmon=24; nonhybrid_Trout=17
844,snps_10_sample_50_pop_1_ind_0.25,4,10,50,1,0.25,0.25,12.5,0.9999994336783435,TRUE,14,36,TRUE,11,11,0,3,TRUE,FALSE,0.435,0,1,BC1_to_Salmon=2; BC1_to_Trout=1; BC2_to_Salmon=1; BC2_to_Trout=3; BC3_to_Salmon=2; BC3_to_Trout=2; F2=3; nonhybrid_Salmon=22; nonhybrid_Trout=14
845,snps_10_sample_50_pop_1_ind_0.25,5,10,50,1,0.25,0.25,12.5,0.9999994336783435,TRUE,10,40,TRUE,7,7,0,3,TRUE,FALSE,0.448,0,1,BC2_to_Salmon=2; BC3_to_Salmon=3; BC3_to_Trout=2; F1=2; F2=1; nonhybrid_Salmon=21; nonhybrid_Trout=19
846,snps_10_sample_50_pop_1_ind_0.25,6,10,50,1,0.25,0.25,12.5,0.9999994336783435,TRUE,14,36,TRUE,11,11,0,3,TRUE,FALSE,0.571,0,1,BC1_to_Salmon=1; BC1_to_Trout=1; BC2_to_Salmon=1; BC2_to_Trout=2; BC3_to_Salmon=3; BC3_to_Trout=3; F1=3; nonhybrid_Salmon=15; nonhybrid_Trout=21
847,snps_10_sample_50_pop_1_ind_0.25,7,10,50,1,0.25,0.25,12.5,0.9999994336783435,TRUE,11,39,TRUE,8,8,0,3,TRUE,FALSE,0.619,0,1,BC1_to_Salmon=1; BC1_to_Trout=1; BC2_to_Salmon=1; BC3_to_Trout=6; F2=2; nonhybrid_Salmon=16; nonhybrid_Trout=23
848,snps_10_sample_50_pop_1_ind_0.25,8,10,50,1,0.25,0.25,12.5,0.9999994336783435,TRUE,12,38,TRUE,10,10,0,2,TRUE,FALSE,0.5,0,1,BC2_to_Salmon=4; BC2_to_Trout=1; BC3_to_Salmon=1; BC3_to_Trout=3; F1=2; F2=1; nonhybrid_Salmon=19; nonhybrid_Trout=19
849,snps_10_sample_50_pop_1_ind_0.25,9,10,50,1,0.25,0.25,12.5,0.9999994336783435,TRUE,13,37,TRUE,10,10,0,3,TRUE,FALSE,0.571,0,1,BC1_to_Salmon=3; BC1_to_Trout=1; BC2_to_Salmon=1; BC2_to_Trout=3; BC3_to_Salmon=1; BC3_to_Trout=3; F2=1; nonhybrid_Salmon=16; nonhybrid_Trout=21
850,snps_10_sample_50_pop_1_ind_0.25,10,10,50,1,0.25,0.25,12.5,0.9999994336783435,TRUE,11,39,TRUE,9,9,0,2,TRUE,FALSE,0.274,0,1,BC1_to_Salmon=1; BC1_to_Trout=1; BC2_to_Trout=1; BC3_to_Salmon=3; BC3_to_Trout=1; F1=2; F2=2; nonhybrid_Salmon=30; nonhybrid_Trout=9
851,snps_10_sample_50_pop_1_ind_0.5,1,10,50,1,0.5,0.5,25,0.9999999999999991,TRUE,23,27,TRUE,18,18,0,5,TRUE,FALSE,0.547,0,1,BC1_to_Salmon=2; BC1_to_Trout=1; BC2_to_Salmon=4; BC2_to_Trout=4; BC3_to_Salmon=1; BC3_to_Trout=3; F1=5; F2=3; nonhybrid_Salmon=12; nonhybrid_Trout=15
852,snps_10_sample_50_pop_1_ind_0.5,2,10,50,1,0.5,0.5,25,0.9999999999999991,TRUE,30,20,TRUE,25,25,0,5,TRUE,FALSE,0.562,0,1,BC1_to_Salmon=3; BC1_to_Trout=7; BC2_to_Salmon=2; BC2_to_Trout=6; BC3_to_Salmon=4; BC3_to_Trout=3; F1=3; F2=2; nonhybrid_Salmon=9; nonhybrid_Trout=11
853,snps_10_sample_50_pop_1_ind_0.5,3,10,50,1,0.5,0.5,25,0.9999999999999991,TRUE,21,29,TRUE,16,16,0,5,TRUE,FALSE,0.465,0,1,BC1_to_Salmon=4; BC1_to_Trout=1; BC2_to_Salmon=3; BC2_to_Trout=5; BC3_to_Salmon=2; BC3_to_Trout=2; F1=2; F2=2; nonhybrid_Salmon=16; nonhybrid_Trout=13
854,snps_10_sample_50_pop_1_ind_0.5,4,10,50,1,0.5,0.5,25,0.9999999999999991,TRUE,27,23,TRUE,22,22,0,5,TRUE,FALSE,0.524,0,1,BC1_to_Salmon=3; BC1_to_Trout=3; BC2_to_Salmon=3; BC2_to_Trout=7; BC3_to_Salmon=5; F1=3; F2=3; nonhybrid_Salmon=10; nonhybrid_Trout=13
855,snps_10_sample_50_pop_1_ind_0.5,5,10,50,1,0.5,0.5,25,0.9999999999999991,TRUE,29,21,TRUE,24,24,0,5,TRUE,FALSE,0.527,0,1,BC1_to_Salmon=5; BC1_to_Trout=5; BC2_to_Salmon=4; BC2_to_Trout=4; BC3_to_Salmon=4; BC3_to_Trout=2; F1=2; F2=3; nonhybrid_Salmon=8; nonhybrid_Trout=13
856,snps_10_sample_50_pop_1_ind_0.5,6,10,50,1,0.5,0.5,25,0.9999999999999991,TRUE,25,25,TRUE,19,19,0,6,TRUE,FALSE,0.449,0,1,BC1_to_Salmon=2; BC1_to_Trout=5; BC2_to_Salmon=2; BC2_to_Trout=4; BC3_to_Salmon=4; F1=5; F2=3; nonhybrid_Salmon=15; nonhybrid_Trout=10
857,snps_10_sample_50_pop_1_ind_0.5,7,10,50,1,0.5,0.5,25,0.9999999999999991,TRUE,22,28,TRUE,19,19,0,3,TRUE,FALSE,0.4,0,1,BC1_to_Salmon=4; BC1_to_Trout=3; BC2_to_Salmon=4; BC2_to_Trout=3; BC3_to_Salmon=3; F1=2; F2=3; nonhybrid_Salmon=17; nonhybrid_Trout=11
858,snps_10_sample_50_pop_1_ind_0.5,8,10,50,1,0.5,0.5,25,0.9999999999999991,TRUE,27,23,TRUE,23,23,0,4,TRUE,FALSE,0.475,0,1,BC1_to_Salmon=4; BC1_to_Trout=3; BC2_to_Salmon=7; BC2_to_Trout=4; BC3_to_Salmon=2; BC3_to_Trout=1; F1=3; F2=3; nonhybrid_Salmon=11; nonhybrid_Trout=12
859,snps_10_sample_50_pop_1_ind_0.5,9,10,50,1,0.5,0.5,25,0.9999999999999991,TRUE,23,27,TRUE,17,17,0,6,TRUE,FALSE,0.449,0,1,BC1_to_Salmon=1; BC1_to_Trout=2; BC2_to_Salmon=3; BC2_to_Trout=1; BC3_to_Salmon=6; BC3_to_Trout=3; F1=4; F2=3; nonhybrid_Salmon=14; nonhybrid_Trout=13
860,snps_10_sample_50_pop_1_ind_0.5,10,10,50,1,0.5,0.5,25,0.9999999999999991,TRUE,29,21,TRUE,22,22,0,7,TRUE,FALSE,0.559,0,1,BC1_to_Salmon=7; BC1_to_Trout=2; BC2_to_Salmon=2; BC2_to_Trout=3; BC3_to_Salmon=2; BC3_to_Trout=5; F1=4; F2=4; nonhybrid_Salmon=8; nonhybrid_Trout=13
861,snps_10_sample_50_pop_1_ind_0.75,1,10,50,1,0.75,0.75,37.5,1,TRUE,34,16,TRUE,26,26,0,8,TRUE,FALSE,0.524,0,1,BC1_to_Salmon=3; BC1_to_Trout=5; BC2_to_Salmon=6; BC2_to_Trout=5; BC3_to_Salmon=5; BC3_to_Trout=5; F1=2; F2=3; nonhybrid_Salmon=7; nonhybrid_Trout=9
862,snps_10_sample_50_pop_1_ind_0.75,2,10,50,1,0.75,0.75,37.5,1,TRUE,33,17,TRUE,26,26,0,7,TRUE,FALSE,0.465,0,1,BC1_to_Salmon=3; BC1_to_Trout=5; BC2_to_Salmon=2; BC2_to_Trout=6; BC3_to_Salmon=5; BC3_to_Trout=3; F1=3; F2=6; nonhybrid_Salmon=12; nonhybrid_Trout=5
863,snps_10_sample_50_pop_1_ind_0.75,3,10,50,1,0.75,0.75,37.5,1,TRUE,39,11,TRUE,35,35,0,4,TRUE,FALSE,0.46900000000000003,0,1,BC1_to_Salmon=4; BC1_to_Trout=4; BC2_to_Salmon=6; BC2_to_Trout=5; BC3_to_Salmon=4; BC3_to_Trout=5; F1=5; F2=6; nonhybrid_Salmon=7; nonhybrid_Trout=4
864,snps_10_sample_50_pop_1_ind_0.75,4,10,50,1,0.75,0.75,37.5,1,TRUE,35,15,TRUE,27,27,0,8,TRUE,FALSE,0.521,0,1,BC1_to_Salmon=5; BC1_to_Trout=5; BC2_to_Salmon=6; BC2_to_Trout=2; BC3_to_Salmon=3; BC3_to_Trout=6; F1=3; F2=5; nonhybrid_Salmon=6; nonhybrid_Trout=9
865,snps_10_sample_50_pop_1_ind_0.75,5,10,50,1,0.75,0.75,37.5,1,TRUE,38,12,TRUE,23,23,0,15,TRUE,FALSE,0.454,0,1,BC1_to_Salmon=4; BC1_to_Trout=8; BC2_to_Salmon=7; BC2_to_Trout=3; BC3_to_Salmon=3; BC3_to_Trout=6; F1=4; F2=3; nonhybrid_Salmon=9; nonhybrid_Trout=3
866,snps_10_sample_50_pop_1_ind_0.75,6,10,50,1,0.75,0.75,37.5,1,TRUE,32,18,TRUE,25,25,0,7,TRUE,FALSE,0.459,0,1,BC1_to_Salmon=2; BC1_to_Trout=6; BC2_to_Salmon=4; BC2_to_Trout=1; BC3_to_Salmon=5; BC3_to_Trout=3; F1=8; F2=3; nonhybrid_Salmon=10; nonhybrid_Trout=8
867,snps_10_sample_50_pop_1_ind_0.75,7,10,50,1,0.75,0.75,37.5,1,TRUE,34,16,TRUE,29,29,0,5,TRUE,FALSE,0.522,0,1,BC1_to_Salmon=5; BC1_to_Trout=5; BC2_to_Salmon=6; BC2_to_Trout=4; BC3_to_Salmon=4; BC3_to_Trout=3; F1=3; F2=4; nonhybrid_Salmon=6; nonhybrid_Trout=10
868,snps_10_sample_50_pop_1_ind_0.75,8,10,50,1,0.75,0.75,37.5,1,TRUE,37,13,TRUE,30,30,0,7,TRUE,FALSE,0.421,0,1,BC1_to_Salmon=5; BC1_to_Trout=3; BC2_to_Salmon=4; BC2_to_Trout=6; BC3_to_Salmon=5; BC3_to_Trout=7; F1=4; F2=3; nonhybrid_Salmon=11; nonhybrid_Trout=2
869,snps_10_sample_50_pop_1_ind_0.75,9,10,50,1,0.75,0.75,37.5,1,TRUE,39,11,TRUE,32,32,0,7,TRUE,FALSE,0.528,0,1,BC1_to_Salmon=4; BC1_to_Trout=5; BC2_to_Salmon=8; BC2_to_Trout=6; BC3_to_Salmon=2; BC3_to_Trout=3; F1=6; F2=5; nonhybrid_Salmon=4; nonhybrid_Trout=7
870,snps_10_sample_50_pop_1_ind_0.75,10,10,50,1,0.75,0.75,37.5,1,TRUE,33,17,TRUE,29,29,0,4,TRUE,FALSE,0.489,0,1,BC1_to_Salmon=6; BC1_to_Trout=5; BC2_to_Salmon=6; BC2_to_Trout=6; BC3_to_Salmon=2; F1=4; F2=4; nonhybrid_Salmon=8; nonhybrid_Trout=9
871,snps_10_sample_50_pop_1_ind_1,1,10,50,1,1,1,50,1,TRUE,50,0,TRUE,37,37,0,13,TRUE,FALSE,0.381,0,0.95,BC1_to_Salmon=7; BC1_to_Trout=6; BC2_to_Salmon=8; BC2_to_Trout=5; BC3_to_Salmon=12; BC3_to_Trout=2; F1=9; F2=1
872,snps_10_sample_50_pop_1_ind_1,2,10,50,1,1,1,50,1,TRUE,50,0,TRUE,42,42,0,8,TRUE,FALSE,0.494,0.05,1,BC1_to_Salmon=6; BC1_to_Trout=5; BC2_to_Salmon=9; BC2_to_Trout=8; BC3_to_Salmon=5; BC3_to_Trout=6; F1=4; F2=7
873,snps_10_sample_50_pop_1_ind_1,3,10,50,1,1,1,50,1,TRUE,50,0,TRUE,40,40,0,10,TRUE,FALSE,0.559,0,1,BC1_to_Salmon=4; BC1_to_Trout=4; BC2_to_Salmon=6; BC2_to_Trout=5; BC3_to_Salmon=4; BC3_to_Trout=12; F1=9; F2=6
874,snps_10_sample_50_pop_1_ind_1,4,10,50,1,1,1,50,1,TRUE,50,0,TRUE,42,42,0,8,TRUE,FALSE,0.527,0,1,BC1_to_Salmon=2; BC1_to_Trout=5; BC2_to_Salmon=6; BC2_to_Trout=10; BC3_to_Salmon=6; BC3_to_Trout=4; F1=8; F2=9
875,snps_10_sample_50_pop_1_ind_1,5,10,50,1,1,1,50,1,TRUE,50,0,TRUE,35,35,0,15,TRUE,FALSE,0.522,0,1,BC1_to_Salmon=8; BC1_to_Trout=7; BC2_to_Salmon=5; BC2_to_Trout=7; BC3_to_Salmon=7; BC3_to_Trout=8; F1=4; F2=4
876,snps_10_sample_50_pop_1_ind_1,6,10,50,1,1,1,50,1,TRUE,50,0,TRUE,40,40,0,10,TRUE,FALSE,0.505,0,1,BC1_to_Salmon=7; BC1_to_Trout=9; BC2_to_Salmon=9; BC2_to_Trout=5; BC3_to_Salmon=3; BC3_to_Trout=8; F1=5; F2=4
877,snps_10_sample_50_pop_1_ind_1,7,10,50,1,1,1,50,1,TRUE,50,0,TRUE,37,37,0,13,TRUE,FALSE,0.499,0,1,BC1_to_Salmon=7; BC1_to_Trout=6; BC2_to_Salmon=4; BC2_to_Trout=8; BC3_to_Salmon=5; BC3_to_Trout=2; F1=6; F2=12
878,snps_10_sample_50_pop_1_ind_1,8,10,50,1,1,1,50,1,TRUE,50,0,TRUE,37,37,0,13,TRUE,FALSE,0.458,0,1,BC1_to_Salmon=7; BC1_to_Trout=9; BC2_to_Salmon=11; BC2_to_Trout=5; BC3_to_Salmon=7; BC3_to_Trout=5; F1=2; F2=4
879,snps_10_sample_50_pop_1_ind_1,9,10,50,1,1,1,50,1,TRUE,50,0,TRUE,39,39,0,11,TRUE,FALSE,0.473,0,1,BC1_to_Salmon=6; BC1_to_Trout=5; BC2_to_Salmon=7; BC2_to_Trout=7; BC3_to_Salmon=9; BC3_to_Trout=6; F1=5; F2=5
880,snps_10_sample_50_pop_1_ind_1,10,10,50,1,1,1,50,1,TRUE,50,0,TRUE,36,36,0,14,TRUE,FALSE,0.5619999999999999,0,1,BC1_to_Salmon=3; BC1_to_Trout=9; BC2_to_Salmon=2; BC2_to_Trout=4; BC3_to_Salmon=10; BC3_to_Trout=12; F1=7; F2=3
881,snps_10_sample_100_pop_1_ind_0,1,10,100,1,0,0,0,0,TRUE,0,100,FALSE,0,0,0,0,FALSE,FALSE,0.56,0,1,nonhybrid_Salmon=44; nonhybrid_Trout=56
882,snps_10_sample_100_pop_1_ind_0,2,10,100,1,0,0,0,0,TRUE,0,100,FALSE,0,0,0,0,FALSE,FALSE,0.51,0,1,nonhybrid_Salmon=49; nonhybrid_Trout=51
883,snps_10_sample_100_pop_1_ind_0,3,10,100,1,0,0,0,0,TRUE,0,100,FALSE,0,0,0,0,FALSE,FALSE,0.52,0,1,nonhybrid_Salmon=48; nonhybrid_Trout=52
884,snps_10_sample_100_pop_1_ind_0,4,10,100,1,0,0,0,0,TRUE,0,100,FALSE,0,0,0,0,FALSE,FALSE,0.51,0,1,nonhybrid_Salmon=49; nonhybrid_Trout=51
885,snps_10_sample_100_pop_1_ind_0,5,10,100,1,0,0,0,0,TRUE,0,100,FALSE,0,0,0,0,FALSE,FALSE,0.42,0,1,nonhybrid_Salmon=58; nonhybrid_Trout=42
886,snps_10_sample_100_pop_1_ind_0,6,10,100,1,0,0,0,0,TRUE,0,100,FALSE,0,0,0,0,FALSE,FALSE,0.59,0,1,nonhybrid_Salmon=41; nonhybrid_Trout=59
887,snps_10_sample_100_pop_1_ind_0,7,10,100,1,0,0,0,0,TRUE,0,100,FALSE,0,0,0,0,FALSE,FALSE,0.61,0,1,nonhybrid_Salmon=39; nonhybrid_Trout=61
888,snps_10_sample_100_pop_1_ind_0,8,10,100,1,0,0,0,0,TRUE,0,100,FALSE,0,0,0,0,FALSE,FALSE,0.44,0,1,nonhybrid_Salmon=56; nonhybrid_Trout=44
889,snps_10_sample_100_pop_1_ind_0,9,10,100,1,0,0,0,0,TRUE,0,100,FALSE,0,0,0,0,FALSE,FALSE,0.47,0,1,nonhybrid_Salmon=53; nonhybrid_Trout=47
890,snps_10_sample_100_pop_1_ind_0,10,10,100,1,0,0,0,0,TRUE,0,100,FALSE,0,0,0,0,FALSE,FALSE,0.5,0,1,nonhybrid_Salmon=50; nonhybrid_Trout=50
891,snps_10_sample_100_pop_1_ind_0.001,1,10,100,1,0.001,0.001,0.1,0.09520785288629108,TRUE,0,100,FALSE,0,0,0,0,FALSE,FALSE,0.5,0,1,nonhybrid_Salmon=50; nonhybrid_Trout=50
892,snps_10_sample_100_pop_1_ind_0.001,2,10,100,1,0.001,0.001,0.1,0.09520785288629108,TRUE,0,100,FALSE,0,0,0,0,FALSE,FALSE,0.44,0,1,nonhybrid_Salmon=56; nonhybrid_Trout=44
893,snps_10_sample_100_pop_1_ind_0.001,3,10,100,1,0.001,0.001,0.1,0.09520785288629108,TRUE,0,100,FALSE,0,0,0,0,FALSE,FALSE,0.51,0,1,nonhybrid_Salmon=49; nonhybrid_Trout=51
894,snps_10_sample_100_pop_1_ind_0.001,4,10,100,1,0.001,0.001,0.1,0.09520785288629108,TRUE,0,100,FALSE,0,0,0,0,FALSE,FALSE,0.43,0,1,nonhybrid_Salmon=57; nonhybrid_Trout=43
895,snps_10_sample_100_pop_1_ind_0.001,5,10,100,1,0.001,0.001,0.1,0.09520785288629108,TRUE,0,100,FALSE,0,0,0,0,FALSE,FALSE,0.51,0,1,nonhybrid_Salmon=49; nonhybrid_Trout=51
896,snps_10_sample_100_pop_1_ind_0.001,6,10,100,1,0.001,0.001,0.1,0.09520785288629108,TRUE,0,100,FALSE,0,0,0,0,FALSE,FALSE,0.51,0,1,nonhybrid_Salmon=49; nonhybrid_Trout=51
897,snps_10_sample_100_pop_1_ind_0.001,7,10,100,1,0.001,0.001,0.1,0.09520785288629108,TRUE,0,100,FALSE,0,0,0,0,FALSE,FALSE,0.6,0,1,nonhybrid_Salmon=40; nonhybrid_Trout=60
898,snps_10_sample_100_pop_1_ind_0.001,8,10,100,1,0.001,0.001,0.1,0.09520785288629108,TRUE,0,100,FALSE,0,0,0,0,FALSE,FALSE,0.52,0,1,nonhybrid_Salmon=48; nonhybrid_Trout=52
899,snps_10_sample_100_pop_1_ind_0.001,9,10,100,1,0.001,0.001,0.1,0.09520785288629108,TRUE,0,100,FALSE,0,0,0,0,FALSE,FALSE,0.47,0,1,nonhybrid_Salmon=53; nonhybrid_Trout=47
900,snps_10_sample_100_pop_1_ind_0.001,10,10,100,1,0.001,0.001,0.1,0.09520785288629108,TRUE,0,100,FALSE,0,0,0,0,FALSE,FALSE,0.45,0,1,nonhybrid_Salmon=55; nonhybrid_Trout=45
901,snps_10_sample_100_pop_1_ind_0.005,1,10,100,1,0.005,0.005,0.5,0.3942295635092721,TRUE,0,100,FALSE,0,0,0,0,FALSE,FALSE,0.5,0,1,nonhybrid_Salmon=50; nonhybrid_Trout=50
902,snps_10_sample_100_pop_1_ind_0.005,2,10,100,1,0.005,0.005,0.5,0.3942295635092721,TRUE,0,100,FALSE,0,0,0,0,FALSE,FALSE,0.44,0,1,nonhybrid_Salmon=56; nonhybrid_Trout=44
903,snps_10_sample_100_pop_1_ind_0.005,3,10,100,1,0.005,0.005,0.5,0.3942295635092721,TRUE,0,100,FALSE,0,0,0,0,FALSE,FALSE,0.5,0,1,nonhybrid_Salmon=50; nonhybrid_Trout=50
904,snps_10_sample_100_pop_1_ind_0.005,4,10,100,1,0.005,0.005,0.5,0.3942295635092721,TRUE,0,100,FALSE,0,0,0,0,FALSE,FALSE,0.35,0,1,nonhybrid_Salmon=65; nonhybrid_Trout=35
905,snps_10_sample_100_pop_1_ind_0.005,5,10,100,1,0.005,0.005,0.5,0.3942295635092721,TRUE,0,100,FALSE,0,0,0,0,FALSE,FALSE,0.46,0,1,nonhybrid_Salmon=54; nonhybrid_Trout=46
906,snps_10_sample_100_pop_1_ind_0.005,6,10,100,1,0.005,0.005,0.5,0.3942295635092721,TRUE,2,98,TRUE,1,1,0,1,TRUE,FALSE,0.5145,0,1,BC3_to_Trout=1; F1=1; nonhybrid_Salmon=48; nonhybrid_Trout=50
907,snps_10_sample_100_pop_1_ind_0.005,7,10,100,1,0.005,0.005,0.5,0.3942295635092721,TRUE,0,100,FALSE,0,0,0,0,FALSE,FALSE,0.47,0,1,nonhybrid_Salmon=53; nonhybrid_Trout=47
908,snps_10_sample_100_pop_1_ind_0.005,8,10,100,1,0.005,0.005,0.5,0.3942295635092721,TRUE,0,100,FALSE,0,0,0,0,FALSE,FALSE,0.58,0,1,nonhybrid_Salmon=42; nonhybrid_Trout=58
909,snps_10_sample_100_pop_1_ind_0.005,9,10,100,1,0.005,0.005,0.5,0.3942295635092721,TRUE,0,100,FALSE,0,0,0,0,FALSE,FALSE,0.46,0,1,nonhybrid_Salmon=54; nonhybrid_Trout=46
910,snps_10_sample_100_pop_1_ind_0.005,10,10,100,1,0.005,0.005,0.5,0.3942295635092721,TRUE,0,100,FALSE,0,0,0,0,FALSE,FALSE,0.5,0,1,nonhybrid_Salmon=50; nonhybrid_Trout=50
911,snps_10_sample_100_pop_1_ind_0.01,1,10,100,1,0.01,0.01,1,0.6339676587267709,TRUE,1,99,TRUE,0,0,0,1,FALSE,FALSE,0.4505,0,1,BC2_to_Salmon=1; nonhybrid_Salmon=54; nonhybrid_Trout=45
912,snps_10_sample_100_pop_1_ind_0.01,2,10,100,1,0.01,0.01,1,0.6339676587267709,TRUE,2,98,TRUE,1,1,0,1,TRUE,FALSE,0.528,0,1,BC1_to_Trout=1; BC3_to_Trout=1; nonhybrid_Salmon=47; nonhybrid_Trout=51
913,snps_10_sample_100_pop_1_ind_0.01,3,10,100,1,0.01,0.01,1,0.6339676587267709,TRUE,2,98,TRUE,1,1,0,1,TRUE,FALSE,0.4375,0,1,BC1_to_Trout=1; BC2_to_Salmon=1; nonhybrid_Salmon=55; nonhybrid_Trout=43
914,snps_10_sample_100_pop_1_ind_0.01,4,10,100,1,0.01,0.01,1,0.6339676587267709,TRUE,2,98,TRUE,1,1,0,1,TRUE,FALSE,0.488,0,1,BC1_to_Trout=1; BC3_to_Salmon=1; nonhybrid_Salmon=50; nonhybrid_Trout=48
915,snps_10_sample_100_pop_1_ind_0.01,5,10,100,1,0.01,0.01,1,0.6339676587267709,TRUE,2,98,TRUE,1,1,0,1,TRUE,FALSE,0.3775,0,1,BC1_to_Trout=1; BC2_to_Trout=1; nonhybrid_Salmon=62; nonhybrid_Trout=36
916,snps_10_sample_100_pop_1_ind_0.01,6,10,100,1,0.01,0.01,1,0.6339676587267709,TRUE,0,100,FALSE,0,0,0,0,FALSE,FALSE,0.55,0,1,nonhybrid_Salmon=45; nonhybrid_Trout=55
917,snps_10_sample_100_pop_1_ind_0.01,7,10,100,1,0.01,0.01,1,0.6339676587267709,TRUE,0,100,FALSE,0,0,0,0,FALSE,FALSE,0.57,0,1,nonhybrid_Salmon=43; nonhybrid_Trout=57
918,snps_10_sample_100_pop_1_ind_0.01,8,10,100,1,0.01,0.01,1,0.6339676587267709,TRUE,1,99,TRUE,0,0,0,1,FALSE,FALSE,0.5095,0,1,BC3_to_Trout=1; nonhybrid_Salmon=49; nonhybrid_Trout=50
919,snps_10_sample_100_pop_1_ind_0.01,9,10,100,1,0.01,0.01,1,0.6339676587267709,TRUE,0,100,FALSE,0,0,0,0,FALSE,FALSE,0.49,0,1,nonhybrid_Salmon=51; nonhybrid_Trout=49
920,snps_10_sample_100_pop_1_ind_0.01,10,10,100,1,0.01,0.01,1,0.6339676587267709,TRUE,1,99,TRUE,1,1,0,0,TRUE,FALSE,0.537,0,1,BC1_to_Trout=1; nonhybrid_Salmon=46; nonhybrid_Trout=53
921,snps_10_sample_100_pop_1_ind_0.025,1,10,100,1,0.025,0.025,2.5,0.9204827101381686,TRUE,1,99,TRUE,1,1,0,0,TRUE,FALSE,0.4285,0,1,BC2_to_Trout=1; nonhybrid_Salmon=57; nonhybrid_Trout=42
922,snps_10_sample_100_pop_1_ind_0.025,2,10,100,1,0.025,0.025,2.5,0.9204827101381686,TRUE,2,98,TRUE,2,2,0,0,TRUE,FALSE,0.524,0,1,BC2_to_Trout=1; F1=1; nonhybrid_Salmon=47; nonhybrid_Trout=51
923,snps_10_sample_100_pop_1_ind_0.025,3,10,100,1,0.025,0.025,2.5,0.9204827101381686,TRUE,2,98,TRUE,2,2,0,0,TRUE,FALSE,0.466,0,1,BC3_to_Salmon=1; F2=1; nonhybrid_Salmon=52; nonhybrid_Trout=46
924,snps_10_sample_100_pop_1_ind_0.025,4,10,100,1,0.025,0.025,2.5,0.9204827101381686,TRUE,1,99,TRUE,1,1,0,0,TRUE,FALSE,0.509,0,1,BC2_to_Trout=1; nonhybrid_Salmon=49; nonhybrid_Trout=50
925,snps_10_sample_100_pop_1_ind_0.025,5,10,100,1,0.025,0.025,2.5,0.9204827101381686,TRUE,5,95,TRUE,5,5,0,0,TRUE,FALSE,0.5195,0,1,BC1_to_Trout=2; BC2_to_Salmon=1; BC2_to_Trout=1; F2=1; nonhybrid_Salmon=46; nonhybrid_Trout=49
926,snps_10_sample_100_pop_1_ind_0.025,6,10,100,1,0.025,0.025,2.5,0.9204827101381686,TRUE,0,100,FALSE,0,0,0,0,FALSE,FALSE,0.53,0,1,nonhybrid_Salmon=47; nonhybrid_Trout=53
927,snps_10_sample_100_pop_1_ind_0.025,7,10,100,1,0.025,0.025,2.5,0.9204827101381686,TRUE,6,94,TRUE,5,5,0,1,TRUE,FALSE,0.479,0,1,BC1_to_Salmon=2; BC3_to_Trout=1; F2=3; nonhybrid_Salmon=49; nonhybrid_Trout=45
928,snps_10_sample_100_pop_1_ind_0.025,8,10,100,1,0.025,0.025,2.5,0.9204827101381686,TRUE,2,98,TRUE,1,1,0,1,TRUE,FALSE,0.5815,0,1,BC3_to_Salmon=2; nonhybrid_Salmon=40; nonhybrid_Trout=58
929,snps_10_sample_100_pop_1_ind_0.025,9,10,100,1,0.025,0.025,2.5,0.9204827101381686,TRUE,3,97,TRUE,0,0,0,3,FALSE,FALSE,0.56,0,1,BC3_to_Salmon=1; BC3_to_Trout=2; nonhybrid_Salmon=43; nonhybrid_Trout=54
930,snps_10_sample_100_pop_1_ind_0.025,10,10,100,1,0.025,0.025,2.5,0.9204827101381686,TRUE,4,96,TRUE,3,3,0,1,TRUE,FALSE,0.4315,0,1,BC2_to_Salmon=1; BC2_to_Trout=1; F1=1; F2=1; nonhybrid_Salmon=55; nonhybrid_Trout=41
931,snps_10_sample_100_pop_1_ind_0.05,1,10,100,1,0.05,0.05,5,0.994079470779666,TRUE,5,95,TRUE,4,4,0,1,TRUE,FALSE,0.544,0,1,BC1_to_Salmon=1; BC2_to_Salmon=1; BC3_to_Salmon=1; F1=1; F2=1; nonhybrid_Salmon=42; nonhybrid_Trout=53
932,snps_10_sample_100_pop_1_ind_0.05,2,10,100,1,0.05,0.05,5,0.994079470779666,TRUE,5,95,TRUE,3,3,0,2,TRUE,FALSE,0.5455,0,1,BC1_to_Trout=1; BC3_to_Salmon=1; BC3_to_Trout=1; F2=2; nonhybrid_Salmon=43; nonhybrid_Trout=52
933,snps_10_sample_100_pop_1_ind_0.05,3,10,100,1,0.05,0.05,5,0.994079470779666,TRUE,7,93,TRUE,6,6,0,1,TRUE,FALSE,0.4735,0,1,BC1_to_Salmon=2; BC1_to_Trout=1; BC2_to_Salmon=1; BC2_to_Trout=1; BC3_to_Salmon=1; F1=1; nonhybrid_Salmon=48; nonhybrid_Trout=45
934,snps_10_sample_100_pop_1_ind_0.05,4,10,100,1,0.05,0.05,5,0.994079470779666,TRUE,3,97,TRUE,1,1,0,2,TRUE,FALSE,0.5285,0,1,BC1_to_Trout=1; BC3_to_Salmon=1; BC3_to_Trout=1; nonhybrid_Salmon=46; nonhybrid_Trout=51
935,snps_10_sample_100_pop_1_ind_0.05,5,10,100,1,0.05,0.05,5,0.994079470779666,TRUE,5,95,TRUE,4,4,0,1,TRUE,FALSE,0.469,0,1,BC2_to_Salmon=1; BC2_to_Trout=1; BC3_to_Salmon=1; BC3_to_Trout=2; nonhybrid_Salmon=51; nonhybrid_Trout=44
936,snps_10_sample_100_pop_1_ind_0.05,6,10,100,1,0.05,0.05,5,0.994079470779666,TRUE,9,91,TRUE,8,8,0,1,TRUE,FALSE,0.554,0,1,BC1_to_Trout=2; BC2_to_Salmon=1; BC2_to_Trout=1; BC3_to_Salmon=2; BC3_to_Trout=1; F2=2; nonhybrid_Salmon=40; nonhybrid_Trout=51
937,snps_10_sample_100_pop_1_ind_0.05,7,10,100,1,0.05,0.05,5,0.994079470779666,TRUE,6,94,TRUE,6,6,0,0,TRUE,FALSE,0.3925,0,1,BC1_to_Salmon=1; BC2_to_Salmon=1; BC3_to_Salmon=1; BC3_to_Trout=1; F2=2; nonhybrid_Salmon=57; nonhybrid_Trout=37
938,snps_10_sample_100_pop_1_ind_0.05,8,10,100,1,0.05,0.05,5,0.994079470779666,TRUE,4,96,TRUE,4,4,0,0,TRUE,FALSE,0.5865,0,1,BC1_to_Trout=1; BC2_to_Trout=1; F1=2; nonhybrid_Salmon=40; nonhybrid_Trout=56
939,snps_10_sample_100_pop_1_ind_0.05,9,10,100,1,0.05,0.05,5,0.994079470779666,TRUE,6,94,TRUE,5,5,0,1,TRUE,FALSE,0.4615,0,1,BC1_to_Trout=1; BC2_to_Trout=1; BC3_to_Salmon=2; BC3_to_Trout=1; F1=1; nonhybrid_Salmon=51; nonhybrid_Trout=43
940,snps_10_sample_100_pop_1_ind_0.05,10,10,100,1,0.05,0.05,5,0.994079470779666,TRUE,0,100,FALSE,0,0,0,0,FALSE,FALSE,0.5,0,1,nonhybrid_Salmon=50; nonhybrid_Trout=50
941,snps_10_sample_100_pop_1_ind_0.1,1,10,100,1,0.1,0.1,10,0.9999734386011124,TRUE,11,89,TRUE,7,7,0,4,TRUE,FALSE,0.541,0,1,BC1_to_Salmon=2; BC2_to_Salmon=1; BC2_to_Trout=1; BC3_to_Salmon=3; F2=4; nonhybrid_Salmon=38; nonhybrid_Trout=51
942,snps_10_sample_100_pop_1_ind_0.1,2,10,100,1,0.1,0.1,10,0.9999734386011124,TRUE,9,91,TRUE,8,8,0,1,TRUE,FALSE,0.5055,0,1,BC2_to_Trout=2; BC3_to_Salmon=1; BC3_to_Trout=2; F1=3; F2=1; nonhybrid_Salmon=46; nonhybrid_Trout=45
943,snps_10_sample_100_pop_1_ind_0.1,3,10,100,1,0.1,0.1,10,0.9999734386011124,TRUE,10,90,TRUE,9,9,0,1,TRUE,FALSE,0.4785,0,1,BC1_to_Salmon=1; BC1_to_Trout=2; BC3_to_Salmon=1; BC3_to_Trout=3; F1=1; F2=2; nonhybrid_Salmon=48; nonhybrid_Trout=42
944,snps_10_sample_100_pop_1_ind_0.1,4,10,100,1,0.1,0.1,10,0.9999734386011124,TRUE,6,94,TRUE,5,5,0,1,TRUE,FALSE,0.4895,0,1,BC2_to_Salmon=1; BC2_to_Trout=2; F1=1; F2=2; nonhybrid_Salmon=48; nonhybrid_Trout=46
945,snps_10_sample_100_pop_1_ind_0.1,5,10,100,1,0.1,0.1,10,0.9999734386011124,TRUE,5,95,TRUE,5,5,0,0,TRUE,FALSE,0.5715,0,1,BC1_to_Trout=1; BC2_to_Salmon=2; F1=2; nonhybrid_Salmon=40; nonhybrid_Trout=55
946,snps_10_sample_100_pop_1_ind_0.1,6,10,100,1,0.1,0.1,10,0.9999734386011124,TRUE,12,88,TRUE,9,9,0,3,TRUE,FALSE,0.519,0,1,BC1_to_Salmon=3; BC1_to_Trout=1; BC2_to_Salmon=2; BC2_to_Trout=1; BC3_to_Trout=2; F1=2; F2=1; nonhybrid_Salmon=42; nonhybrid_Trout=46
947,snps_10_sample_100_pop_1_ind_0.1,7,10,100,1,0.1,0.1,10,0.9999734386011124,TRUE,13,87,TRUE,12,12,0,1,TRUE,FALSE,0.571,0,1,BC1_to_Trout=4; BC2_to_Salmon=1; BC2_to_Trout=1; BC3_to_Trout=1; F1=4; F2=2; nonhybrid_Salmon=38; nonhybrid_Trout=49
948,snps_10_sample_100_pop_1_ind_0.1,8,10,100,1,0.1,0.1,10,0.9999734386011124,TRUE,9,91,TRUE,9,9,0,0,TRUE,FALSE,0.4855,0,1,BC1_to_Salmon=1; BC1_to_Trout=2; BC2_to_Trout=2; F2=4; nonhybrid_Salmon=48; nonhybrid_Trout=43
949,snps_10_sample_100_pop_1_ind_0.1,9,10,100,1,0.1,0.1,10,0.9999734386011124,TRUE,7,93,TRUE,7,7,0,0,TRUE,FALSE,0.5975,0,1,BC1_to_Salmon=1; BC1_to_Trout=5; BC3_to_Salmon=1; nonhybrid_Salmon=37; nonhybrid_Trout=56
950,snps_10_sample_100_pop_1_ind_0.1,10,10,100,1,0.1,0.1,10,0.9999734386011124,TRUE,10,90,TRUE,8,8,0,2,TRUE,FALSE,0.5555,0,1,BC1_to_Salmon=3; BC1_to_Trout=1; BC2_to_Salmon=3; BC2_to_Trout=1; BC3_to_Salmon=1; F1=1; nonhybrid_Salmon=38; nonhybrid_Trout=52
951,snps_10_sample_100_pop_1_ind_0.25,1,10,100,1,0.25,0.25,25,0.9999999999996793,TRUE,26,74,TRUE,19,19,0,7,TRUE,FALSE,0.518,0,1,BC1_to_Salmon=5; BC1_to_Trout=2; BC2_to_Salmon=1; BC2_to_Trout=4; BC3_to_Salmon=4; BC3_to_Trout=4; F1=4; F2=2; nonhybrid_Salmon=35; nonhybrid_Trout=39
952,snps_10_sample_100_pop_1_ind_0.25,2,10,100,1,0.25,0.25,25,0.9999999999996793,TRUE,25,75,TRUE,19,19,0,6,TRUE,FALSE,0.5175,0,1,BC1_to_Salmon=6; BC1_to_Trout=3; BC2_to_Salmon=2; BC2_to_Trout=3; BC3_to_Salmon=2; BC3_to_Trout=3; F1=2; F2=4; nonhybrid_Salmon=36; nonhybrid_Trout=39
953,snps_10_sample_100_pop_1_ind_0.25,3,10,100,1,0.25,0.25,25,0.9999999999996793,TRUE,24,76,TRUE,18,18,0,6,TRUE,FALSE,0.5185,0,1,BC1_to_Trout=3; BC2_to_Salmon=4; BC2_to_Trout=4; BC3_to_Salmon=6; BC3_to_Trout=3; F1=2; F2=2; nonhybrid_Salmon=36; nonhybrid_Trout=40
954,snps_10_sample_100_pop_1_ind_0.25,4,10,100,1,0.25,0.25,25,0.9999999999996793,TRUE,22,78,TRUE,20,20,0,2,TRUE,FALSE,0.4585,0,1,BC1_to_Salmon=6; BC1_to_Trout=4; BC2_to_Salmon=2; BC3_to_Salmon=4; BC3_to_Trout=1; F1=2; F2=3; nonhybrid_Salmon=40; nonhybrid_Trout=38
955,snps_10_sample_100_pop_1_ind_0.25,5,10,100,1,0.25,0.25,25,0.9999999999996793,TRUE,35,65,TRUE,27,27,0,8,TRUE,FALSE,0.5265,0,1,BC1_to_Salmon=6; BC1_to_Trout=6; BC2_to_Salmon=6; BC2_to_Trout=4; BC3_to_Salmon=1; BC3_to_Trout=4; F1=2; F2=6; nonhybrid_Salmon=30; nonhybrid_Trout=35
956,snps_10_sample_100_pop_1_ind_0.25,6,10,100,1,0.25,0.25,25,0.9999999999996793,TRUE,21,79,TRUE,16,16,0,5,TRUE,FALSE,0.548,0,1,BC1_to_Salmon=2; BC1_to_Trout=2; BC2_to_Salmon=3; BC2_to_Trout=3; BC3_to_Salmon=2; BC3_to_Trout=4; F1=2; F2=3; nonhybrid_Salmon=36; nonhybrid_Trout=43
957,snps_10_sample_100_pop_1_ind_0.25,7,10,100,1,0.25,0.25,25,0.9999999999996793,TRUE,28,72,TRUE,21,21,0,7,TRUE,FALSE,0.465,0,1,BC1_to_Salmon=7; BC1_to_Trout=2; BC2_to_Salmon=4; BC2_to_Trout=1; BC3_to_Salmon=2; BC3_to_Trout=6; F1=3; F2=3; nonhybrid_Salmon=39; nonhybrid_Trout=33
958,snps_10_sample_100_pop_1_ind_0.25,8,10,100,1,0.25,0.25,25,0.9999999999996793,TRUE,23,77,TRUE,16,16,0,7,TRUE,FALSE,0.492,0,1,BC1_to_Salmon=2; BC1_to_Trout=6; BC2_to_Salmon=4; BC2_to_Trout=3; BC3_to_Salmon=2; BC3_to_Trout=3; F1=1; F2=2; nonhybrid_Salmon=40; nonhybrid_Trout=37
959,snps_10_sample_100_pop_1_ind_0.25,9,10,100,1,0.25,0.25,25,0.9999999999996793,TRUE,23,77,TRUE,19,19,0,4,TRUE,FALSE,0.5075,0,1,BC1_to_Salmon=5; BC2_to_Salmon=1; BC2_to_Trout=3; BC3_to_Salmon=3; BC3_to_Trout=4; F1=3; F2=4; nonhybrid_Salmon=38; nonhybrid_Trout=39
960,snps_10_sample_100_pop_1_ind_0.25,10,10,100,1,0.25,0.25,25,0.9999999999996793,TRUE,33,67,TRUE,26,26,0,7,TRUE,FALSE,0.5115,0,1,BC1_to_Salmon=2; BC1_to_Trout=2; BC2_to_Salmon=7; BC2_to_Trout=3; BC3_to_Salmon=6; BC3_to_Trout=5; F1=3; F2=5; nonhybrid_Salmon=30; nonhybrid_Trout=37
961,snps_10_sample_100_pop_1_ind_0.5,1,10,100,1,0.5,0.5,50,1,TRUE,54,46,TRUE,40,40,0,14,TRUE,FALSE,0.608,0,1,BC1_to_Salmon=4; BC1_to_Trout=14; BC2_to_Salmon=3; BC2_to_Trout=10; BC3_to_Salmon=7; BC3_to_Trout=6; F1=5; F2=5; nonhybrid_Salmon=17; nonhybrid_Trout=29
962,snps_10_sample_100_pop_1_ind_0.5,2,10,100,1,0.5,0.5,50,1,TRUE,58,42,TRUE,43,43,0,15,TRUE,FALSE,0.424,0,1,BC1_to_Salmon=10; BC1_to_Trout=4; BC2_to_Salmon=12; BC2_to_Trout=7; BC3_to_Salmon=8; BC3_to_Trout=7; F1=5; F2=5; nonhybrid_Salmon=24; nonhybrid_Trout=18
963,snps_10_sample_100_pop_1_ind_0.5,3,10,100,1,0.5,0.5,50,1,TRUE,50,50,TRUE,42,42,0,8,TRUE,FALSE,0.509,0,1,BC1_to_Salmon=6; BC1_to_Trout=6; BC2_to_Salmon=8; BC2_to_Trout=6; BC3_to_Salmon=3; BC3_to_Trout=4; F1=9; F2=8; nonhybrid_Salmon=24; nonhybrid_Trout=26
964,snps_10_sample_100_pop_1_ind_0.5,4,10,100,1,0.5,0.5,50,1,TRUE,49,51,TRUE,37,37,0,12,TRUE,FALSE,0.4735,0,1,BC1_to_Salmon=4; BC1_to_Trout=6; BC2_to_Salmon=6; BC2_to_Trout=7; BC3_to_Salmon=11; BC3_to_Trout=5; F1=6; F2=4; nonhybrid_Salmon=27; nonhybrid_Trout=24
965,snps_10_sample_100_pop_1_ind_0.5,5,10,100,1,0.5,0.5,50,1,TRUE,44,56,TRUE,34,34,0,10,TRUE,FALSE,0.4885,0,1,BC1_to_Salmon=5; BC1_to_Trout=6; BC2_to_Salmon=6; BC2_to_Trout=7; BC3_to_Salmon=5; BC3_to_Trout=5; F1=5; F2=5; nonhybrid_Salmon=30; nonhybrid_Trout=26
966,snps_10_sample_100_pop_1_ind_0.5,6,10,100,1,0.5,0.5,50,1,TRUE,41,59,TRUE,33,33,0,8,TRUE,FALSE,0.5165,0,1,BC1_to_Salmon=7; BC1_to_Trout=4; BC2_to_Salmon=6; BC2_to_Trout=5; BC3_to_Salmon=2; BC3_to_Trout=3; F1=7; F2=7; nonhybrid_Salmon=27; nonhybrid_Trout=32
967,snps_10_sample_100_pop_1_ind_0.5,7,10,100,1,0.5,0.5,50,1,TRUE,57,43,TRUE,49,49,0,8,TRUE,FALSE,0.4575,0,1,BC1_to_Salmon=12; BC1_to_Trout=5; BC2_to_Salmon=6; BC2_to_Trout=7; BC3_to_Salmon=6; BC3_to_Trout=3; F1=11; F2=7; nonhybrid_Salmon=24; nonhybrid_Trout=19
968,snps_10_sample_100_pop_1_ind_0.5,8,10,100,1,0.5,0.5,50,1,TRUE,45,55,TRUE,36,36,0,9,TRUE,FALSE,0.4775,0,1,BC1_to_Salmon=6; BC1_to_Trout=3; BC2_to_Salmon=6; BC2_to_Trout=10; BC3_to_Salmon=5; BC3_to_Trout=3; F1=5; F2=7; nonhybrid_Salmon=30; nonhybrid_Trout=25
969,snps_10_sample_100_pop_1_ind_0.5,9,10,100,1,0.5,0.5,50,1,TRUE,60,40,TRUE,49,49,0,11,TRUE,FALSE,0.47000000000000003,0,1,BC1_to_Salmon=7; BC1_to_Trout=5; BC2_to_Salmon=10; BC2_to_Trout=10; BC3_to_Salmon=5; BC3_to_Trout=6; F1=10; F2=7; nonhybrid_Salmon=23; nonhybrid_Trout=17
970,snps_10_sample_100_pop_1_ind_0.5,10,10,100,1,0.5,0.5,50,1,TRUE,50,50,TRUE,40,40,0,10,TRUE,FALSE,0.508,0,1,BC1_to_Salmon=6; BC1_to_Trout=7; BC2_to_Salmon=8; BC2_to_Trout=6; BC3_to_Salmon=6; BC3_to_Trout=8; F1=7; F2=2; nonhybrid_Salmon=25; nonhybrid_Trout=25
971,snps_10_sample_100_pop_1_ind_0.75,1,10,100,1,0.75,0.75,75,1,TRUE,77,23,TRUE,62,62,0,15,TRUE,FALSE,0.5125,0,1,BC1_to_Salmon=9; BC1_to_Trout=8; BC2_to_Salmon=10; BC2_to_Trout=13; BC3_to_Salmon=9; BC3_to_Trout=8; F1=12; F2=8; nonhybrid_Salmon=10; nonhybrid_Trout=13
972,snps_10_sample_100_pop_1_ind_0.75,2,10,100,1,0.75,0.75,75,1,TRUE,76,24,TRUE,59,59,0,17,TRUE,FALSE,0.5015,0,1,BC1_to_Salmon=9; BC1_to_Trout=7; BC2_to_Salmon=6; BC2_to_Trout=7; BC3_to_Salmon=9; BC3_to_Trout=12; F1=9; F2=17; nonhybrid_Salmon=13; nonhybrid_Trout=11
973,snps_10_sample_100_pop_1_ind_0.75,3,10,100,1,0.75,0.75,75,1,TRUE,70,30,TRUE,61,61,0,9,TRUE,FALSE,0.4875,0,1,BC1_to_Salmon=7; BC1_to_Trout=8; BC2_to_Salmon=8; BC2_to_Trout=10; BC3_to_Salmon=9; BC3_to_Trout=8; F1=8; F2=12; nonhybrid_Salmon=17; nonhybrid_Trout=13
974,snps_10_sample_100_pop_1_ind_0.75,4,10,100,1,0.75,0.75,75,1,TRUE,74,26,TRUE,45,45,0,29,TRUE,FALSE,0.47,0,1,BC1_to_Salmon=7; BC1_to_Trout=10; BC2_to_Salmon=8; BC2_to_Trout=4; BC3_to_Salmon=17; BC3_to_Trout=12; F1=8; F2=8; nonhybrid_Salmon=14; nonhybrid_Trout=12
975,snps_10_sample_100_pop_1_ind_0.75,5,10,100,1,0.75,0.75,75,1,TRUE,80,20,TRUE,69,69,0,11,TRUE,FALSE,0.495,0,1,BC1_to_Salmon=7; BC1_to_Trout=11; BC2_to_Salmon=6; BC2_to_Trout=12; BC3_to_Salmon=15; BC3_to_Trout=7; F1=11; F2=11; nonhybrid_Salmon=10; nonhybrid_Trout=10
976,snps_10_sample_100_pop_1_ind_0.75,6,10,100,1,0.75,0.75,75,1,TRUE,79,21,TRUE,59,59,0,20,TRUE,FALSE,0.46950000000000003,0,1,BC1_to_Salmon=11; BC1_to_Trout=9; BC2_to_Salmon=7; BC2_to_Trout=7; BC3_to_Salmon=13; BC3_to_Trout=14; F1=10; F2=8; nonhybrid_Salmon=13; nonhybrid_Trout=8
977,snps_10_sample_100_pop_1_ind_0.75,7,10,100,1,0.75,0.75,75,1,TRUE,69,31,TRUE,54,54,0,15,TRUE,FALSE,0.5135,0,1,BC1_to_Salmon=9; BC1_to_Trout=8; BC2_to_Salmon=9; BC2_to_Trout=6; BC3_to_Salmon=4; BC3_to_Trout=14; F1=8; F2=11; nonhybrid_Salmon=17; nonhybrid_Trout=14
978,snps_10_sample_100_pop_1_ind_0.75,8,10,100,1,0.75,0.75,75,1,TRUE,73,27,TRUE,60,60,0,13,TRUE,FALSE,0.4625,0,1,BC1_to_Salmon=12; BC1_to_Trout=5; BC2_to_Salmon=7; BC2_to_Trout=15; BC3_to_Salmon=9; BC3_to_Trout=6; F1=10; F2=9; nonhybrid_Salmon=17; nonhybrid_Trout=10
979,snps_10_sample_100_pop_1_ind_0.75,9,10,100,1,0.75,0.75,75,1,TRUE,80,20,TRUE,62,62,0,18,TRUE,FALSE,0.4775,0,1,BC1_to_Salmon=15; BC1_to_Trout=4; BC2_to_Salmon=10; BC2_to_Trout=14; BC3_to_Salmon=8; BC3_to_Trout=8; F1=16; F2=5; nonhybrid_Salmon=12; nonhybrid_Trout=8
980,snps_10_sample_100_pop_1_ind_0.75,10,10,100,1,0.75,0.75,75,1,TRUE,74,26,TRUE,63,63,0,11,TRUE,FALSE,0.5075,0,1,BC1_to_Salmon=11; BC1_to_Trout=9; BC2_to_Salmon=11; BC2_to_Trout=13; BC3_to_Salmon=7; BC3_to_Trout=5; F1=13; F2=5; nonhybrid_Salmon=12; nonhybrid_Trout=14
981,snps_10_sample_100_pop_1_ind_1,1,10,100,1,1,1,100,1,TRUE,100,0,TRUE,85,85,0,15,TRUE,FALSE,0.49,0,1,BC1_to_Salmon=12; BC1_to_Trout=11; BC2_to_Salmon=16; BC2_to_Trout=12; BC3_to_Salmon=9; BC3_to_Trout=12; F1=18; F2=10
982,snps_10_sample_100_pop_1_ind_1,2,10,100,1,1,1,100,1,TRUE,100,0,TRUE,72,72,0,28,TRUE,FALSE,0.537,0,1,BC1_to_Salmon=7; BC1_to_Trout=13; BC2_to_Salmon=13; BC2_to_Trout=13; BC3_to_Salmon=10; BC3_to_Trout=15; F1=15; F2=14
983,snps_10_sample_100_pop_1_ind_1,3,10,100,1,1,1,100,1,TRUE,100,0,TRUE,78,78,0,22,TRUE,FALSE,0.4985,0,1,BC1_to_Salmon=13; BC1_to_Trout=8; BC2_to_Salmon=14; BC2_to_Trout=12; BC3_to_Salmon=12; BC3_to_Trout=17; F1=9; F2=15
984,snps_10_sample_100_pop_1_ind_1,4,10,100,1,1,1,100,1,TRUE,100,0,TRUE,77,77,0,23,TRUE,FALSE,0.503,0,1,BC1_to_Salmon=15; BC1_to_Trout=8; BC2_to_Salmon=7; BC2_to_Trout=17; BC3_to_Salmon=17; BC3_to_Trout=10; F1=14; F2=12
985,snps_10_sample_100_pop_1_ind_1,5,10,100,1,1,1,100,1,TRUE,100,0,TRUE,82,82,0,18,TRUE,FALSE,0.4975,0,1,BC1_to_Salmon=11; BC1_to_Trout=15; BC2_to_Salmon=14; BC2_to_Trout=13; BC3_to_Salmon=12; BC3_to_Trout=9; F1=14; F2=12
986,snps_10_sample_100_pop_1_ind_1,6,10,100,1,1,1,100,1,TRUE,100,0,TRUE,73,73,0,27,TRUE,FALSE,0.4365,0,1,BC1_to_Salmon=14; BC1_to_Trout=9; BC2_to_Salmon=17; BC2_to_Trout=12; BC3_to_Salmon=18; BC3_to_Trout=11; F1=11; F2=8
987,snps_10_sample_100_pop_1_ind_1,7,10,100,1,1,1,100,1,TRUE,100,0,TRUE,76,76,0,24,TRUE,FALSE,0.491,0,1,BC1_to_Salmon=18; BC1_to_Trout=13; BC2_to_Salmon=7; BC2_to_Trout=10; BC3_to_Salmon=12; BC3_to_Trout=11; F1=11; F2=18
988,snps_10_sample_100_pop_1_ind_1,8,10,100,1,1,1,100,1,TRUE,100,0,TRUE,80,80,0,20,TRUE,FALSE,0.507,0,1,BC1_to_Salmon=14; BC1_to_Trout=12; BC2_to_Salmon=10; BC2_to_Trout=12; BC3_to_Salmon=13; BC3_to_Trout=14; F1=14; F2=11
989,snps_10_sample_100_pop_1_ind_1,9,10,100,1,1,1,100,1,TRUE,100,0,TRUE,77,77,0,23,TRUE,FALSE,0.5445,0,1,BC1_to_Salmon=11; BC1_to_Trout=14; BC2_to_Salmon=11; BC2_to_Trout=12; BC3_to_Salmon=9; BC3_to_Trout=17; F1=16; F2=10
990,snps_10_sample_100_pop_1_ind_1,10,10,100,1,1,1,100,1,TRUE,100,0,TRUE,84,84,0,16,TRUE,FALSE,0.4495,0,0.95,BC1_to_Salmon=25; BC1_to_Trout=15; BC2_to_Salmon=15; BC2_to_Trout=11; BC3_to_Salmon=9; BC3_to_Trout=9; F1=6; F2=10
991,snps_10_sample_200_pop_1_ind_0,1,10,200,1,0,0,0,0,TRUE,0,200,FALSE,0,0,0,0,FALSE,FALSE,0.505,0,1,nonhybrid_Salmon=99; nonhybrid_Trout=101
992,snps_10_sample_200_pop_1_ind_0,2,10,200,1,0,0,0,0,TRUE,0,200,FALSE,0,0,0,0,FALSE,FALSE,0.575,0,1,nonhybrid_Salmon=85; nonhybrid_Trout=115
993,snps_10_sample_200_pop_1_ind_0,3,10,200,1,0,0,0,0,TRUE,0,200,FALSE,0,0,0,0,FALSE,FALSE,0.56,0,1,nonhybrid_Salmon=88; nonhybrid_Trout=112
994,snps_10_sample_200_pop_1_ind_0,4,10,200,1,0,0,0,0,TRUE,0,200,FALSE,0,0,0,0,FALSE,FALSE,0.52,0,1,nonhybrid_Salmon=96; nonhybrid_Trout=104
995,snps_10_sample_200_pop_1_ind_0,5,10,200,1,0,0,0,0,TRUE,0,200,FALSE,0,0,0,0,FALSE,FALSE,0.53,0,1,nonhybrid_Salmon=94; nonhybrid_Trout=106
996,snps_10_sample_200_pop_1_ind_0,6,10,200,1,0,0,0,0,TRUE,0,200,FALSE,0,0,0,0,FALSE,FALSE,0.505,0,1,nonhybrid_Salmon=99; nonhybrid_Trout=101
997,snps_10_sample_200_pop_1_ind_0,7,10,200,1,0,0,0,0,TRUE,0,200,FALSE,0,0,0,0,FALSE,FALSE,0.52,0,1,nonhybrid_Salmon=96; nonhybrid_Trout=104
998,snps_10_sample_200_pop_1_ind_0,8,10,200,1,0,0,0,0,TRUE,0,200,FALSE,0,0,0,0,FALSE,FALSE,0.555,0,1,nonhybrid_Salmon=89; nonhybrid_Trout=111
999,snps_10_sample_200_pop_1_ind_0,9,10,200,1,0,0,0,0,TRUE,0,200,FALSE,0,0,0,0,FALSE,FALSE,0.505,0,1,nonhybrid_Salmon=99; nonhybrid_Trout=101
1000,snps_10_sample_200_pop_1_ind_0,10,10,200,1,0,0,0,0,TRUE,0,200,FALSE,0,0,0,0,FALSE,FALSE,0.55,0,1,nonhybrid_Salmon=90; nonhybrid_Trout=110
1001,snps_10_sample_200_pop_1_ind_0.001,1,10,200,1,0.001,0.001,0.2,0.1813511705213644,TRUE,0,200,FALSE,0,0,0,0,FALSE,FALSE,0.475,0,1,nonhybrid_Salmon=105; nonhybrid_Trout=95
1002,snps_10_sample_200_pop_1_ind_0.001,2,10,200,1,0.001,0.001,0.2,0.1813511705213644,TRUE,1,199,TRUE,0,0,0,1,FALSE,FALSE,0.48975,0,1,BC3_to_Trout=1; nonhybrid_Salmon=102; nonhybrid_Trout=97
1003,snps_10_sample_200_pop_1_ind_0.001,3,10,200,1,0.001,0.001,0.2,0.1813511705213644,TRUE,0,200,FALSE,0,0,0,0,FALSE,FALSE,0.45,0,1,nonhybrid_Salmon=110; nonhybrid_Trout=90
1004,snps_10_sample_200_pop_1_ind_0.001,4,10,200,1,0.001,0.001,0.2,0.1813511705213644,TRUE,0,200,FALSE,0,0,0,0,FALSE,FALSE,0.515,0,1,nonhybrid_Salmon=97; nonhybrid_Trout=103
1005,snps_10_sample_200_pop_1_ind_0.001,5,10,200,1,0.001,0.001,0.2,0.1813511705213644,TRUE,0,200,FALSE,0,0,0,0,FALSE,FALSE,0.515,0,1,nonhybrid_Salmon=97; nonhybrid_Trout=103
1006,snps_10_sample_200_pop_1_ind_0.001,6,10,200,1,0.001,0.001,0.2,0.1813511705213644,TRUE,0,200,FALSE,0,0,0,0,FALSE,FALSE,0.525,0,1,nonhybrid_Salmon=95; nonhybrid_Trout=105
1007,snps_10_sample_200_pop_1_ind_0.001,7,10,200,1,0.001,0.001,0.2,0.1813511705213644,TRUE,0,200,FALSE,0,0,0,0,FALSE,FALSE,0.495,0,1,nonhybrid_Salmon=101; nonhybrid_Trout=99
1008,snps_10_sample_200_pop_1_ind_0.001,8,10,200,1,0.001,0.001,0.2,0.1813511705213644,TRUE,0,200,FALSE,0,0,0,0,FALSE,FALSE,0.535,0,1,nonhybrid_Salmon=93; nonhybrid_Trout=107
1009,snps_10_sample_200_pop_1_ind_0.001,9,10,200,1,0.001,0.001,0.2,0.1813511705213644,TRUE,0,200,FALSE,0,0,0,0,FALSE,FALSE,0.465,0,1,nonhybrid_Salmon=107; nonhybrid_Trout=93
1010,snps_10_sample_200_pop_1_ind_0.001,10,10,200,1,0.001,0.001,0.2,0.1813511705213644,TRUE,0,200,FALSE,0,0,0,0,FALSE,FALSE,0.53,0,1,nonhybrid_Salmon=94; nonhybrid_Trout=106
1011,snps_10_sample_200_pop_1_ind_0.005,1,10,200,1,0.005,0.005,1,0.6330421782738329,TRUE,1,199,TRUE,1,1,0,0,TRUE,FALSE,0.4855,0,1,BC1_to_Salmon=1; nonhybrid_Salmon=102; nonhybrid_Trout=97
1012,snps_10_sample_200_pop_1_ind_0.005,2,10,200,1,0.005,0.005,1,0.6330421782738329,TRUE,1,199,TRUE,0,0,0,1,FALSE,FALSE,0.45525,0,1,BC2_to_Salmon=1; nonhybrid_Salmon=108; nonhybrid_Trout=91
1013,snps_10_sample_200_pop_1_ind_0.005,3,10,200,1,0.005,0.005,1,0.6330421782738329,TRUE,1,199,TRUE,1,1,0,0,TRUE,FALSE,0.51775,0,1,F2=1; nonhybrid_Salmon=96; nonhybrid_Trout=103
1014,snps_10_sample_200_pop_1_ind_0.005,4,10,200,1,0.005,0.005,1,0.6330421782738329,TRUE,0,200,FALSE,0,0,0,0,FALSE,FALSE,0.47,0,1,nonhybrid_Salmon=106; nonhybrid_Trout=94
1015,snps_10_sample_200_pop_1_ind_0.005,5,10,200,1,0.005,0.005,1,0.6330421782738329,TRUE,0,200,FALSE,0,0,0,0,FALSE,FALSE,0.48,0,1,nonhybrid_Salmon=104; nonhybrid_Trout=96
1016,snps_10_sample_200_pop_1_ind_0.005,6,10,200,1,0.005,0.005,1,0.6330421782738329,TRUE,1,199,TRUE,0,0,0,1,FALSE,FALSE,0.53,0,1,BC2_to_Trout=1; nonhybrid_Salmon=94; nonhybrid_Trout=105
1017,snps_10_sample_200_pop_1_ind_0.005,7,10,200,1,0.005,0.005,1,0.6330421782738329,TRUE,0,200,FALSE,0,0,0,0,FALSE,FALSE,0.45,0,1,nonhybrid_Salmon=110; nonhybrid_Trout=90
1018,snps_10_sample_200_pop_1_ind_0.005,8,10,200,1,0.005,0.005,1,0.6330421782738329,TRUE,2,198,TRUE,2,2,0,0,TRUE,FALSE,0.44875,0,1,BC1_to_Salmon=1; F1=1; nonhybrid_Salmon=109; nonhybrid_Trout=89
1019,snps_10_sample_200_pop_1_ind_0.005,9,10,200,1,0.005,0.005,1,0.6330421782738329,TRUE,1,199,TRUE,0,0,0,1,FALSE,FALSE,0.445,0,1,BC3_to_Trout=1; nonhybrid_Salmon=111; nonhybrid_Trout=88
1020,snps_10_sample_200_pop_1_ind_0.005,10,10,200,1,0.005,0.005,1,0.6330421782738329,TRUE,1,199,TRUE,0,0,0,1,FALSE,FALSE,0.56475,0,1,BC2_to_Trout=1; nonhybrid_Salmon=87; nonhybrid_Trout=112
1021,snps_10_sample_200_pop_1_ind_0.01,1,10,200,1,0.01,0.01,2,0.8660203251420383,TRUE,0,200,FALSE,0,0,0,0,FALSE,FALSE,0.51,0,1,nonhybrid_Salmon=98; nonhybrid_Trout=102
1022,snps_10_sample_200_pop_1_ind_0.01,2,10,200,1,0.01,0.01,2,0.8660203251420383,TRUE,5,195,TRUE,3,3,0,2,TRUE,FALSE,0.479,0,1,BC2_to_Salmon=1; BC2_to_Trout=2; BC3_to_Trout=2; nonhybrid_Salmon=103; nonhybrid_Trout=92
1023,snps_10_sample_200_pop_1_ind_0.01,3,10,200,1,0.01,0.01,2,0.8660203251420383,TRUE,2,198,TRUE,1,1,0,1,TRUE,FALSE,0.4795,0,1,BC3_to_Salmon=1; BC3_to_Trout=1; nonhybrid_Salmon=103; nonhybrid_Trout=95
1024,snps_10_sample_200_pop_1_ind_0.01,4,10,200,1,0.01,0.01,2,0.8660203251420383,TRUE,1,199,TRUE,1,1,0,0,TRUE,FALSE,0.48075,0,1,BC2_to_Salmon=1; nonhybrid_Salmon=103; nonhybrid_Trout=96
1025,snps_10_sample_200_pop_1_ind_0.01,5,10,200,1,0.01,0.01,2,0.8660203251420383,TRUE,3,197,TRUE,1,1,0,2,TRUE,FALSE,0.49775,0,1,BC3_to_Salmon=1; BC3_to_Trout=1; F1=1; nonhybrid_Salmon=99; nonhybrid_Trout=98
1026,snps_10_sample_200_pop_1_ind_0.01,6,10,200,1,0.01,0.01,2,0.8660203251420383,TRUE,4,196,TRUE,3,3,0,1,TRUE,FALSE,0.52925,0,1,BC2_to_Salmon=2; BC3_to_Salmon=1; F2=1; nonhybrid_Salmon=91; nonhybrid_Trout=105
1027,snps_10_sample_200_pop_1_ind_0.01,7,10,200,1,0.01,0.01,2,0.8660203251420383,TRUE,1,199,TRUE,1,1,0,0,TRUE,FALSE,0.4875,0,1,F1=1; nonhybrid_Salmon=102; nonhybrid_Trout=97
1028,snps_10_sample_200_pop_1_ind_0.01,8,10,200,1,0.01,0.01,2,0.8660203251420383,TRUE,3,197,TRUE,1,1,0,2,TRUE,FALSE,0.48625,0,1,BC1_to_Salmon=1; BC3_to_Salmon=1; BC3_to_Trout=1; nonhybrid_Salmon=101; nonhybrid_Trout=96
1029,snps_10_sample_200_pop_1_ind_0.01,9,10,200,1,0.01,0.01,2,0.8660203251420383,TRUE,3,197,TRUE,3,3,0,0,TRUE,FALSE,0.52525,0,1,BC1_to_Trout=1; BC3_to_Salmon=2; nonhybrid_Salmon=93; nonhybrid_Trout=104
1030,snps_10_sample_200_pop_1_ind_0.01,10,10,200,1,0.01,0.01,2,0.8660203251420383,TRUE,4,196,TRUE,4,4,0,0,TRUE,FALSE,0.56125,0,1,BC1_to_Salmon=2; BC2_to_Salmon=1; F1=1; nonhybrid_Salmon=85; nonhybrid_Trout=111
1031,snps_10_sample_200_pop_1_ind_0.025,1,10,200,1,0.025,0.025,5,0.9936770006130294,TRUE,6,194,TRUE,3,3,0,3,TRUE,FALSE,0.481,0,1,BC1_to_Salmon=1; BC3_to_Salmon=2; BC3_to_Trout=1; F1=1; F2=1; nonhybrid_Salmon=100; nonhybrid_Trout=94
1032,snps_10_sample_200_pop_1_ind_0.025,2,10,200,1,0.025,0.025,5,0.9936770006130294,TRUE,3,197,TRUE,3,3,0,0,TRUE,FALSE,0.50525,0,1,BC2_to_Trout=2; F1=1; nonhybrid_Salmon=98; nonhybrid_Trout=99
1033,snps_10_sample_200_pop_1_ind_0.025,3,10,200,1,0.025,0.025,5,0.9936770006130294,TRUE,1,199,TRUE,1,1,0,0,TRUE,FALSE,0.5195,0,1,BC2_to_Trout=1; nonhybrid_Salmon=96; nonhybrid_Trout=103
1034,snps_10_sample_200_pop_1_ind_0.025,4,10,200,1,0.025,0.025,5,0.9936770006130294,TRUE,3,197,TRUE,2,2,0,1,TRUE,FALSE,0.51225,0,1,BC1_to_Salmon=2; BC3_to_Trout=1; nonhybrid_Salmon=96; nonhybrid_Trout=101
1035,snps_10_sample_200_pop_1_ind_0.025,5,10,200,1,0.025,0.025,5,0.9936770006130294,TRUE,6,194,TRUE,5,5,0,1,TRUE,FALSE,0.458,0,1,BC1_to_Trout=2; BC2_to_Trout=1; BC3_to_Salmon=1; F1=1; F2=1; nonhybrid_Salmon=106; nonhybrid_Trout=88
1036,snps_10_sample_200_pop_1_ind_0.025,6,10,200,1,0.025,0.025,5,0.9936770006130294,TRUE,5,195,TRUE,3,3,0,2,TRUE,FALSE,0.49025,0,1,BC1_to_Salmon=1; BC2_to_Salmon=1; BC3_to_Trout=1; F1=1; F2=1; nonhybrid_Salmon=99; nonhybrid_Trout=96
1037,snps_10_sample_200_pop_1_ind_0.025,7,10,200,1,0.025,0.025,5,0.9936770006130294,TRUE,6,194,TRUE,4,4,0,2,TRUE,FALSE,0.54225,0,1,BC1_to_Salmon=1; BC2_to_Trout=2; BC3_to_Salmon=1; BC3_to_Trout=1; F1=1; nonhybrid_Salmon=89; nonhybrid_Trout=105
1038,snps_10_sample_200_pop_1_ind_0.025,8,10,200,1,0.025,0.025,5,0.9936770006130294,TRUE,7,193,TRUE,6,6,0,1,TRUE,FALSE,0.43725,0,1,BC1_to_Trout=2; BC2_to_Salmon=2; BC2_to_Trout=1; F1=2; nonhybrid_Salmon=109; nonhybrid_Trout=84
1039,snps_10_sample_200_pop_1_ind_0.025,9,10,200,1,0.025,0.025,5,0.9936770006130294,TRUE,9,191,TRUE,9,9,0,0,TRUE,FALSE,0.51,0,1,BC1_to_Salmon=1; BC1_to_Trout=3; BC2_to_Trout=2; BC3_to_Salmon=2; F1=1; nonhybrid_Salmon=94; nonhybrid_Trout=97
1040,snps_10_sample_200_pop_1_ind_0.025,10,10,200,1,0.025,0.025,5,0.9936770006130294,TRUE,1,199,TRUE,1,1,0,0,TRUE,FALSE,0.519,0,1,BC1_to_Trout=1; nonhybrid_Salmon=96; nonhybrid_Trout=103
1041,snps_10_sample_200_pop_1_ind_0.05,1,10,200,1,0.05,0.05,10,0.9999649473337512,TRUE,9,191,TRUE,8,8,0,1,TRUE,FALSE,0.5415,0,1,BC1_to_Salmon=1; BC3_to_Salmon=2; BC3_to_Trout=2; F1=3; F2=1; nonhybrid_Salmon=87; nonhybrid_Trout=104
1042,snps_10_sample_200_pop_1_ind_0.05,2,10,200,1,0.05,0.05,10,0.9999649473337512,TRUE,11,189,TRUE,7,7,0,4,TRUE,FALSE,0.53725,0,1,BC1_to_Salmon=2; BC1_to_Trout=1; BC2_to_Salmon=3; BC2_to_Trout=1; BC3_to_Trout=2; F1=1; F2=1; nonhybrid_Salmon=87; nonhybrid_Trout=102
1043,snps_10_sample_200_pop_1_ind_0.05,3,10,200,1,0.05,0.05,10,0.9999649473337512,TRUE,14,186,TRUE,12,12,0,2,TRUE,FALSE,0.53075,0,1,BC1_to_Salmon=2; BC1_to_Trout=6; BC2_to_Trout=3; BC3_to_Trout=2; F1=1; nonhybrid_Salmon=90; nonhybrid_Trout=96
1044,snps_10_sample_200_pop_1_ind_0.05,4,10,200,1,0.05,0.05,10,0.9999649473337512,TRUE,9,191,TRUE,9,9,0,0,TRUE,FALSE,0.54825,0,1,BC1_to_Salmon=2; BC1_to_Trout=1; BC2_to_Salmon=2; BC2_to_Trout=3; F2=1; nonhybrid_Salmon=86; nonhybrid_Trout=105
1045,snps_10_sample_200_pop_1_ind_0.05,5,10,200,1,0.05,0.05,10,0.9999649473337512,TRUE,15,185,TRUE,13,13,0,2,TRUE,FALSE,0.42525,0,1,BC1_to_Salmon=3; BC1_to_Trout=2; BC2_to_Salmon=3; BC3_to_Salmon=2; F1=2; F2=3; nonhybrid_Salmon=105; nonhybrid_Trout=80
1046,snps_10_sample_200_pop_1_ind_0.05,6,10,200,1,0.05,0.05,10,0.9999649473337512,TRUE,7,193,TRUE,5,5,0,2,TRUE,FALSE,0.50275,0,1,BC1_to_Trout=2; BC2_to_Salmon=1; BC2_to_Trout=2; BC3_to_Trout=1; F1=1; nonhybrid_Salmon=97; nonhybrid_Trout=96
1047,snps_10_sample_200_pop_1_ind_0.05,7,10,200,1,0.05,0.05,10,0.9999649473337512,TRUE,10,190,TRUE,8,8,0,2,TRUE,FALSE,0.4915,0,1,BC1_to_Trout=2; BC2_to_Salmon=1; BC2_to_Trout=3; BC3_to_Trout=1; F2=3; nonhybrid_Salmon=98; nonhybrid_Trout=92
1048,snps_10_sample_200_pop_1_ind_0.05,8,10,200,1,0.05,0.05,10,0.9999649473337512,TRUE,7,193,TRUE,7,7,0,0,TRUE,FALSE,0.51825,0,1,BC1_to_Salmon=1; BC1_to_Trout=1; BC2_to_Salmon=1; BC2_to_Trout=2; BC3_to_Salmon=1; F1=1; nonhybrid_Salmon=93; nonhybrid_Trout=100
1049,snps_10_sample_200_pop_1_ind_0.05,9,10,200,1,0.05,0.05,10,0.9999649473337512,TRUE,4,196,TRUE,4,4,0,0,TRUE,FALSE,0.50125,0,1,BC1_to_Trout=1; BC2_to_Trout=1; BC3_to_Salmon=1; F2=1; nonhybrid_Salmon=98; nonhybrid_Trout=98
1050,snps_10_sample_200_pop_1_ind_0.05,10,10,200,1,0.05,0.05,10,0.9999649473337512,TRUE,11,189,TRUE,8,8,0,3,TRUE,FALSE,0.52275,0,1,BC1_to_Trout=2; BC2_to_Salmon=2; BC2_to_Trout=2; BC3_to_Trout=1; F1=3; F2=1; nonhybrid_Salmon=91; nonhybrid_Trout=98
1051,snps_10_sample_200_pop_1_ind_0.1,1,10,200,1,0.1,0.1,20,0.9999999992944921,TRUE,17,183,TRUE,12,12,0,5,TRUE,FALSE,0.509,0,1,BC1_to_Salmon=3; BC1_to_Trout=2; BC2_to_Salmon=3; BC2_to_Trout=2; BC3_to_Salmon=3; BC3_to_Trout=1; F1=1; F2=2; nonhybrid_Salmon=88; nonhybrid_Trout=95
1052,snps_10_sample_200_pop_1_ind_0.1,2,10,200,1,0.1,0.1,20,0.9999999992944921,TRUE,24,176,TRUE,19,19,0,5,TRUE,FALSE,0.50725,0,1,BC1_to_Salmon=3; BC1_to_Trout=4; BC2_to_Salmon=3; BC2_to_Trout=3; BC3_to_Salmon=2; BC3_to_Trout=3; F1=4; F2=2; nonhybrid_Salmon=87; nonhybrid_Trout=89
1053,snps_10_sample_200_pop_1_ind_0.1,3,10,200,1,0.1,0.1,20,0.9999999992944921,TRUE,19,181,TRUE,16,16,0,3,TRUE,FALSE,0.51025,0,1,BC1_to_Salmon=2; BC1_to_Trout=3; BC2_to_Salmon=3; BC2_to_Trout=1; BC3_to_Salmon=3; F1=3; F2=4; nonhybrid_Salmon=87; nonhybrid_Trout=94
1054,snps_10_sample_200_pop_1_ind_0.1,4,10,200,1,0.1,0.1,20,0.9999999992944921,TRUE,20,180,TRUE,16,16,0,4,TRUE,FALSE,0.4815,0,1,BC1_to_Salmon=1; BC1_to_Trout=3; BC2_to_Salmon=1; BC2_to_Trout=1; BC3_to_Salmon=5; BC3_to_Trout=2; F1=1; F2=6; nonhybrid_Salmon=93; nonhybrid_Trout=87
1055,snps_10_sample_200_pop_1_ind_0.1,5,10,200,1,0.1,0.1,20,0.9999999992944921,TRUE,18,182,TRUE,15,15,0,3,TRUE,FALSE,0.5185,0,1,BC1_to_Trout=3; BC2_to_Salmon=3; BC2_to_Trout=3; BC3_to_Salmon=1; BC3_to_Trout=3; F1=5; nonhybrid_Salmon=89; nonhybrid_Trout=93
1056,snps_10_sample_200_pop_1_ind_0.1,6,10,200,1,0.1,0.1,20,0.9999999992944921,TRUE,13,187,TRUE,10,10,0,3,TRUE,FALSE,0.4775,0,1,BC1_to_Salmon=1; BC1_to_Trout=4; BC2_to_Salmon=2; BC3_to_Salmon=2; F1=2; F2=2; nonhybrid_Salmon=97; nonhybrid_Trout=90
1057,snps_10_sample_200_pop_1_ind_0.1,7,10,200,1,0.1,0.1,20,0.9999999992944921,TRUE,24,176,TRUE,21,21,0,3,TRUE,FALSE,0.5325,0,1,BC1_to_Salmon=2; BC1_to_Trout=2; BC2_to_Salmon=5; BC2_to_Trout=1; BC3_to_Salmon=2; BC3_to_Trout=2; F1=5; F2=5; nonhybrid_Salmon=80; nonhybrid_Trout=96
1058,snps_10_sample_200_pop_1_ind_0.1,8,10,200,1,0.1,0.1,20,0.9999999992944921,TRUE,22,178,TRUE,19,19,0,3,TRUE,FALSE,0.48775,0,1,BC1_to_Salmon=2; BC1_to_Trout=2; BC2_to_Salmon=3; BC2_to_Trout=2; BC3_to_Salmon=2; BC3_to_Trout=2; F1=6; F2=3; nonhybrid_Salmon=91; nonhybrid_Trout=87
1059,snps_10_sample_200_pop_1_ind_0.1,9,10,200,1,0.1,0.1,20,0.9999999992944921,TRUE,22,178,TRUE,16,16,0,6,TRUE,FALSE,0.47425,0,1,BC1_to_Salmon=1; BC1_to_Trout=1; BC2_to_Salmon=5; BC2_to_Trout=4; BC3_to_Salmon=5; BC3_to_Trout=1; F1=3; F2=2; nonhybrid_Salmon=92; nonhybrid_Trout=86
1060,snps_10_sample_200_pop_1_ind_0.1,10,10,200,1,0.1,0.1,20,0.9999999992944921,TRUE,22,178,TRUE,19,19,0,3,TRUE,FALSE,0.56725,0,1,BC1_to_Salmon=4; BC1_to_Trout=2; BC2_to_Salmon=6; BC2_to_Trout=3; BC3_to_Salmon=2; F1=2; F2=3; nonhybrid_Salmon=73; nonhybrid_Trout=105
1061,snps_10_sample_200_pop_1_ind_0.25,1,10,200,1,0.25,0.25,50,1,TRUE,47,153,TRUE,38,38,0,9,TRUE,FALSE,0.54925,0,1,BC1_to_Salmon=9; BC1_to_Trout=6; BC2_to_Salmon=5; BC2_to_Trout=8; BC3_to_Salmon=4; BC3_to_Trout=6; F1=3; F2=6; nonhybrid_Salmon=68; nonhybrid_Trout=85
1062,snps_10_sample_200_pop_1_ind_0.25,2,10,200,1,0.25,0.25,50,1,TRUE,51,149,TRUE,42,42,0,9,TRUE,FALSE,0.49925,0,1,BC1_to_Salmon=5; BC1_to_Trout=5; BC2_to_Salmon=9; BC2_to_Trout=7; BC3_to_Salmon=7; BC3_to_Trout=2; F1=7; F2=9; nonhybrid_Salmon=72; nonhybrid_Trout=77
1063,snps_10_sample_200_pop_1_ind_0.25,3,10,200,1,0.25,0.25,50,1,TRUE,43,157,TRUE,33,33,0,10,TRUE,FALSE,0.522,0,1,BC1_to_Salmon=8; BC1_to_Trout=5; BC2_to_Salmon=4; BC2_to_Trout=6; BC3_to_Salmon=4; BC3_to_Trout=8; F1=5; F2=3; nonhybrid_Salmon=76; nonhybrid_Trout=81
1064,snps_10_sample_200_pop_1_ind_0.25,4,10,200,1,0.25,0.25,50,1,TRUE,49,151,TRUE,35,35,0,14,TRUE,FALSE,0.512,0,1,BC1_to_Salmon=8; BC1_to_Trout=5; BC2_to_Salmon=5; BC2_to_Trout=6; BC3_to_Salmon=8; BC3_to_Trout=9; F1=3; F2=5; nonhybrid_Salmon=74; nonhybrid_Trout=77
1065,snps_10_sample_200_pop_1_ind_0.25,5,10,200,1,0.25,0.25,50,1,TRUE,45,155,TRUE,39,39,0,6,TRUE,FALSE,0.4855,0,1,BC1_to_Salmon=5; BC1_to_Trout=7; BC2_to_Salmon=4; BC2_to_Trout=6; BC3_to_Salmon=3; BC3_to_Trout=2; F1=10; F2=8; nonhybrid_Salmon=81; nonhybrid_Trout=74
1066,snps_10_sample_200_pop_1_ind_0.25,6,10,200,1,0.25,0.25,50,1,TRUE,59,141,TRUE,47,47,0,12,TRUE,FALSE,0.53725,0,1,BC1_to_Salmon=2; BC1_to_Trout=12; BC2_to_Salmon=5; BC2_to_Trout=9; BC3_to_Salmon=9; BC3_to_Trout=7; F1=8; F2=7; nonhybrid_Salmon=66; nonhybrid_Trout=75
1067,snps_10_sample_200_pop_1_ind_0.25,7,10,200,1,0.25,0.25,50,1,TRUE,51,149,TRUE,38,38,0,13,TRUE,FALSE,0.4905,0,1,BC1_to_Salmon=10; BC1_to_Trout=10; BC2_to_Salmon=7; BC2_to_Trout=3; BC3_to_Salmon=5; BC3_to_Trout=7; F1=6; F2=3; nonhybrid_Salmon=76; nonhybrid_Trout=73
1068,snps_10_sample_200_pop_1_ind_0.25,8,10,200,1,0.25,0.25,50,1,TRUE,51,149,TRUE,41,41,0,10,TRUE,FALSE,0.4655,0,1,BC1_to_Salmon=10; BC1_to_Trout=4; BC2_to_Salmon=4; BC2_to_Trout=8; BC3_to_Salmon=6; BC3_to_Trout=4; F1=8; F2=7; nonhybrid_Salmon=81; nonhybrid_Trout=68
1069,snps_10_sample_200_pop_1_ind_0.25,9,10,200,1,0.25,0.25,50,1,TRUE,47,153,TRUE,39,39,0,8,TRUE,FALSE,0.50575,0,1,BC1_to_Salmon=9; BC1_to_Trout=4; BC2_to_Salmon=6; BC2_to_Trout=8; BC3_to_Salmon=9; BC3_to_Trout=3; F1=4; F2=4; nonhybrid_Salmon=72; nonhybrid_Trout=81
1070,snps_10_sample_200_pop_1_ind_0.25,10,10,200,1,0.25,0.25,50,1,TRUE,48,152,TRUE,38,38,0,10,TRUE,FALSE,0.406,0,1,BC1_to_Salmon=7; BC1_to_Trout=4; BC2_to_Salmon=6; BC2_to_Trout=8; BC3_to_Salmon=8; BC3_to_Trout=1; F1=5; F2=9; nonhybrid_Salmon=92; nonhybrid_Trout=60
1071,snps_10_sample_200_pop_1_ind_0.5,1,10,200,1,0.5,0.5,100,1,TRUE,91,109,TRUE,69,69,0,22,TRUE,FALSE,0.48725,0,1,BC1_to_Salmon=9; BC1_to_Trout=8; BC2_to_Salmon=7; BC2_to_Trout=7; BC3_to_Salmon=13; BC3_to_Trout=15; F1=15; F2=17; nonhybrid_Salmon=58; nonhybrid_Trout=51
1072,snps_10_sample_200_pop_1_ind_0.5,2,10,200,1,0.5,0.5,100,1,TRUE,92,108,TRUE,76,76,0,16,TRUE,FALSE,0.47000000000000003,0,1,BC1_to_Salmon=13; BC1_to_Trout=10; BC2_to_Salmon=15; BC2_to_Trout=14; BC3_to_Salmon=9; BC3_to_Trout=9; F1=5; F2=17; nonhybrid_Salmon=58; nonhybrid_Trout=50
1073,snps_10_sample_200_pop_1_ind_0.5,3,10,200,1,0.5,0.5,100,1,TRUE,95,105,TRUE,69,69,0,26,TRUE,FALSE,0.4615,0,1,BC1_to_Salmon=11; BC1_to_Trout=10; BC2_to_Salmon=15; BC2_to_Trout=12; BC3_to_Salmon=14; BC3_to_Trout=11; F1=13; F2=9; nonhybrid_Salmon=58; nonhybrid_Trout=47
1074,snps_10_sample_200_pop_1_ind_0.5,4,10,200,1,0.5,0.5,100,1,TRUE,97,103,TRUE,75,75,0,22,TRUE,FALSE,0.5435,0,1,BC1_to_Salmon=9; BC1_to_Trout=13; BC2_to_Salmon=18; BC2_to_Trout=14; BC3_to_Salmon=10; BC3_to_Trout=10; F1=10; F2=13; nonhybrid_Salmon=42; nonhybrid_Trout=61
1075,snps_10_sample_200_pop_1_ind_0.5,5,10,200,1,0.5,0.5,100,1,TRUE,103,97,TRUE,80,80,0,23,TRUE,FALSE,0.43225,0,1,BC1_to_Salmon=16; BC1_to_Trout=13; BC2_to_Salmon=12; BC2_to_Trout=15; BC3_to_Salmon=12; BC3_to_Trout=9; F1=13; F2=13; nonhybrid_Salmon=61; nonhybrid_Trout=36
1076,snps_10_sample_200_pop_1_ind_0.5,6,10,200,1,0.5,0.5,100,1,TRUE,103,97,TRUE,83,83,0,20,TRUE,FALSE,0.46625,0,1,BC1_to_Salmon=11; BC1_to_Trout=10; BC2_to_Salmon=12; BC2_to_Trout=13; BC3_to_Salmon=14; BC3_to_Trout=13; F1=13; F2=17; nonhybrid_Salmon=56; nonhybrid_Trout=41
1077,snps_10_sample_200_pop_1_ind_0.5,7,10,200,1,0.5,0.5,100,1,TRUE,99,101,TRUE,76,76,0,23,TRUE,FALSE,0.45125,0,1,BC1_to_Salmon=10; BC1_to_Trout=15; BC2_to_Salmon=15; BC2_to_Trout=13; BC3_to_Salmon=14; BC3_to_Trout=6; F1=13; F2=13; nonhybrid_Salmon=57; nonhybrid_Trout=44
1078,snps_10_sample_200_pop_1_ind_0.5,8,10,200,1,0.5,0.5,100,1,TRUE,89,111,TRUE,68,68,0,21,TRUE,FALSE,0.46375,0,1,BC1_to_Salmon=17; BC1_to_Trout=8; BC2_to_Salmon=7; BC2_to_Trout=12; BC3_to_Salmon=8; BC3_to_Trout=7; F1=16; F2=14; nonhybrid_Salmon=63; nonhybrid_Trout=48
1079,snps_10_sample_200_pop_1_ind_0.5,9,10,200,1,0.5,0.5,100,1,TRUE,101,99,TRUE,79,79,0,22,TRUE,FALSE,0.46325,0,1,BC1_to_Salmon=15; BC1_to_Trout=15; BC2_to_Salmon=18; BC2_to_Trout=10; BC3_to_Salmon=13; BC3_to_Trout=11; F1=8; F2=11; nonhybrid_Salmon=53; nonhybrid_Trout=46
1080,snps_10_sample_200_pop_1_ind_0.5,10,10,200,1,0.5,0.5,100,1,TRUE,101,99,TRUE,78,78,0,23,TRUE,FALSE,0.46975,0,1,BC1_to_Salmon=13; BC1_to_Trout=15; BC2_to_Salmon=16; BC2_to_Trout=12; BC3_to_Salmon=12; BC3_to_Trout=10; F1=10; F2=13; nonhybrid_Salmon=54; nonhybrid_Trout=45
1081,snps_10_sample_200_pop_1_ind_0.75,1,10,200,1,0.75,0.75,150,1,TRUE,158,42,TRUE,124,124,0,34,TRUE,FALSE,0.52525,0,1,BC1_to_Salmon=23; BC1_to_Trout=18; BC2_to_Salmon=14; BC2_to_Trout=21; BC3_to_Salmon=24; BC3_to_Trout=24; F1=12; F2=22; nonhybrid_Salmon=17; nonhybrid_Trout=25
1082,snps_10_sample_200_pop_1_ind_0.75,2,10,200,1,0.75,0.75,150,1,TRUE,152,48,TRUE,118,118,0,34,TRUE,FALSE,0.526,0,1,BC1_to_Salmon=22; BC1_to_Trout=19; BC2_to_Salmon=23; BC2_to_Trout=23; BC3_to_Salmon=14; BC3_to_Trout=18; F1=12; F2=21; nonhybrid_Salmon=21; nonhybrid_Trout=27
1083,snps_10_sample_200_pop_1_ind_0.75,3,10,200,1,0.75,0.75,150,1,TRUE,154,46,TRUE,131,131,0,23,TRUE,FALSE,0.475,0,1,BC1_to_Salmon=20; BC1_to_Trout=22; BC2_to_Salmon=28; BC2_to_Trout=17; BC3_to_Salmon=16; BC3_to_Trout=14; F1=20; F2=17; nonhybrid_Salmon=23; nonhybrid_Trout=23
1084,snps_10_sample_200_pop_1_ind_0.75,4,10,200,1,0.75,0.75,150,1,TRUE,156,44,TRUE,116,116,0,40,TRUE,FALSE,0.519,0,1,BC1_to_Salmon=17; BC1_to_Trout=14; BC2_to_Salmon=23; BC2_to_Trout=20; BC3_to_Salmon=23; BC3_to_Trout=25; F1=19; F2=15; nonhybrid_Salmon=17; nonhybrid_Trout=27
1085,snps_10_sample_200_pop_1_ind_0.75,5,10,200,1,0.75,0.75,150,1,TRUE,151,49,TRUE,116,116,0,35,TRUE,FALSE,0.5445,0,1,BC1_to_Salmon=15; BC1_to_Trout=22; BC2_to_Salmon=21; BC2_to_Trout=20; BC3_to_Salmon=15; BC3_to_Trout=27; F1=14; F2=17; nonhybrid_Salmon=23; nonhybrid_Trout=26
1086,snps_10_sample_200_pop_1_ind_0.75,6,10,200,1,0.75,0.75,150,1,TRUE,155,45,TRUE,121,121,0,34,TRUE,FALSE,0.50725,0,1,BC1_to_Salmon=14; BC1_to_Trout=21; BC2_to_Salmon=21; BC2_to_Trout=19; BC3_to_Salmon=13; BC3_to_Trout=26; F1=23; F2=18; nonhybrid_Salmon=28; nonhybrid_Trout=17
1087,snps_10_sample_200_pop_1_ind_0.75,7,10,200,1,0.75,0.75,150,1,TRUE,147,53,TRUE,114,114,0,33,TRUE,FALSE,0.5095,0,1,BC1_to_Salmon=12; BC1_to_Trout=15; BC2_to_Salmon=18; BC2_to_Trout=25; BC3_to_Salmon=25; BC3_to_Trout=16; F1=15; F2=21; nonhybrid_Salmon=24; nonhybrid_Trout=29
1088,snps_10_sample_200_pop_1_ind_0.75,8,10,200,1,0.75,0.75,150,1,TRUE,142,58,TRUE,106,106,0,36,TRUE,FALSE,0.52475,0,1,BC1_to_Salmon=16; BC1_to_Trout=18; BC2_to_Salmon=18; BC2_to_Trout=24; BC3_to_Salmon=17; BC3_to_Trout=18; F1=17; F2=14; nonhybrid_Salmon=28; nonhybrid_Trout=30
1089,snps_10_sample_200_pop_1_ind_0.75,9,10,200,1,0.75,0.75,150,1,TRUE,146,54,TRUE,120,120,0,26,TRUE,FALSE,0.492,0,1,BC1_to_Salmon=21; BC1_to_Trout=24; BC2_to_Salmon=20; BC2_to_Trout=23; BC3_to_Salmon=15; BC3_to_Trout=14; F1=15; F2=14; nonhybrid_Salmon=30; nonhybrid_Trout=24
1090,snps_10_sample_200_pop_1_ind_0.75,10,10,200,1,0.75,0.75,150,1,TRUE,157,43,TRUE,117,117,0,40,TRUE,FALSE,0.47775,0,1,BC1_to_Salmon=16; BC1_to_Trout=15; BC2_to_Salmon=15; BC2_to_Trout=20; BC3_to_Salmon=29; BC3_to_Trout=18; F1=15; F2=29; nonhybrid_Salmon=21; nonhybrid_Trout=22
1091,snps_10_sample_200_pop_1_ind_1,1,10,200,1,1,1,200,1,TRUE,200,0,TRUE,154,154,0,46,TRUE,FALSE,0.4995,0,1,BC1_to_Salmon=32; BC1_to_Trout=22; BC2_to_Salmon=24; BC2_to_Trout=26; BC3_to_Salmon=23; BC3_to_Trout=27; F1=26; F2=20
1092,snps_10_sample_200_pop_1_ind_1,2,10,200,1,1,1,200,1,TRUE,200,0,TRUE,149,149,0,51,TRUE,FALSE,0.47925,0,1,BC1_to_Salmon=26; BC1_to_Trout=21; BC2_to_Salmon=26; BC2_to_Trout=24; BC3_to_Salmon=28; BC3_to_Trout=24; F1=23; F2=28
1093,snps_10_sample_200_pop_1_ind_1,3,10,200,1,1,1,200,1,TRUE,200,0,TRUE,143,143,0,57,TRUE,FALSE,0.50225,0,1,BC1_to_Salmon=28; BC1_to_Trout=24; BC2_to_Salmon=27; BC2_to_Trout=16; BC3_to_Salmon=24; BC3_to_Trout=38; F1=23; F2=20
1094,snps_10_sample_200_pop_1_ind_1,4,10,200,1,1,1,200,1,TRUE,200,0,TRUE,151,151,0,49,TRUE,FALSE,0.4745,0,1,BC1_to_Salmon=23; BC1_to_Trout=27; BC2_to_Salmon=27; BC2_to_Trout=22; BC3_to_Salmon=31; BC3_to_Trout=25; F1=31; F2=14
1095,snps_10_sample_200_pop_1_ind_1,5,10,200,1,1,1,200,1,TRUE,200,0,TRUE,159,159,0,41,TRUE,FALSE,0.51625,0,1,BC1_to_Salmon=27; BC1_to_Trout=24; BC2_to_Salmon=29; BC2_to_Trout=24; BC3_to_Salmon=18; BC3_to_Trout=29; F1=27; F2=22
1096,snps_10_sample_200_pop_1_ind_1,6,10,200,1,1,1,200,1,TRUE,200,0,TRUE,164,164,0,36,TRUE,FALSE,0.50725,0,1,BC1_to_Salmon=28; BC1_to_Trout=30; BC2_to_Salmon=20; BC2_to_Trout=20; BC3_to_Salmon=23; BC3_to_Trout=23; F1=30; F2=26
1097,snps_10_sample_200_pop_1_ind_1,7,10,200,1,1,1,200,1,TRUE,200,0,TRUE,152,152,0,48,TRUE,FALSE,0.5085,0,1,BC1_to_Salmon=27; BC1_to_Trout=31; BC2_to_Salmon=22; BC2_to_Trout=23; BC3_to_Salmon=25; BC3_to_Trout=26; F1=28; F2=18
1098,snps_10_sample_200_pop_1_ind_1,8,10,200,1,1,1,200,1,TRUE,200,0,TRUE,162,162,0,38,TRUE,FALSE,0.512,0,1,BC1_to_Salmon=29; BC1_to_Trout=24; BC2_to_Salmon=24; BC2_to_Trout=21; BC3_to_Salmon=22; BC3_to_Trout=31; F1=25; F2=24
1099,snps_10_sample_200_pop_1_ind_1,9,10,200,1,1,1,200,1,TRUE,200,0,TRUE,148,148,0,52,TRUE,FALSE,0.4925,0,1,BC1_to_Salmon=32; BC1_to_Trout=19; BC2_to_Salmon=27; BC2_to_Trout=25; BC3_to_Salmon=25; BC3_to_Trout=30; F1=22; F2=20
1100,snps_10_sample_200_pop_1_ind_1,10,10,200,1,1,1,200,1,TRUE,200,0,TRUE,163,163,0,37,TRUE,FALSE,0.52725,0,1,BC1_to_Salmon=29; BC1_to_Trout=27; BC2_to_Salmon=18; BC2_to_Trout=35; BC3_to_Salmon=23; BC3_to_Trout=22; F1=24; F2=22
1101,snps_20_sample_10_pop_1_ind_0,1,20,10,1,0,0,0,0,TRUE,0,10,FALSE,0,0,0,0,FALSE,FALSE,0.4,0,1,nonhybrid_Salmon=6; nonhybrid_Trout=4
1102,snps_20_sample_10_pop_1_ind_0,2,20,10,1,0,0,0,0,TRUE,0,10,FALSE,0,0,0,0,FALSE,FALSE,0.2,0,1,nonhybrid_Salmon=8; nonhybrid_Trout=2
1103,snps_20_sample_10_pop_1_ind_0,3,20,10,1,0,0,0,0,TRUE,0,10,FALSE,0,0,0,0,FALSE,FALSE,0.5,0,1,nonhybrid_Salmon=5; nonhybrid_Trout=5
1104,snps_20_sample_10_pop_1_ind_0,4,20,10,1,0,0,0,0,TRUE,0,10,FALSE,0,0,0,0,FALSE,FALSE,0.4,0,1,nonhybrid_Salmon=6; nonhybrid_Trout=4
1105,snps_20_sample_10_pop_1_ind_0,5,20,10,1,0,0,0,0,TRUE,0,10,FALSE,0,0,0,0,FALSE,FALSE,0.4,0,1,nonhybrid_Salmon=6; nonhybrid_Trout=4
1106,snps_20_sample_10_pop_1_ind_0,6,20,10,1,0,0,0,0,TRUE,0,10,FALSE,0,0,0,0,FALSE,FALSE,0.5,0,1,nonhybrid_Salmon=5; nonhybrid_Trout=5
1107,snps_20_sample_10_pop_1_ind_0,7,20,10,1,0,0,0,0,TRUE,0,10,FALSE,0,0,0,0,FALSE,FALSE,0.4,0,1,nonhybrid_Salmon=6; nonhybrid_Trout=4
1108,snps_20_sample_10_pop_1_ind_0,8,20,10,1,0,0,0,0,TRUE,0,10,FALSE,0,0,0,0,FALSE,FALSE,0.3,0,1,nonhybrid_Salmon=7; nonhybrid_Trout=3
1109,snps_20_sample_10_pop_1_ind_0,9,20,10,1,0,0,0,0,TRUE,0,10,FALSE,0,0,0,0,FALSE,FALSE,0.4,0,1,nonhybrid_Salmon=6; nonhybrid_Trout=4
1110,snps_20_sample_10_pop_1_ind_0,10,20,10,1,0,0,0,0,TRUE,0,10,FALSE,0,0,0,0,FALSE,FALSE,0.6,0,1,nonhybrid_Salmon=4; nonhybrid_Trout=6
1111,snps_20_sample_10_pop_1_ind_0.001,1,20,10,1,0.001,0.001,0.01,0.009955119790251765,TRUE,0,10,FALSE,0,0,0,0,FALSE,FALSE,0.4,0,1,nonhybrid_Salmon=6; nonhybrid_Trout=4
1112,snps_20_sample_10_pop_1_ind_0.001,2,20,10,1,0.001,0.001,0.01,0.009955119790251765,TRUE,0,10,FALSE,0,0,0,0,FALSE,FALSE,0.5,0,1,nonhybrid_Salmon=5; nonhybrid_Trout=5
1113,snps_20_sample_10_pop_1_ind_0.001,3,20,10,1,0.001,0.001,0.01,0.009955119790251765,TRUE,0,10,FALSE,0,0,0,0,FALSE,FALSE,0.4,0,1,nonhybrid_Salmon=6; nonhybrid_Trout=4
1114,snps_20_sample_10_pop_1_ind_0.001,4,20,10,1,0.001,0.001,0.01,0.009955119790251765,TRUE,0,10,FALSE,0,0,0,0,FALSE,FALSE,0.5,0,1,nonhybrid_Salmon=5; nonhybrid_Trout=5
1115,snps_20_sample_10_pop_1_ind_0.001,5,20,10,1,0.001,0.001,0.01,0.009955119790251765,TRUE,0,10,FALSE,0,0,0,0,FALSE,FALSE,0.8,0,1,nonhybrid_Salmon=2; nonhybrid_Trout=8
1116,snps_20_sample_10_pop_1_ind_0.001,6,20,10,1,0.001,0.001,0.01,0.009955119790251765,TRUE,0,10,FALSE,0,0,0,0,FALSE,FALSE,0.5,0,1,nonhybrid_Salmon=5; nonhybrid_Trout=5
1117,snps_20_sample_10_pop_1_ind_0.001,7,20,10,1,0.001,0.001,0.01,0.009955119790251765,TRUE,0,10,FALSE,0,0,0,0,FALSE,FALSE,0.6,0,1,nonhybrid_Salmon=4; nonhybrid_Trout=6
1118,snps_20_sample_10_pop_1_ind_0.001,8,20,10,1,0.001,0.001,0.01,0.009955119790251765,TRUE,0,10,FALSE,0,0,0,0,FALSE,FALSE,0.5,0,1,nonhybrid_Salmon=5; nonhybrid_Trout=5
1119,snps_20_sample_10_pop_1_ind_0.001,9,20,10,1,0.001,0.001,0.01,0.009955119790251765,TRUE,0,10,FALSE,0,0,0,0,FALSE,FALSE,0.8,0,1,nonhybrid_Salmon=2; nonhybrid_Trout=8
1120,snps_20_sample_10_pop_1_ind_0.001,10,20,10,1,0.001,0.001,0.01,0.009955119790251765,TRUE,0,10,FALSE,0,0,0,0,FALSE,FALSE,0.6,0,1,nonhybrid_Salmon=4; nonhybrid_Trout=6
1121,snps_20_sample_10_pop_1_ind_0.005,1,20,10,1,0.005,0.005,0.05,0.048889869534228136,TRUE,0,10,FALSE,0,0,0,0,FALSE,FALSE,0.7,0,1,nonhybrid_Salmon=3; nonhybrid_Trout=7
1122,snps_20_sample_10_pop_1_ind_0.005,2,20,10,1,0.005,0.005,0.05,0.048889869534228136,TRUE,0,10,FALSE,0,0,0,0,FALSE,FALSE,0.6,0,1,nonhybrid_Salmon=4; nonhybrid_Trout=6
1123,snps_20_sample_10_pop_1_ind_0.005,3,20,10,1,0.005,0.005,0.05,0.048889869534228136,TRUE,0,10,FALSE,0,0,0,0,FALSE,FALSE,0.6,0,1,nonhybrid_Salmon=4; nonhybrid_Trout=6
1124,snps_20_sample_10_pop_1_ind_0.005,4,20,10,1,0.005,0.005,0.05,0.048889869534228136,TRUE,0,10,FALSE,0,0,0,0,FALSE,FALSE,0.5,0,1,nonhybrid_Salmon=5; nonhybrid_Trout=5
1125,snps_20_sample_10_pop_1_ind_0.005,5,20,10,1,0.005,0.005,0.05,0.048889869534228136,TRUE,0,10,FALSE,0,0,0,0,FALSE,FALSE,0.4,0,1,nonhybrid_Salmon=6; nonhybrid_Trout=4
1126,snps_20_sample_10_pop_1_ind_0.005,6,20,10,1,0.005,0.005,0.05,0.048889869534228136,TRUE,0,10,FALSE,0,0,0,0,FALSE,FALSE,0.6,0,1,nonhybrid_Salmon=4; nonhybrid_Trout=6
1127,snps_20_sample_10_pop_1_ind_0.005,7,20,10,1,0.005,0.005,0.05,0.048889869534228136,TRUE,1,9,TRUE,1,1,0,0,TRUE,FALSE,0.3825,0,1,BC3_to_Trout=1; nonhybrid_Salmon=6; nonhybrid_Trout=3
1128,snps_20_sample_10_pop_1_ind_0.005,8,20,10,1,0.005,0.005,0.05,0.048889869534228136,TRUE,0,10,FALSE,0,0,0,0,FALSE,FALSE,0.6,0,1,nonhybrid_Salmon=4; nonhybrid_Trout=6
1129,snps_20_sample_10_pop_1_ind_0.005,9,20,10,1,0.005,0.005,0.05,0.048889869534228136,TRUE,0,10,FALSE,0,0,0,0,FALSE,FALSE,0.5,0,1,nonhybrid_Salmon=5; nonhybrid_Trout=5
1130,snps_20_sample_10_pop_1_ind_0.005,10,20,10,1,0.005,0.005,0.05,0.048889869534228136,TRUE,0,10,FALSE,0,0,0,0,FALSE,FALSE,0.5,0,1,nonhybrid_Salmon=5; nonhybrid_Trout=5
1131,snps_20_sample_10_pop_1_ind_0.01,1,20,10,1,0.01,0.01,0.1,0.09561792499119559,TRUE,0,10,FALSE,0,0,0,0,FALSE,FALSE,0.2,0,1,nonhybrid_Salmon=8; nonhybrid_Trout=2
1132,snps_20_sample_10_pop_1_ind_0.01,2,20,10,1,0.01,0.01,0.1,0.09561792499119559,TRUE,0,10,FALSE,0,0,0,0,FALSE,FALSE,0.5,0,1,nonhybrid_Salmon=5; nonhybrid_Trout=5
1133,snps_20_sample_10_pop_1_ind_0.01,3,20,10,1,0.01,0.01,0.1,0.09561792499119559,TRUE,0,10,FALSE,0,0,0,0,FALSE,FALSE,0,0,0,nonhybrid_Salmon=10
1134,snps_20_sample_10_pop_1_ind_0.01,4,20,10,1,0.01,0.01,0.1,0.09561792499119559,TRUE,0,10,FALSE,0,0,0,0,FALSE,FALSE,0.6,0,1,nonhybrid_Salmon=4; nonhybrid_Trout=6
1135,snps_20_sample_10_pop_1_ind_0.01,5,20,10,1,0.01,0.01,0.1,0.09561792499119559,TRUE,1,9,TRUE,1,1,0,0,TRUE,FALSE,0.55,0,1,F2=1; nonhybrid_Salmon=4; nonhybrid_Trout=5
1136,snps_20_sample_10_pop_1_ind_0.01,6,20,10,1,0.01,0.01,0.1,0.09561792499119559,TRUE,0,10,FALSE,0,0,0,0,FALSE,FALSE,0.6,0,1,nonhybrid_Salmon=4; nonhybrid_Trout=6
1137,snps_20_sample_10_pop_1_ind_0.01,7,20,10,1,0.01,0.01,0.1,0.09561792499119559,TRUE,0,10,FALSE,0,0,0,0,FALSE,FALSE,0.5,0,1,nonhybrid_Salmon=5; nonhybrid_Trout=5
1138,snps_20_sample_10_pop_1_ind_0.01,8,20,10,1,0.01,0.01,0.1,0.09561792499119559,TRUE,0,10,FALSE,0,0,0,0,FALSE,FALSE,0.3,0,1,nonhybrid_Salmon=7; nonhybrid_Trout=3
1139,snps_20_sample_10_pop_1_ind_0.01,9,20,10,1,0.01,0.01,0.1,0.09561792499119559,TRUE,0,10,FALSE,0,0,0,0,FALSE,FALSE,0.5,0,1,nonhybrid_Salmon=5; nonhybrid_Trout=5
1140,snps_20_sample_10_pop_1_ind_0.01,10,20,10,1,0.01,0.01,0.1,0.09561792499119559,TRUE,0,10,FALSE,0,0,0,0,FALSE,FALSE,0.1,0,1,nonhybrid_Salmon=9; nonhybrid_Trout=1
1141,snps_20_sample_10_pop_1_ind_0.025,1,20,10,1,0.025,0.025,0.25,0.22367037914356236,TRUE,0,10,FALSE,0,0,0,0,FALSE,FALSE,0.2,0,1,nonhybrid_Salmon=8; nonhybrid_Trout=2
1142,snps_20_sample_10_pop_1_ind_0.025,2,20,10,1,0.025,0.025,0.25,0.22367037914356236,TRUE,0,10,FALSE,0,0,0,0,FALSE,FALSE,0.4,0,1,nonhybrid_Salmon=6; nonhybrid_Trout=4
1143,snps_20_sample_10_pop_1_ind_0.025,3,20,10,1,0.025,0.025,0.25,0.22367037914356236,TRUE,0,10,FALSE,0,0,0,0,FALSE,FALSE,0.4,0,1,nonhybrid_Salmon=6; nonhybrid_Trout=4
1144,snps_20_sample_10_pop_1_ind_0.025,4,20,10,1,0.025,0.025,0.25,0.22367037914356236,TRUE,0,10,FALSE,0,0,0,0,FALSE,FALSE,0.4,0,1,nonhybrid_Salmon=6; nonhybrid_Trout=4
1145,snps_20_sample_10_pop_1_ind_0.025,5,20,10,1,0.025,0.025,0.25,0.22367037914356236,TRUE,0,10,FALSE,0,0,0,0,FALSE,FALSE,0.5,0,1,nonhybrid_Salmon=5; nonhybrid_Trout=5
1146,snps_20_sample_10_pop_1_ind_0.025,6,20,10,1,0.025,0.025,0.25,0.22367037914356236,TRUE,0,10,FALSE,0,0,0,0,FALSE,FALSE,0.6,0,1,nonhybrid_Salmon=4; nonhybrid_Trout=6
1147,snps_20_sample_10_pop_1_ind_0.025,7,20,10,1,0.025,0.025,0.25,0.22367037914356236,TRUE,1,9,TRUE,1,1,0,0,TRUE,FALSE,0.5175,0,1,BC2_to_Salmon=1; nonhybrid_Salmon=4; nonhybrid_Trout=5
1148,snps_20_sample_10_pop_1_ind_0.025,8,20,10,1,0.025,0.025,0.25,0.22367037914356236,TRUE,1,9,TRUE,1,1,0,0,TRUE,FALSE,0.5525,0,1,F2=1; nonhybrid_Salmon=4; nonhybrid_Trout=5
1149,snps_20_sample_10_pop_1_ind_0.025,9,20,10,1,0.025,0.025,0.25,0.22367037914356236,TRUE,0,10,FALSE,0,0,0,0,FALSE,FALSE,0.5,0,1,nonhybrid_Salmon=5; nonhybrid_Trout=5
1150,snps_20_sample_10_pop_1_ind_0.025,10,20,10,1,0.025,0.025,0.25,0.22367037914356236,TRUE,0,10,FALSE,0,0,0,0,FALSE,FALSE,0.5,0,1,nonhybrid_Salmon=5; nonhybrid_Trout=5
1151,snps_20_sample_10_pop_1_ind_0.05,1,20,10,1,0.05,0.05,0.5,0.4012630607616213,TRUE,0,10,FALSE,0,0,0,0,FALSE,FALSE,0.6,0,1,nonhybrid_Salmon=4; nonhybrid_Trout=6
1152,snps_20_sample_10_pop_1_ind_0.05,2,20,10,1,0.05,0.05,0.5,0.4012630607616213,TRUE,1,9,TRUE,1,1,0,0,TRUE,FALSE,0.71,0,1,BC2_to_Salmon=1; nonhybrid_Salmon=2; nonhybrid_Trout=7
1153,snps_20_sample_10_pop_1_ind_0.05,3,20,10,1,0.05,0.05,0.5,0.4012630607616213,TRUE,0,10,FALSE,0,0,0,0,FALSE,FALSE,0.8,0,1,nonhybrid_Salmon=2; nonhybrid_Trout=8
1154,snps_20_sample_10_pop_1_ind_0.05,4,20,10,1,0.05,0.05,0.5,0.4012630607616213,TRUE,0,10,FALSE,0,0,0,0,FALSE,FALSE,0.6,0,1,nonhybrid_Salmon=4; nonhybrid_Trout=6
1155,snps_20_sample_10_pop_1_ind_0.05,5,20,10,1,0.05,0.05,0.5,0.4012630607616213,TRUE,0,10,FALSE,0,0,0,0,FALSE,FALSE,0.4,0,1,nonhybrid_Salmon=6; nonhybrid_Trout=4
1156,snps_20_sample_10_pop_1_ind_0.05,6,20,10,1,0.05,0.05,0.5,0.4012630607616213,TRUE,0,10,FALSE,0,0,0,0,FALSE,FALSE,0.4,0,1,nonhybrid_Salmon=6; nonhybrid_Trout=4
1157,snps_20_sample_10_pop_1_ind_0.05,7,20,10,1,0.05,0.05,0.5,0.4012630607616213,TRUE,0,10,FALSE,0,0,0,0,FALSE,FALSE,0.7,0,1,nonhybrid_Salmon=3; nonhybrid_Trout=7
1158,snps_20_sample_10_pop_1_ind_0.05,8,20,10,1,0.05,0.05,0.5,0.4012630607616213,TRUE,0,10,FALSE,0,0,0,0,FALSE,FALSE,0.5,0,1,nonhybrid_Salmon=5; nonhybrid_Trout=5
1159,snps_20_sample_10_pop_1_ind_0.05,9,20,10,1,0.05,0.05,0.5,0.4012630607616213,TRUE,1,9,TRUE,1,1,0,0,TRUE,FALSE,0.9525,0.525,1,F2=1; nonhybrid_Trout=9
1160,snps_20_sample_10_pop_1_ind_0.05,10,20,10,1,0.05,0.05,0.5,0.4012630607616213,TRUE,0,10,FALSE,0,0,0,0,FALSE,FALSE,0.7,0,1,nonhybrid_Salmon=3; nonhybrid_Trout=7
1161,snps_20_sample_10_pop_1_ind_0.1,1,20,10,1,0.1,0.1,1,0.6513215599,TRUE,0,10,FALSE,0,0,0,0,FALSE,FALSE,0.5,0,1,nonhybrid_Salmon=5; nonhybrid_Trout=5
1162,snps_20_sample_10_pop_1_ind_0.1,2,20,10,1,0.1,0.1,1,0.6513215599,TRUE,2,8,TRUE,0,0,0,2,FALSE,FALSE,0.505,0,1,BC3_to_Salmon=1; BC3_to_Trout=1; nonhybrid_Salmon=4; nonhybrid_Trout=4
1163,snps_20_sample_10_pop_1_ind_0.1,3,20,10,1,0.1,0.1,1,0.6513215599,TRUE,0,10,FALSE,0,0,0,0,FALSE,FALSE,0.4,0,1,nonhybrid_Salmon=6; nonhybrid_Trout=4
1164,snps_20_sample_10_pop_1_ind_0.1,4,20,10,1,0.1,0.1,1,0.6513215599,TRUE,0,10,FALSE,0,0,0,0,FALSE,FALSE,0.6,0,1,nonhybrid_Salmon=4; nonhybrid_Trout=6
1165,snps_20_sample_10_pop_1_ind_0.1,5,20,10,1,0.1,0.1,1,0.6513215599,TRUE,3,7,TRUE,2,2,0,1,TRUE,FALSE,0.37,0,1,BC2_to_Salmon=2; F1=1; nonhybrid_Salmon=4; nonhybrid_Trout=3
1166,snps_20_sample_10_pop_1_ind_0.1,6,20,10,1,0.1,0.1,1,0.6513215599,TRUE,2,8,TRUE,2,2,0,0,TRUE,FALSE,0.2575,0,1,BC3_to_Salmon=1; F1=1; nonhybrid_Salmon=6; nonhybrid_Trout=2
1167,snps_20_sample_10_pop_1_ind_0.1,7,20,10,1,0.1,0.1,1,0.6513215599,TRUE,0,10,FALSE,0,0,0,0,FALSE,FALSE,0.4,0,1,nonhybrid_Salmon=6; nonhybrid_Trout=4
1168,snps_20_sample_10_pop_1_ind_0.1,8,20,10,1,0.1,0.1,1,0.6513215599,TRUE,0,10,FALSE,0,0,0,0,FALSE,FALSE,0.4,0,1,nonhybrid_Salmon=6; nonhybrid_Trout=4
1169,snps_20_sample_10_pop_1_ind_0.1,9,20,10,1,0.1,0.1,1,0.6513215599,TRUE,1,9,TRUE,1,1,0,0,TRUE,FALSE,0.4675,0,1,BC1_to_Trout=1; nonhybrid_Salmon=5; nonhybrid_Trout=4
1170,snps_20_sample_10_pop_1_ind_0.1,10,20,10,1,0.1,0.1,1,0.6513215599,TRUE,1,9,TRUE,0,0,0,1,FALSE,FALSE,0.4,0,1,BC3_to_Salmon=1; nonhybrid_Salmon=5; nonhybrid_Trout=4
1171,snps_20_sample_10_pop_1_ind_0.25,1,20,10,1,0.25,0.25,2.5,0.9436864852905273,TRUE,1,9,TRUE,1,1,0,0,TRUE,FALSE,0.51,0,1,BC2_to_Salmon=1; nonhybrid_Salmon=4; nonhybrid_Trout=5
1172,snps_20_sample_10_pop_1_ind_0.25,2,20,10,1,0.25,0.25,2.5,0.9436864852905273,TRUE,4,6,TRUE,2,2,0,2,TRUE,FALSE,0.5675,0,1,BC1_to_Salmon=1; BC3_to_Salmon=1; BC3_to_Trout=1; F1=1; nonhybrid_Salmon=2; nonhybrid_Trout=4
1173,snps_20_sample_10_pop_1_ind_0.25,3,20,10,1,0.25,0.25,2.5,0.9436864852905273,TRUE,2,8,TRUE,2,2,0,0,TRUE,FALSE,0.4575,0,1,BC2_to_Salmon=1; F1=1; nonhybrid_Salmon=4; nonhybrid_Trout=4
1174,snps_20_sample_10_pop_1_ind_0.25,4,20,10,1,0.25,0.25,2.5,0.9436864852905273,TRUE,2,8,TRUE,2,2,0,0,TRUE,FALSE,0.3275,0,1,BC2_to_Salmon=2; nonhybrid_Salmon=5; nonhybrid_Trout=3
1175,snps_20_sample_10_pop_1_ind_0.25,5,20,10,1,0.25,0.25,2.5,0.9436864852905273,TRUE,2,8,TRUE,1,1,0,1,TRUE,FALSE,0.4575,0,1,BC2_to_Trout=1; F2=1; nonhybrid_Salmon=5; nonhybrid_Trout=3
1176,snps_20_sample_10_pop_1_ind_0.25,6,20,10,1,0.25,0.25,2.5,0.9436864852905273,TRUE,2,8,TRUE,2,2,0,0,TRUE,FALSE,0.5,0,1,F2=2; nonhybrid_Salmon=4; nonhybrid_Trout=4
1177,snps_20_sample_10_pop_1_ind_0.25,7,20,10,1,0.25,0.25,2.5,0.9436864852905273,TRUE,1,9,TRUE,1,1,0,0,TRUE,FALSE,0.445,0,1,F2=1; nonhybrid_Salmon=5; nonhybrid_Trout=4
1178,snps_20_sample_10_pop_1_ind_0.25,8,20,10,1,0.25,0.25,2.5,0.9436864852905273,TRUE,0,10,FALSE,0,0,0,0,FALSE,FALSE,0.5,0,1,nonhybrid_Salmon=5; nonhybrid_Trout=5
1179,snps_20_sample_10_pop_1_ind_0.25,9,20,10,1,0.25,0.25,2.5,0.9436864852905273,TRUE,1,9,TRUE,1,1,0,0,TRUE,FALSE,0.465,0,1,F2=1; nonhybrid_Salmon=5; nonhybrid_Trout=4
1180,snps_20_sample_10_pop_1_ind_0.25,10,20,10,1,0.25,0.25,2.5,0.9436864852905273,TRUE,3,7,TRUE,3,3,0,0,TRUE,FALSE,0.525,0,1,BC1_to_Salmon=1; BC2_to_Salmon=1; BC2_to_Trout=1; nonhybrid_Salmon=3; nonhybrid_Trout=4
1181,snps_20_sample_10_pop_1_ind_0.5,1,20,10,1,0.5,0.5,5,0.9990234375,TRUE,5,5,TRUE,5,5,0,0,TRUE,FALSE,0.325,0,0.85,BC1_to_Trout=2; BC2_to_Salmon=1; BC3_to_Trout=2; nonhybrid_Salmon=5
1182,snps_20_sample_10_pop_1_ind_0.5,2,20,10,1,0.5,0.5,5,0.9990234375,TRUE,3,7,TRUE,3,3,0,0,TRUE,FALSE,0.325,0,1,BC2_to_Salmon=1; BC3_to_Salmon=2; nonhybrid_Salmon=4; nonhybrid_Trout=3
1183,snps_20_sample_10_pop_1_ind_0.5,3,20,10,1,0.5,0.5,5,0.9990234375,TRUE,3,7,TRUE,3,3,0,0,TRUE,FALSE,0.4575,0,1,BC1_to_Salmon=1; BC2_to_Salmon=2; nonhybrid_Salmon=3; nonhybrid_Trout=4
1184,snps_20_sample_10_pop_1_ind_0.5,4,20,10,1,0.5,0.5,5,0.9990234375,TRUE,7,3,TRUE,7,7,0,0,TRUE,FALSE,0.5475,0,1,BC1_to_Trout=2; BC3_to_Salmon=2; BC3_to_Trout=1; F1=1; F2=1; nonhybrid_Salmon=1; nonhybrid_Trout=2
1185,snps_20_sample_10_pop_1_ind_0.5,5,20,10,1,0.5,0.5,5,0.9990234375,TRUE,3,7,TRUE,1,1,0,2,TRUE,FALSE,0.4175,0,1,BC2_to_Salmon=1; BC3_to_Salmon=1; BC3_to_Trout=1; nonhybrid_Salmon=4; nonhybrid_Trout=3
1186,snps_20_sample_10_pop_1_ind_0.5,6,20,10,1,0.5,0.5,5,0.9990234375,TRUE,6,4,TRUE,6,6,0,0,TRUE,FALSE,0.495,0,1,BC1_to_Salmon=1; BC1_to_Trout=1; BC2_to_Trout=1; BC3_to_Salmon=1; F1=1; F2=1; nonhybrid_Salmon=2; nonhybrid_Trout=2
1187,snps_20_sample_10_pop_1_ind_0.5,7,20,10,1,0.5,0.5,5,0.9990234375,TRUE,6,4,TRUE,5,5,0,1,TRUE,FALSE,0.4425,0,1,BC1_to_Trout=1; BC3_to_Salmon=2; F1=1; F2=2; nonhybrid_Salmon=2; nonhybrid_Trout=2
1188,snps_20_sample_10_pop_1_ind_0.5,8,20,10,1,0.5,0.5,5,0.9990234375,TRUE,9,1,TRUE,9,9,0,0,TRUE,FALSE,0.435,0,0.9,BC1_to_Trout=1; BC2_to_Salmon=1; BC2_to_Trout=1; BC3_to_Salmon=3; BC3_to_Trout=2; F1=1; nonhybrid_Salmon=1
1189,snps_20_sample_10_pop_1_ind_0.5,9,20,10,1,0.5,0.5,5,0.9990234375,TRUE,6,4,TRUE,6,6,0,0,TRUE,FALSE,0.7175,0.075,1,BC1_to_Salmon=1; BC1_to_Trout=2; BC3_to_Salmon=1; BC3_to_Trout=1; F2=1; nonhybrid_Trout=4
1190,snps_20_sample_10_pop_1_ind_0.5,10,20,10,1,0.5,0.5,5,0.9990234375,TRUE,6,4,TRUE,4,4,0,2,TRUE,FALSE,0.3475,0,1,BC1_to_Trout=1; BC2_to_Salmon=1; BC3_to_Salmon=3; F1=1; nonhybrid_Salmon=2; nonhybrid_Trout=2
1191,snps_20_sample_10_pop_1_ind_0.75,1,20,10,1,0.75,0.75,7.5,0.9999990463256836,TRUE,7,3,TRUE,6,6,0,1,TRUE,FALSE,0.425,0,1,BC1_to_Salmon=1; BC2_to_Salmon=2; BC3_to_Salmon=2; BC3_to_Trout=2; nonhybrid_Salmon=1; nonhybrid_Trout=2
1192,snps_20_sample_10_pop_1_ind_0.75,2,20,10,1,0.75,0.75,7.5,0.9999990463256836,TRUE,7,3,TRUE,7,7,0,0,TRUE,FALSE,0.5525,0,1,BC1_to_Trout=2; BC2_to_Trout=1; F1=1; F2=3; nonhybrid_Salmon=2; nonhybrid_Trout=1
1193,snps_20_sample_10_pop_1_ind_0.75,3,20,10,1,0.75,0.75,7.5,0.9999990463256836,TRUE,8,2,TRUE,8,8,0,0,TRUE,FALSE,0.6225,0.125,1,BC1_to_Salmon=2; BC1_to_Trout=1; BC3_to_Salmon=1; BC3_to_Trout=2; F2=2; nonhybrid_Trout=2
1194,snps_20_sample_10_pop_1_ind_0.75,4,20,10,1,0.75,0.75,7.5,0.9999990463256836,TRUE,5,5,TRUE,4,4,0,1,TRUE,FALSE,0.40499999999999997,0,1,BC2_to_Salmon=1; BC2_to_Trout=1; BC3_to_Trout=1; F1=1; F2=1; nonhybrid_Salmon=4; nonhybrid_Trout=1
1195,snps_20_sample_10_pop_1_ind_0.75,5,20,10,1,0.75,0.75,7.5,0.9999990463256836,TRUE,5,5,TRUE,5,5,0,0,TRUE,FALSE,0.49,0,1,BC1_to_Trout=1; BC2_to_Salmon=3; F1=1; nonhybrid_Salmon=2; nonhybrid_Trout=3
1196,snps_20_sample_10_pop_1_ind_0.75,6,20,10,1,0.75,0.75,7.5,0.9999990463256836,TRUE,7,3,TRUE,4,4,0,3,TRUE,FALSE,0.605,0,1,BC1_to_Trout=2; BC3_to_Salmon=2; BC3_to_Trout=2; F1=1; nonhybrid_Salmon=1; nonhybrid_Trout=2
1197,snps_20_sample_10_pop_1_ind_0.75,7,20,10,1,0.75,0.75,7.5,0.9999990463256836,TRUE,7,3,TRUE,6,6,0,1,TRUE,FALSE,0.2975,0,0.95,BC1_to_Salmon=2; BC1_to_Trout=1; BC2_to_Salmon=2; BC2_to_Trout=1; F2=1; nonhybrid_Salmon=3
1198,snps_20_sample_10_pop_1_ind_0.75,8,20,10,1,0.75,0.75,7.5,0.9999990463256836,TRUE,9,1,TRUE,6,6,0,3,TRUE,FALSE,0.58,0.025,1,BC1_to_Trout=1; BC2_to_Salmon=1; BC2_to_Trout=1; BC3_to_Salmon=2; BC3_to_Trout=2; F2=2; nonhybrid_Trout=1
1199,snps_20_sample_10_pop_1_ind_0.75,9,20,10,1,0.75,0.75,7.5,0.9999990463256836,TRUE,7,3,TRUE,7,7,0,0,TRUE,FALSE,0.445,0,0.925,BC1_to_Trout=1; BC2_to_Salmon=1; BC2_to_Trout=3; F1=2; nonhybrid_Salmon=3
1200,snps_20_sample_10_pop_1_ind_0.75,10,20,10,1,0.75,0.75,7.5,0.9999990463256836,TRUE,9,1,TRUE,9,9,0,0,TRUE,FALSE,0.3575,0,0.9,BC1_to_Salmon=2; BC1_to_Trout=2; BC2_to_Salmon=3; BC2_to_Trout=1; F1=1; nonhybrid_Salmon=1
1201,snps_20_sample_10_pop_1_ind_1,1,20,10,1,1,1,10,1,TRUE,10,0,TRUE,9,9,0,1,TRUE,FALSE,0.37,0.025,0.925,BC1_to_Salmon=2; BC2_to_Salmon=1; BC3_to_Salmon=3; BC3_to_Trout=2; F2=2
1202,snps_20_sample_10_pop_1_ind_1,2,20,10,1,1,1,10,1,TRUE,10,0,TRUE,10,10,0,0,TRUE,FALSE,0.39749999999999996,0.075,0.825,BC1_to_Salmon=1; BC1_to_Trout=2; BC2_to_Salmon=3; BC2_to_Trout=1; BC3_to_Salmon=1; F1=1; F2=1
1203,snps_20_sample_10_pop_1_ind_1,3,20,10,1,1,1,10,1,TRUE,10,0,TRUE,9,9,0,1,TRUE,FALSE,0.67,0.025,0.925,BC1_to_Trout=5; BC2_to_Salmon=2; BC2_to_Trout=1; BC3_to_Trout=2
1204,snps_20_sample_10_pop_1_ind_1,4,20,10,1,1,1,10,1,TRUE,10,0,TRUE,8,8,0,2,TRUE,FALSE,0.565,0.15,0.975,BC1_to_Salmon=1; BC2_to_Salmon=2; BC2_to_Trout=1; BC3_to_Trout=3; F1=1; F2=2
1205,snps_20_sample_10_pop_1_ind_1,5,20,10,1,1,1,10,1,TRUE,10,0,TRUE,9,9,0,1,TRUE,FALSE,0.5725,0.225,0.95,BC1_to_Salmon=3; BC1_to_Trout=1; BC2_to_Trout=2; BC3_to_Trout=1; F1=3
1206,snps_20_sample_10_pop_1_ind_1,6,20,10,1,1,1,10,1,TRUE,10,0,TRUE,10,10,0,0,TRUE,FALSE,0.5625,0.1,0.925,BC1_to_Salmon=2; BC1_to_Trout=3; BC2_to_Salmon=2; BC2_to_Trout=2; BC3_to_Trout=1
1207,snps_20_sample_10_pop_1_ind_1,7,20,10,1,1,1,10,1,TRUE,10,0,TRUE,7,7,0,3,TRUE,FALSE,0.5775,0,0.975,BC1_to_Trout=2; BC2_to_Trout=3; BC3_to_Salmon=2; F1=1; F2=2
1208,snps_20_sample_10_pop_1_ind_1,8,20,10,1,1,1,10,1,TRUE,10,0,TRUE,9,9,0,1,TRUE,FALSE,0.265,0.025,0.5,BC1_to_Salmon=4; BC2_to_Salmon=1; BC3_to_Salmon=2; F1=2; F2=1
1209,snps_20_sample_10_pop_1_ind_1,9,20,10,1,1,1,10,1,TRUE,10,0,TRUE,10,10,0,0,TRUE,FALSE,0.585,0.2,0.825,BC1_to_Trout=3; BC2_to_Salmon=1; BC2_to_Trout=1; F1=2; F2=3
1210,snps_20_sample_10_pop_1_ind_1,10,20,10,1,1,1,10,1,TRUE,10,0,TRUE,8,8,0,2,TRUE,FALSE,0.335,0.05,0.875,BC1_to_Salmon=1; BC2_to_Salmon=2; BC2_to_Trout=2; BC3_to_Salmon=3; F2=2
1211,snps_20_sample_20_pop_1_ind_0,1,20,20,1,0,0,0,0,TRUE,0,20,FALSE,0,0,0,0,FALSE,FALSE,0.6,0,1,nonhybrid_Salmon=8; nonhybrid_Trout=12
1212,snps_20_sample_20_pop_1_ind_0,2,20,20,1,0,0,0,0,TRUE,0,20,FALSE,0,0,0,0,FALSE,FALSE,0.35,0,1,nonhybrid_Salmon=13; nonhybrid_Trout=7
1213,snps_20_sample_20_pop_1_ind_0,3,20,20,1,0,0,0,0,TRUE,0,20,FALSE,0,0,0,0,FALSE,FALSE,0.55,0,1,nonhybrid_Salmon=9; nonhybrid_Trout=11
1214,snps_20_sample_20_pop_1_ind_0,4,20,20,1,0,0,0,0,TRUE,0,20,FALSE,0,0,0,0,FALSE,FALSE,0.45,0,1,nonhybrid_Salmon=11; nonhybrid_Trout=9
1215,snps_20_sample_20_pop_1_ind_0,5,20,20,1,0,0,0,0,TRUE,0,20,FALSE,0,0,0,0,FALSE,FALSE,0.4,0,1,nonhybrid_Salmon=12; nonhybrid_Trout=8
1216,snps_20_sample_20_pop_1_ind_0,6,20,20,1,0,0,0,0,TRUE,0,20,FALSE,0,0,0,0,FALSE,FALSE,0.5,0,1,nonhybrid_Salmon=10; nonhybrid_Trout=10
1217,snps_20_sample_20_pop_1_ind_0,7,20,20,1,0,0,0,0,TRUE,0,20,FALSE,0,0,0,0,FALSE,FALSE,0.4,0,1,nonhybrid_Salmon=12; nonhybrid_Trout=8
1218,snps_20_sample_20_pop_1_ind_0,8,20,20,1,0,0,0,0,TRUE,0,20,FALSE,0,0,0,0,FALSE,FALSE,0.55,0,1,nonhybrid_Salmon=9; nonhybrid_Trout=11
1219,snps_20_sample_20_pop_1_ind_0,9,20,20,1,0,0,0,0,TRUE,0,20,FALSE,0,0,0,0,FALSE,FALSE,0.35,0,1,nonhybrid_Salmon=13; nonhybrid_Trout=7
1220,snps_20_sample_20_pop_1_ind_0,10,20,20,1,0,0,0,0,TRUE,0,20,FALSE,0,0,0,0,FALSE,FALSE,0.1,0,1,nonhybrid_Salmon=18; nonhybrid_Trout=2
1221,snps_20_sample_20_pop_1_ind_0.001,1,20,20,1,0.001,0.001,0.02,0.01981113517046529,TRUE,0,20,FALSE,0,0,0,0,FALSE,FALSE,0.5,0,1,nonhybrid_Salmon=10; nonhybrid_Trout=10
1222,snps_20_sample_20_pop_1_ind_0.001,2,20,20,1,0.001,0.001,0.02,0.01981113517046529,TRUE,0,20,FALSE,0,0,0,0,FALSE,FALSE,0.4,0,1,nonhybrid_Salmon=12; nonhybrid_Trout=8
1223,snps_20_sample_20_pop_1_ind_0.001,3,20,20,1,0.001,0.001,0.02,0.01981113517046529,TRUE,0,20,FALSE,0,0,0,0,FALSE,FALSE,0.35,0,1,nonhybrid_Salmon=13; nonhybrid_Trout=7
1224,snps_20_sample_20_pop_1_ind_0.001,4,20,20,1,0.001,0.001,0.02,0.01981113517046529,TRUE,0,20,FALSE,0,0,0,0,FALSE,FALSE,0.5,0,1,nonhybrid_Salmon=10; nonhybrid_Trout=10
1225,snps_20_sample_20_pop_1_ind_0.001,5,20,20,1,0.001,0.001,0.02,0.01981113517046529,TRUE,0,20,FALSE,0,0,0,0,FALSE,FALSE,0.65,0,1,nonhybrid_Salmon=7; nonhybrid_Trout=13
1226,snps_20_sample_20_pop_1_ind_0.001,6,20,20,1,0.001,0.001,0.02,0.01981113517046529,TRUE,0,20,FALSE,0,0,0,0,FALSE,FALSE,0.55,0,1,nonhybrid_Salmon=9; nonhybrid_Trout=11
1227,snps_20_sample_20_pop_1_ind_0.001,7,20,20,1,0.001,0.001,0.02,0.01981113517046529,TRUE,0,20,FALSE,0,0,0,0,FALSE,FALSE,0.65,0,1,nonhybrid_Salmon=7; nonhybrid_Trout=13
1228,snps_20_sample_20_pop_1_ind_0.001,8,20,20,1,0.001,0.001,0.02,0.01981113517046529,TRUE,0,20,FALSE,0,0,0,0,FALSE,FALSE,0.45,0,1,nonhybrid_Salmon=11; nonhybrid_Trout=9
1229,snps_20_sample_20_pop_1_ind_0.001,9,20,20,1,0.001,0.001,0.02,0.01981113517046529,TRUE,0,20,FALSE,0,0,0,0,FALSE,FALSE,0.6,0,1,nonhybrid_Salmon=8; nonhybrid_Trout=12
1230,snps_20_sample_20_pop_1_ind_0.001,10,20,20,1,0.001,0.001,0.02,0.01981113517046529,TRUE,1,19,TRUE,1,1,0,0,TRUE,FALSE,0.625,0,1,F1=1; nonhybrid_Salmon=7; nonhybrid_Trout=12
1231,snps_20_sample_20_pop_1_ind_0.005,1,20,20,1,0.005,0.005,0.1,0.09538951972538245,TRUE,0,20,FALSE,0,0,0,0,FALSE,FALSE,0.3,0,1,nonhybrid_Salmon=14; nonhybrid_Trout=6
1232,snps_20_sample_20_pop_1_ind_0.005,2,20,20,1,0.005,0.005,0.1,0.09538951972538245,TRUE,0,20,FALSE,0,0,0,0,FALSE,FALSE,0.35,0,1,nonhybrid_Salmon=13; nonhybrid_Trout=7
1233,snps_20_sample_20_pop_1_ind_0.005,3,20,20,1,0.005,0.005,0.1,0.09538951972538245,TRUE,0,20,FALSE,0,0,0,0,FALSE,FALSE,0.65,0,1,nonhybrid_Salmon=7; nonhybrid_Trout=13
1234,snps_20_sample_20_pop_1_ind_0.005,4,20,20,1,0.005,0.005,0.1,0.09538951972538245,TRUE,0,20,FALSE,0,0,0,0,FALSE,FALSE,0.55,0,1,nonhybrid_Salmon=9; nonhybrid_Trout=11
1235,snps_20_sample_20_pop_1_ind_0.005,5,20,20,1,0.005,0.005,0.1,0.09538951972538245,TRUE,0,20,FALSE,0,0,0,0,FALSE,FALSE,0.4,0,1,nonhybrid_Salmon=12; nonhybrid_Trout=8
1236,snps_20_sample_20_pop_1_ind_0.005,6,20,20,1,0.005,0.005,0.1,0.09538951972538245,TRUE,0,20,FALSE,0,0,0,0,FALSE,FALSE,0.55,0,1,nonhybrid_Salmon=9; nonhybrid_Trout=11
1237,snps_20_sample_20_pop_1_ind_0.005,7,20,20,1,0.005,0.005,0.1,0.09538951972538245,TRUE,0,20,FALSE,0,0,0,0,FALSE,FALSE,0.65,0,1,nonhybrid_Salmon=7; nonhybrid_Trout=13
1238,snps_20_sample_20_pop_1_ind_0.005,8,20,20,1,0.005,0.005,0.1,0.09538951972538245,TRUE,0,20,FALSE,0,0,0,0,FALSE,FALSE,0.55,0,1,nonhybrid_Salmon=9; nonhybrid_Trout=11
1239,snps_20_sample_20_pop_1_ind_0.005,9,20,20,1,0.005,0.005,0.1,0.09538951972538245,TRUE,1,19,TRUE,1,1,0,0,TRUE,FALSE,0.4725,0,1,F2=1; nonhybrid_Salmon=10; nonhybrid_Trout=9
1240,snps_20_sample_20_pop_1_ind_0.005,10,20,20,1,0.005,0.005,0.1,0.09538951972538245,TRUE,0,20,FALSE,0,0,0,0,FALSE,FALSE,0.45,0,1,nonhybrid_Salmon=11; nonhybrid_Trout=9
1241,snps_20_sample_20_pop_1_ind_0.01,1,20,20,1,0.01,0.01,0.2,0.18209306240276923,TRUE,1,19,TRUE,1,1,0,0,TRUE,FALSE,0.63875,0,1,BC1_to_Trout=1; nonhybrid_Salmon=7; nonhybrid_Trout=12
1242,snps_20_sample_20_pop_1_ind_0.01,2,20,20,1,0.01,0.01,0.2,0.18209306240276923,TRUE,0,20,FALSE,0,0,0,0,FALSE,FALSE,0.35,0,1,nonhybrid_Salmon=13; nonhybrid_Trout=7
1243,snps_20_sample_20_pop_1_ind_0.01,3,20,20,1,0.01,0.01,0.2,0.18209306240276923,TRUE,0,20,FALSE,0,0,0,0,FALSE,FALSE,0.4,0,1,nonhybrid_Salmon=12; nonhybrid_Trout=8
1244,snps_20_sample_20_pop_1_ind_0.01,4,20,20,1,0.01,0.01,0.2,0.18209306240276923,TRUE,0,20,FALSE,0,0,0,0,FALSE,FALSE,0.45,0,1,nonhybrid_Salmon=11; nonhybrid_Trout=9
1245,snps_20_sample_20_pop_1_ind_0.01,5,20,20,1,0.01,0.01,0.2,0.18209306240276923,TRUE,0,20,FALSE,0,0,0,0,FALSE,FALSE,0.45,0,1,nonhybrid_Salmon=11; nonhybrid_Trout=9
1246,snps_20_sample_20_pop_1_ind_0.01,6,20,20,1,0.01,0.01,0.2,0.18209306240276923,TRUE,0,20,FALSE,0,0,0,0,FALSE,FALSE,0.7,0,1,nonhybrid_Salmon=6; nonhybrid_Trout=14
1247,snps_20_sample_20_pop_1_ind_0.01,7,20,20,1,0.01,0.01,0.2,0.18209306240276923,TRUE,1,19,TRUE,1,1,0,0,TRUE,FALSE,0.40625,0,1,BC2_to_Salmon=1; nonhybrid_Salmon=11; nonhybrid_Trout=8
1248,snps_20_sample_20_pop_1_ind_0.01,8,20,20,1,0.01,0.01,0.2,0.18209306240276923,TRUE,0,20,FALSE,0,0,0,0,FALSE,FALSE,0.55,0,1,nonhybrid_Salmon=9; nonhybrid_Trout=11
1249,snps_20_sample_20_pop_1_ind_0.01,9,20,20,1,0.01,0.01,0.2,0.18209306240276923,TRUE,1,19,TRUE,0,0,0,1,FALSE,FALSE,0.44875,0,1,BC3_to_Trout=1; nonhybrid_Salmon=11; nonhybrid_Trout=8
1250,snps_20_sample_20_pop_1_ind_0.01,10,20,20,1,0.01,0.01,0.2,0.18209306240276923,TRUE,0,20,FALSE,0,0,0,0,FALSE,FALSE,0.6,0,1,nonhybrid_Salmon=8; nonhybrid_Trout=12
1251,snps_20_sample_20_pop_1_ind_0.025,1,20,20,1,0.025,0.025,0.5,0.39731231978089987,TRUE,0,20,FALSE,0,0,0,0,FALSE,FALSE,0.5,0,1,nonhybrid_Salmon=10; nonhybrid_Trout=10
1252,snps_20_sample_20_pop_1_ind_0.025,2,20,20,1,0.025,0.025,0.5,0.39731231978089987,TRUE,0,20,FALSE,0,0,0,0,FALSE,FALSE,0.7,0,1,nonhybrid_Salmon=6; nonhybrid_Trout=14
1253,snps_20_sample_20_pop_1_ind_0.025,3,20,20,1,0.025,0.025,0.5,0.39731231978089987,TRUE,0,20,FALSE,0,0,0,0,FALSE,FALSE,0.5,0,1,nonhybrid_Salmon=10; nonhybrid_Trout=10
1254,snps_20_sample_20_pop_1_ind_0.025,4,20,20,1,0.025,0.025,0.5,0.39731231978089987,TRUE,0,20,FALSE,0,0,0,0,FALSE,FALSE,0.6,0,1,nonhybrid_Salmon=8; nonhybrid_Trout=12
1255,snps_20_sample_20_pop_1_ind_0.025,5,20,20,1,0.025,0.025,0.5,0.39731231978089987,TRUE,0,20,FALSE,0,0,0,0,FALSE,FALSE,0.55,0,1,nonhybrid_Salmon=9; nonhybrid_Trout=11
1256,snps_20_sample_20_pop_1_ind_0.025,6,20,20,1,0.025,0.025,0.5,0.39731231978089987,TRUE,1,19,TRUE,0,0,0,1,FALSE,FALSE,0.5975,0,1,BC2_to_Trout=1; nonhybrid_Salmon=8; nonhybrid_Trout=11
1257,snps_20_sample_20_pop_1_ind_0.025,7,20,20,1,0.025,0.025,0.5,0.39731231978089987,TRUE,1,19,TRUE,0,0,0,1,FALSE,FALSE,0.5525,0,1,BC3_to_Salmon=1; nonhybrid_Salmon=8; nonhybrid_Trout=11
1258,snps_20_sample_20_pop_1_ind_0.025,8,20,20,1,0.025,0.025,0.5,0.39731231978089987,TRUE,0,20,FALSE,0,0,0,0,FALSE,FALSE,0.4,0,1,nonhybrid_Salmon=12; nonhybrid_Trout=8
1259,snps_20_sample_20_pop_1_ind_0.025,9,20,20,1,0.025,0.025,0.5,0.39731231978089987,TRUE,1,19,TRUE,0,0,0,1,FALSE,FALSE,0.40125,0,1,BC2_to_Salmon=1; nonhybrid_Salmon=11; nonhybrid_Trout=8
1260,snps_20_sample_20_pop_1_ind_0.025,10,20,20,1,0.025,0.025,0.5,0.39731231978089987,TRUE,1,19,TRUE,1,1,0,0,TRUE,FALSE,0.525,0,1,F2=1; nonhybrid_Salmon=9; nonhybrid_Trout=10
1261,snps_20_sample_20_pop_1_ind_0.05,1,20,20,1,0.05,0.05,1,0.6415140775914581,TRUE,1,19,TRUE,1,1,0,0,TRUE,FALSE,0.53375,0,1,BC1_to_Trout=1; nonhybrid_Salmon=9; nonhybrid_Trout=10
1262,snps_20_sample_20_pop_1_ind_0.05,2,20,20,1,0.05,0.05,1,0.6415140775914581,TRUE,0,20,FALSE,0,0,0,0,FALSE,FALSE,0.5,0,1,nonhybrid_Salmon=10; nonhybrid_Trout=10
1263,snps_20_sample_20_pop_1_ind_0.05,3,20,20,1,0.05,0.05,1,0.6415140775914581,TRUE,1,19,TRUE,0,0,0,1,FALSE,FALSE,0.54875,0,1,BC3_to_Trout=1; nonhybrid_Salmon=9; nonhybrid_Trout=10
1264,snps_20_sample_20_pop_1_ind_0.05,4,20,20,1,0.05,0.05,1,0.6415140775914581,TRUE,1,19,TRUE,1,1,0,0,TRUE,FALSE,0.55625,0,1,BC2_to_Salmon=1; nonhybrid_Salmon=8; nonhybrid_Trout=11
1265,snps_20_sample_20_pop_1_ind_0.05,5,20,20,1,0.05,0.05,1,0.6415140775914581,TRUE,0,20,FALSE,0,0,0,0,FALSE,FALSE,0.45,0,1,nonhybrid_Salmon=11; nonhybrid_Trout=9
1266,snps_20_sample_20_pop_1_ind_0.05,6,20,20,1,0.05,0.05,1,0.6415140775914581,TRUE,1,19,TRUE,1,1,0,0,TRUE,FALSE,0.525,0,1,F1=1; nonhybrid_Salmon=9; nonhybrid_Trout=10
1267,snps_20_sample_20_pop_1_ind_0.05,7,20,20,1,0.05,0.05,1,0.6415140775914581,TRUE,1,19,TRUE,1,1,0,0,TRUE,FALSE,0.16,0,1,BC2_to_Salmon=1; nonhybrid_Salmon=16; nonhybrid_Trout=3
1268,snps_20_sample_20_pop_1_ind_0.05,8,20,20,1,0.05,0.05,1,0.6415140775914581,TRUE,1,19,TRUE,1,1,0,0,TRUE,FALSE,0.46375,0,1,BC1_to_Salmon=1; nonhybrid_Salmon=10; nonhybrid_Trout=9
1269,snps_20_sample_20_pop_1_ind_0.05,9,20,20,1,0.05,0.05,1,0.6415140775914581,TRUE,1,19,TRUE,0,0,0,1,FALSE,FALSE,0.39875,0,1,BC3_to_Trout=1; nonhybrid_Salmon=12; nonhybrid_Trout=7
1270,snps_20_sample_20_pop_1_ind_0.05,10,20,20,1,0.05,0.05,1,0.6415140775914581,TRUE,1,19,TRUE,1,1,0,0,TRUE,FALSE,0.31375,0,1,BC1_to_Salmon=1; nonhybrid_Salmon=13; nonhybrid_Trout=6
1271,snps_20_sample_20_pop_1_ind_0.1,1,20,20,1,0.1,0.1,2,0.8784233454094307,TRUE,2,18,TRUE,2,2,0,0,TRUE,FALSE,0.37625,0,1,BC1_to_Salmon=1; BC2_to_Salmon=1; nonhybrid_Salmon=11; nonhybrid_Trout=7
1272,snps_20_sample_20_pop_1_ind_0.1,2,20,20,1,0.1,0.1,2,0.8784233454094307,TRUE,2,18,TRUE,2,2,0,0,TRUE,FALSE,0.75625,0,1,BC1_to_Trout=1; F2=1; nonhybrid_Salmon=4; nonhybrid_Trout=14
1273,snps_20_sample_20_pop_1_ind_0.1,3,20,20,1,0.1,0.1,2,0.8784233454094307,TRUE,2,18,TRUE,2,2,0,0,TRUE,FALSE,0.76625,0,1,BC1_to_Trout=1; F2=1; nonhybrid_Salmon=4; nonhybrid_Trout=14
1274,snps_20_sample_20_pop_1_ind_0.1,4,20,20,1,0.1,0.1,2,0.8784233454094307,TRUE,3,17,TRUE,3,3,0,0,TRUE,FALSE,0.535,0,1,BC1_to_Trout=1; F2=2; nonhybrid_Salmon=8; nonhybrid_Trout=9
1275,snps_20_sample_20_pop_1_ind_0.1,5,20,20,1,0.1,0.1,2,0.8784233454094307,TRUE,1,19,TRUE,1,1,0,0,TRUE,FALSE,0.585,0,1,BC1_to_Trout=1; nonhybrid_Salmon=8; nonhybrid_Trout=11
1276,snps_20_sample_20_pop_1_ind_0.1,6,20,20,1,0.1,0.1,2,0.8784233454094307,TRUE,1,19,TRUE,1,1,0,0,TRUE,FALSE,0.54,0,1,BC1_to_Trout=1; nonhybrid_Salmon=9; nonhybrid_Trout=10
1277,snps_20_sample_20_pop_1_ind_0.1,7,20,20,1,0.1,0.1,2,0.8784233454094307,TRUE,5,15,TRUE,3,3,0,2,TRUE,FALSE,0.60125,0,1,BC1_to_Trout=1; BC2_to_Trout=1; BC3_to_Trout=1; F2=2; nonhybrid_Salmon=7; nonhybrid_Trout=8
1278,snps_20_sample_20_pop_1_ind_0.1,8,20,20,1,0.1,0.1,2,0.8784233454094307,TRUE,3,17,TRUE,2,2,0,1,TRUE,FALSE,0.43374999999999997,0,1,BC2_to_Trout=1; BC3_to_Trout=2; nonhybrid_Salmon=11; nonhybrid_Trout=6
1279,snps_20_sample_20_pop_1_ind_0.1,9,20,20,1,0.1,0.1,2,0.8784233454094307,TRUE,1,19,TRUE,1,1,0,0,TRUE,FALSE,0.4775,0,1,F2=1; nonhybrid_Salmon=10; nonhybrid_Trout=9
1280,snps_20_sample_20_pop_1_ind_0.1,10,20,20,1,0.1,0.1,2,0.8784233454094307,TRUE,2,18,TRUE,2,2,0,0,TRUE,FALSE,0.43875,0,1,F1=1; F2=1; nonhybrid_Salmon=10; nonhybrid_Trout=8
1281,snps_20_sample_20_pop_1_ind_0.25,1,20,20,1,0.25,0.25,5,0.996828788061066,TRUE,10,10,TRUE,10,10,0,0,TRUE,FALSE,0.58625,0,1,BC1_to_Salmon=2; BC1_to_Trout=3; BC2_to_Salmon=1; BC2_to_Trout=2; F1=1; F2=1; nonhybrid_Salmon=4; nonhybrid_Trout=6
1282,snps_20_sample_20_pop_1_ind_0.25,2,20,20,1,0.25,0.25,5,0.996828788061066,TRUE,5,15,TRUE,5,5,0,0,TRUE,FALSE,0.51,0,1,BC1_to_Salmon=1; BC2_to_Salmon=1; BC3_to_Trout=1; F1=1; F2=1; nonhybrid_Salmon=7; nonhybrid_Trout=8
1283,snps_20_sample_20_pop_1_ind_0.25,3,20,20,1,0.25,0.25,5,0.996828788061066,TRUE,6,14,TRUE,6,6,0,0,TRUE,FALSE,0.44625,0,1,BC1_to_Trout=1; BC2_to_Trout=2; F1=1; F2=2; nonhybrid_Salmon=9; nonhybrid_Trout=5
1284,snps_20_sample_20_pop_1_ind_0.25,4,20,20,1,0.25,0.25,5,0.996828788061066,TRUE,5,15,TRUE,3,3,0,2,TRUE,FALSE,0.61625,0,1,BC1_to_Salmon=1; BC2_to_Salmon=2; BC3_to_Trout=2; nonhybrid_Salmon=5; nonhybrid_Trout=10
1285,snps_20_sample_20_pop_1_ind_0.25,5,20,20,1,0.25,0.25,5,0.996828788061066,TRUE,4,16,TRUE,4,4,0,0,TRUE,FALSE,0.405,0,1,BC1_to_Salmon=2; BC2_to_Salmon=1; F1=1; nonhybrid_Salmon=9; nonhybrid_Trout=7
1286,snps_20_sample_20_pop_1_ind_0.25,6,20,20,1,0.25,0.25,5,0.996828788061066,TRUE,5,15,TRUE,5,5,0,0,TRUE,FALSE,0.38125,0,1,BC1_to_Salmon=1; BC2_to_Trout=1; F1=3; nonhybrid_Salmon=10; nonhybrid_Trout=5
1287,snps_20_sample_20_pop_1_ind_0.25,7,20,20,1,0.25,0.25,5,0.996828788061066,TRUE,6,14,TRUE,4,4,0,2,TRUE,FALSE,0.5,0,1,BC2_to_Trout=1; BC3_to_Salmon=2; BC3_to_Trout=1; F2=2; nonhybrid_Salmon=7; nonhybrid_Trout=7
1288,snps_20_sample_20_pop_1_ind_0.25,8,20,20,1,0.25,0.25,5,0.996828788061066,TRUE,2,18,TRUE,1,1,0,1,TRUE,FALSE,0.50875,0,1,BC1_to_Salmon=1; BC3_to_Trout=1; nonhybrid_Salmon=9; nonhybrid_Trout=9
1289,snps_20_sample_20_pop_1_ind_0.25,9,20,20,1,0.25,0.25,5,0.996828788061066,TRUE,6,14,TRUE,6,6,0,0,TRUE,FALSE,0.42125,0,1,BC1_to_Salmon=1; BC1_to_Trout=1; BC3_to_Salmon=1; F1=2; F2=1; nonhybrid_Salmon=8; nonhybrid_Trout=6
1290,snps_20_sample_20_pop_1_ind_0.25,10,20,20,1,0.25,0.25,5,0.996828788061066,TRUE,4,16,TRUE,4,4,0,0,TRUE,FALSE,0.43374999999999997,0,1,BC1_to_Trout=2; BC2_to_Salmon=1; BC3_to_Salmon=1; nonhybrid_Salmon=9; nonhybrid_Trout=7
1291,snps_20_sample_20_pop_1_ind_0.5,1,20,20,1,0.5,0.5,10,0.9999990463256836,TRUE,11,9,TRUE,9,9,0,2,TRUE,FALSE,0.62,0,1,BC1_to_Trout=1; BC2_to_Salmon=2; BC2_to_Trout=2; BC3_to_Trout=2; F1=2; F2=2; nonhybrid_Salmon=3; nonhybrid_Trout=6
1292,snps_20_sample_20_pop_1_ind_0.5,2,20,20,1,0.5,0.5,10,0.9999990463256836,TRUE,15,5,TRUE,13,13,0,2,TRUE,FALSE,0.48,0,1,BC1_to_Salmon=2; BC1_to_Trout=2; BC2_to_Salmon=1; BC2_to_Trout=3; BC3_to_Salmon=2; F1=2; F2=3; nonhybrid_Salmon=3; nonhybrid_Trout=2
1293,snps_20_sample_20_pop_1_ind_0.5,3,20,20,1,0.5,0.5,10,0.9999990463256836,TRUE,11,9,TRUE,10,10,0,1,TRUE,FALSE,0.51625,0,1,BC1_to_Salmon=2; BC1_to_Trout=2; BC2_to_Trout=4; BC3_to_Salmon=1; F1=2; nonhybrid_Salmon=5; nonhybrid_Trout=4
1294,snps_20_sample_20_pop_1_ind_0.5,4,20,20,1,0.5,0.5,10,0.9999990463256836,TRUE,5,15,TRUE,5,5,0,0,TRUE,FALSE,0.60625,0,1,BC1_to_Salmon=2; BC2_to_Trout=1; BC3_to_Trout=2; nonhybrid_Salmon=6; nonhybrid_Trout=9
1295,snps_20_sample_20_pop_1_ind_0.5,5,20,20,1,0.5,0.5,10,0.9999990463256836,TRUE,9,11,TRUE,7,7,0,2,TRUE,FALSE,0.4525,0,1,BC1_to_Salmon=1; BC1_to_Trout=2; BC2_to_Trout=1; BC3_to_Salmon=2; F2=3; nonhybrid_Salmon=6; nonhybrid_Trout=5
1296,snps_20_sample_20_pop_1_ind_0.5,6,20,20,1,0.5,0.5,10,0.9999990463256836,TRUE,8,12,TRUE,6,6,0,2,TRUE,FALSE,0.54125,0,1,BC1_to_Salmon=1; BC1_to_Trout=1; BC2_to_Trout=2; BC3_to_Salmon=1; BC3_to_Trout=1; F2=2; nonhybrid_Salmon=6; nonhybrid_Trout=6
1297,snps_20_sample_20_pop_1_ind_0.5,7,20,20,1,0.5,0.5,10,0.9999990463256836,TRUE,9,11,TRUE,7,7,0,2,TRUE,FALSE,0.58875,0,1,BC1_to_Salmon=1; BC1_to_Trout=3; BC2_to_Trout=1; BC3_to_Salmon=1; BC3_to_Trout=2; F1=1; nonhybrid_Salmon=5; nonhybrid_Trout=6
1298,snps_20_sample_20_pop_1_ind_0.5,8,20,20,1,0.5,0.5,10,0.9999990463256836,TRUE,10,10,TRUE,8,8,0,2,TRUE,FALSE,0.40875,0,1,BC1_to_Salmon=1; BC1_to_Trout=1; BC2_to_Salmon=2; BC2_to_Trout=1; BC3_to_Trout=1; F1=4; nonhybrid_Salmon=7; nonhybrid_Trout=3
1299,snps_20_sample_20_pop_1_ind_0.5,9,20,20,1,0.5,0.5,10,0.9999990463256836,TRUE,11,9,TRUE,10,10,0,1,TRUE,FALSE,0.635,0,1,BC1_to_Trout=4; BC2_to_Salmon=2; BC3_to_Trout=2; F1=2; F2=1; nonhybrid_Salmon=3; nonhybrid_Trout=6
1300,snps_20_sample_20_pop_1_ind_0.5,10,20,20,1,0.5,0.5,10,0.9999990463256836,TRUE,11,9,TRUE,11,11,0,0,TRUE,FALSE,0.435,0,1,BC1_to_Salmon=3; BC1_to_Trout=1; BC2_to_Salmon=1; BC2_to_Trout=3; F1=1; F2=2; nonhybrid_Salmon=6; nonhybrid_Trout=3
1301,snps_20_sample_20_pop_1_ind_0.75,1,20,20,1,0.75,0.75,15,0.9999999999990905,TRUE,16,4,TRUE,14,14,0,2,TRUE,FALSE,0.37,0,1,BC1_to_Salmon=3; BC1_to_Trout=1; BC2_to_Salmon=4; BC2_to_Trout=1; BC3_to_Salmon=1; BC3_to_Trout=2; F1=2; F2=2; nonhybrid_Salmon=3; nonhybrid_Trout=1
1302,snps_20_sample_20_pop_1_ind_0.75,2,20,20,1,0.75,0.75,15,0.9999999999990905,TRUE,18,2,TRUE,16,16,0,2,TRUE,FALSE,0.60375,0.025,1,BC1_to_Salmon=3; BC1_to_Trout=4; BC2_to_Trout=2; BC3_to_Salmon=1; BC3_to_Trout=1; F1=3; F2=4; nonhybrid_Trout=2
1303,snps_20_sample_20_pop_1_ind_0.75,3,20,20,1,0.75,0.75,15,0.9999999999990905,TRUE,12,8,TRUE,11,11,0,1,TRUE,FALSE,0.58875,0,1,BC1_to_Salmon=4; BC1_to_Trout=3; BC2_to_Salmon=1; BC2_to_Trout=1; BC3_to_Salmon=1; BC3_to_Trout=1; F1=1; nonhybrid_Salmon=2; nonhybrid_Trout=6
1304,snps_20_sample_20_pop_1_ind_0.75,4,20,20,1,0.75,0.75,15,0.9999999999990905,TRUE,14,6,TRUE,11,11,0,3,TRUE,FALSE,0.56875,0,1,BC1_to_Salmon=1; BC1_to_Trout=4; BC3_to_Salmon=2; BC3_to_Trout=3; F1=2; F2=2; nonhybrid_Salmon=3; nonhybrid_Trout=3
1305,snps_20_sample_20_pop_1_ind_0.75,5,20,20,1,0.75,0.75,15,0.9999999999990905,TRUE,12,8,TRUE,10,10,0,2,TRUE,FALSE,0.485,0,1,BC1_to_Salmon=1; BC1_to_Trout=3; BC2_to_Salmon=3; BC3_to_Salmon=1; BC3_to_Trout=1; F1=1; F2=2; nonhybrid_Salmon=4; nonhybrid_Trout=4
1306,snps_20_sample_20_pop_1_ind_0.75,6,20,20,1,0.75,0.75,15,0.9999999999990905,TRUE,18,2,TRUE,16,16,0,2,TRUE,FALSE,0.5275,0,1,BC1_to_Salmon=3; BC1_to_Trout=2; BC2_to_Salmon=1; BC2_to_Trout=2; BC3_to_Salmon=1; BC3_to_Trout=2; F1=4; F2=3; nonhybrid_Salmon=1; nonhybrid_Trout=1
1307,snps_20_sample_20_pop_1_ind_0.75,7,20,20,1,0.75,0.75,15,0.9999999999990905,TRUE,15,5,TRUE,12,12,0,3,TRUE,FALSE,0.56625,0,1,BC1_to_Salmon=1; BC1_to_Trout=1; BC2_to_Salmon=1; BC2_to_Trout=2; BC3_to_Salmon=2; BC3_to_Trout=3; F1=3; F2=2; nonhybrid_Salmon=2; nonhybrid_Trout=3
1308,snps_20_sample_20_pop_1_ind_0.75,8,20,20,1,0.75,0.75,15,0.9999999999990905,TRUE,17,3,TRUE,14,14,0,3,TRUE,FALSE,0.55875,0,1,BC1_to_Trout=3; BC2_to_Salmon=2; BC2_to_Trout=1; BC3_to_Salmon=2; BC3_to_Trout=5; F1=1; F2=3; nonhybrid_Salmon=2; nonhybrid_Trout=1
1309,snps_20_sample_20_pop_1_ind_0.75,9,20,20,1,0.75,0.75,15,0.9999999999990905,TRUE,15,5,TRUE,14,14,0,1,TRUE,FALSE,0.4725,0,1,BC1_to_Salmon=2; BC1_to_Trout=2; BC2_to_Salmon=2; BC2_to_Trout=2; BC3_to_Salmon=3; BC3_to_Trout=1; F2=3; nonhybrid_Salmon=2; nonhybrid_Trout=3
1310,snps_20_sample_20_pop_1_ind_0.75,10,20,20,1,0.75,0.75,15,0.9999999999990905,TRUE,12,8,TRUE,11,11,0,1,TRUE,FALSE,0.5825,0,1,BC1_to_Salmon=2; BC2_to_Salmon=1; BC2_to_Trout=1; BC3_to_Trout=3; F1=3; F2=2; nonhybrid_Salmon=3; nonhybrid_Trout=5
1311,snps_20_sample_20_pop_1_ind_1,1,20,20,1,1,1,20,1,TRUE,20,0,TRUE,16,16,0,4,TRUE,FALSE,0.565,0,0.975,BC1_to_Salmon=2; BC1_to_Trout=5; BC2_to_Salmon=2; BC2_to_Trout=3; BC3_to_Salmon=2; BC3_to_Trout=2; F1=4
1312,snps_20_sample_20_pop_1_ind_1,2,20,20,1,1,1,20,1,TRUE,20,0,TRUE,17,17,0,3,TRUE,FALSE,0.50375,0.05,0.95,BC1_to_Salmon=1; BC1_to_Trout=2; BC2_to_Salmon=2; BC2_to_Trout=1; BC3_to_Salmon=4; BC3_to_Trout=5; F1=4; F2=1
1313,snps_20_sample_20_pop_1_ind_1,3,20,20,1,1,1,20,1,TRUE,20,0,TRUE,18,18,0,2,TRUE,FALSE,0.46625,0.075,0.95,BC1_to_Salmon=3; BC1_to_Trout=4; BC2_to_Salmon=2; BC2_to_Trout=2; BC3_to_Salmon=4; BC3_to_Trout=1; F1=2; F2=2
1314,snps_20_sample_20_pop_1_ind_1,4,20,20,1,1,1,20,1,TRUE,20,0,TRUE,19,19,0,1,TRUE,FALSE,0.4675,0,0.925,BC1_to_Salmon=4; BC1_to_Trout=2; BC2_to_Salmon=2; BC3_to_Salmon=2; BC3_to_Trout=4; F1=3; F2=3
1315,snps_20_sample_20_pop_1_ind_1,5,20,20,1,1,1,20,1,TRUE,20,0,TRUE,14,14,0,6,TRUE,FALSE,0.5775,0.025,0.975,BC1_to_Salmon=2; BC1_to_Trout=3; BC2_to_Salmon=1; BC2_to_Trout=3; BC3_to_Salmon=4; BC3_to_Trout=5; F1=1; F2=1
1316,snps_20_sample_20_pop_1_ind_1,6,20,20,1,1,1,20,1,TRUE,20,0,TRUE,18,18,0,2,TRUE,FALSE,0.4775,0.1,0.975,BC1_to_Salmon=5; BC2_to_Salmon=2; BC2_to_Trout=3; BC3_to_Salmon=2; BC3_to_Trout=3; F1=1; F2=4
1317,snps_20_sample_20_pop_1_ind_1,7,20,20,1,1,1,20,1,TRUE,20,0,TRUE,16,16,0,4,TRUE,FALSE,0.5725,0.05,1,BC1_to_Salmon=3; BC1_to_Trout=2; BC2_to_Salmon=4; BC2_to_Trout=2; BC3_to_Trout=5; F1=4
1318,snps_20_sample_20_pop_1_ind_1,8,20,20,1,1,1,20,1,TRUE,20,0,TRUE,17,17,0,3,TRUE,FALSE,0.515,0.05,1,BC1_to_Salmon=4; BC1_to_Trout=1; BC2_to_Salmon=2; BC2_to_Trout=6; BC3_to_Salmon=3; BC3_to_Trout=2; F1=2
1319,snps_20_sample_20_pop_1_ind_1,9,20,20,1,1,1,20,1,TRUE,20,0,TRUE,19,19,0,1,TRUE,FALSE,0.43125,0.05,0.9,BC1_to_Salmon=4; BC1_to_Trout=3; BC2_to_Salmon=4; BC2_to_Trout=4; BC3_to_Salmon=2; F2=3
1320,snps_20_sample_20_pop_1_ind_1,10,20,20,1,1,1,20,1,TRUE,20,0,TRUE,16,16,0,4,TRUE,FALSE,0.4425,0.025,0.95,BC1_to_Salmon=4; BC1_to_Trout=3; BC2_to_Salmon=2; BC2_to_Trout=1; BC3_to_Salmon=3; BC3_to_Trout=2; F1=4; F2=1
1321,snps_20_sample_50_pop_1_ind_0,1,20,50,1,0,0,0,0,TRUE,0,50,FALSE,0,0,0,0,FALSE,FALSE,0.52,0,1,nonhybrid_Salmon=24; nonhybrid_Trout=26
1322,snps_20_sample_50_pop_1_ind_0,2,20,50,1,0,0,0,0,TRUE,0,50,FALSE,0,0,0,0,FALSE,FALSE,0.44,0,1,nonhybrid_Salmon=28; nonhybrid_Trout=22
1323,snps_20_sample_50_pop_1_ind_0,3,20,50,1,0,0,0,0,TRUE,0,50,FALSE,0,0,0,0,FALSE,FALSE,0.48,0,1,nonhybrid_Salmon=26; nonhybrid_Trout=24
1324,snps_20_sample_50_pop_1_ind_0,4,20,50,1,0,0,0,0,TRUE,0,50,FALSE,0,0,0,0,FALSE,FALSE,0.42,0,1,nonhybrid_Salmon=29; nonhybrid_Trout=21
1325,snps_20_sample_50_pop_1_ind_0,5,20,50,1,0,0,0,0,TRUE,0,50,FALSE,0,0,0,0,FALSE,FALSE,0.48,0,1,nonhybrid_Salmon=26; nonhybrid_Trout=24
1326,snps_20_sample_50_pop_1_ind_0,6,20,50,1,0,0,0,0,TRUE,0,50,FALSE,0,0,0,0,FALSE,FALSE,0.48,0,1,nonhybrid_Salmon=26; nonhybrid_Trout=24
1327,snps_20_sample_50_pop_1_ind_0,7,20,50,1,0,0,0,0,TRUE,0,50,FALSE,0,0,0,0,FALSE,FALSE,0.58,0,1,nonhybrid_Salmon=21; nonhybrid_Trout=29
1328,snps_20_sample_50_pop_1_ind_0,8,20,50,1,0,0,0,0,TRUE,0,50,FALSE,0,0,0,0,FALSE,FALSE,0.38,0,1,nonhybrid_Salmon=31; nonhybrid_Trout=19
1329,snps_20_sample_50_pop_1_ind_0,9,20,50,1,0,0,0,0,TRUE,0,50,FALSE,0,0,0,0,FALSE,FALSE,0.56,0,1,nonhybrid_Salmon=22; nonhybrid_Trout=28
1330,snps_20_sample_50_pop_1_ind_0,10,20,50,1,0,0,0,0,TRUE,0,50,FALSE,0,0,0,0,FALSE,FALSE,0.6,0,1,nonhybrid_Salmon=20; nonhybrid_Trout=30
1331,snps_20_sample_50_pop_1_ind_0.001,1,20,50,1,0.001,0.001,0.05,0.04879437180296864,TRUE,0,50,FALSE,0,0,0,0,FALSE,FALSE,0.54,0,1,nonhybrid_Salmon=23; nonhybrid_Trout=27
1332,snps_20_sample_50_pop_1_ind_0.001,2,20,50,1,0.001,0.001,0.05,0.04879437180296864,TRUE,0,50,FALSE,0,0,0,0,FALSE,FALSE,0.5,0,1,nonhybrid_Salmon=25; nonhybrid_Trout=25
1333,snps_20_sample_50_pop_1_ind_0.001,3,20,50,1,0.001,0.001,0.05,0.04879437180296864,TRUE,0,50,FALSE,0,0,0,0,FALSE,FALSE,0.5,0,1,nonhybrid_Salmon=25; nonhybrid_Trout=25
1334,snps_20_sample_50_pop_1_ind_0.001,4,20,50,1,0.001,0.001,0.05,0.04879437180296864,TRUE,0,50,FALSE,0,0,0,0,FALSE,FALSE,0.46,0,1,nonhybrid_Salmon=27; nonhybrid_Trout=23
1335,snps_20_sample_50_pop_1_ind_0.001,5,20,50,1,0.001,0.001,0.05,0.04879437180296864,TRUE,0,50,FALSE,0,0,0,0,FALSE,FALSE,0.5,0,1,nonhybrid_Salmon=25; nonhybrid_Trout=25
1336,snps_20_sample_50_pop_1_ind_0.001,6,20,50,1,0.001,0.001,0.05,0.04879437180296864,TRUE,0,50,FALSE,0,0,0,0,FALSE,FALSE,0.58,0,1,nonhybrid_Salmon=21; nonhybrid_Trout=29
1337,snps_20_sample_50_pop_1_ind_0.001,7,20,50,1,0.001,0.001,0.05,0.04879437180296864,TRUE,0,50,FALSE,0,0,0,0,FALSE,FALSE,0.46,0,1,nonhybrid_Salmon=27; nonhybrid_Trout=23
1338,snps_20_sample_50_pop_1_ind_0.001,8,20,50,1,0.001,0.001,0.05,0.04879437180296864,TRUE,0,50,FALSE,0,0,0,0,FALSE,FALSE,0.48,0,1,nonhybrid_Salmon=26; nonhybrid_Trout=24
1339,snps_20_sample_50_pop_1_ind_0.001,9,20,50,1,0.001,0.001,0.05,0.04879437180296864,TRUE,0,50,FALSE,0,0,0,0,FALSE,FALSE,0.58,0,1,nonhybrid_Salmon=21; nonhybrid_Trout=29
1340,snps_20_sample_50_pop_1_ind_0.001,10,20,50,1,0.001,0.001,0.05,0.04879437180296864,TRUE,0,50,FALSE,0,0,0,0,FALSE,FALSE,0.56,0,1,nonhybrid_Salmon=22; nonhybrid_Trout=28
1341,snps_20_sample_50_pop_1_ind_0.005,1,20,50,1,0.005,0.005,0.25,0.22168744293135811,TRUE,0,50,FALSE,0,0,0,0,FALSE,FALSE,0.54,0,1,nonhybrid_Salmon=23; nonhybrid_Trout=27
1342,snps_20_sample_50_pop_1_ind_0.005,2,20,50,1,0.005,0.005,0.25,0.22168744293135811,TRUE,0,50,FALSE,0,0,0,0,FALSE,FALSE,0.4,0,1,nonhybrid_Salmon=30; nonhybrid_Trout=20
1343,snps_20_sample_50_pop_1_ind_0.005,3,20,50,1,0.005,0.005,0.25,0.22168744293135811,TRUE,0,50,FALSE,0,0,0,0,FALSE,FALSE,0.46,0,1,nonhybrid_Salmon=27; nonhybrid_Trout=23
1344,snps_20_sample_50_pop_1_ind_0.005,4,20,50,1,0.005,0.005,0.25,0.22168744293135811,TRUE,0,50,FALSE,0,0,0,0,FALSE,FALSE,0.62,0,1,nonhybrid_Salmon=19; nonhybrid_Trout=31
1345,snps_20_sample_50_pop_1_ind_0.005,5,20,50,1,0.005,0.005,0.25,0.22168744293135811,TRUE,2,48,TRUE,1,1,0,1,TRUE,FALSE,0.456,0,1,BC1_to_Trout=1; BC3_to_Trout=1; nonhybrid_Salmon=27; nonhybrid_Trout=21
1346,snps_20_sample_50_pop_1_ind_0.005,6,20,50,1,0.005,0.005,0.25,0.22168744293135811,TRUE,0,50,FALSE,0,0,0,0,FALSE,FALSE,0.54,0,1,nonhybrid_Salmon=23; nonhybrid_Trout=27
1347,snps_20_sample_50_pop_1_ind_0.005,7,20,50,1,0.005,0.005,0.25,0.22168744293135811,TRUE,0,50,FALSE,0,0,0,0,FALSE,FALSE,0.54,0,1,nonhybrid_Salmon=23; nonhybrid_Trout=27
1348,snps_20_sample_50_pop_1_ind_0.005,8,20,50,1,0.005,0.005,0.25,0.22168744293135811,TRUE,1,49,TRUE,0,0,0,1,FALSE,FALSE,0.501,0,1,BC3_to_Salmon=1; nonhybrid_Salmon=24; nonhybrid_Trout=25
1349,snps_20_sample_50_pop_1_ind_0.005,9,20,50,1,0.005,0.005,0.25,0.22168744293135811,TRUE,0,50,FALSE,0,0,0,0,FALSE,FALSE,0.38,0,1,nonhybrid_Salmon=31; nonhybrid_Trout=19
1350,snps_20_sample_50_pop_1_ind_0.005,10,20,50,1,0.005,0.005,0.25,0.22168744293135811,TRUE,0,50,FALSE,0,0,0,0,FALSE,FALSE,0.6,0,1,nonhybrid_Salmon=20; nonhybrid_Trout=30
1351,snps_20_sample_50_pop_1_ind_0.01,1,20,50,1,0.01,0.01,0.5,0.39499393286246365,TRUE,0,50,FALSE,0,0,0,0,FALSE,FALSE,0.46,0,1,nonhybrid_Salmon=27; nonhybrid_Trout=23
1352,snps_20_sample_50_pop_1_ind_0.01,2,20,50,1,0.01,0.01,0.5,0.39499393286246365,TRUE,0,50,FALSE,0,0,0,0,FALSE,FALSE,0.6,0,1,nonhybrid_Salmon=20; nonhybrid_Trout=30
1353,snps_20_sample_50_pop_1_ind_0.01,3,20,50,1,0.01,0.01,0.5,0.39499393286246365,TRUE,0,50,FALSE,0,0,0,0,FALSE,FALSE,0.4,0,1,nonhybrid_Salmon=30; nonhybrid_Trout=20
1354,snps_20_sample_50_pop_1_ind_0.01,4,20,50,1,0.01,0.01,0.5,0.39499393286246365,TRUE,0,50,FALSE,0,0,0,0,FALSE,FALSE,0.54,0,1,nonhybrid_Salmon=23; nonhybrid_Trout=27
1355,snps_20_sample_50_pop_1_ind_0.01,5,20,50,1,0.01,0.01,0.5,0.39499393286246365,TRUE,1,49,TRUE,1,1,0,0,TRUE,FALSE,0.598,0,1,BC2_to_Trout=1; nonhybrid_Salmon=20; nonhybrid_Trout=29
1356,snps_20_sample_50_pop_1_ind_0.01,6,20,50,1,0.01,0.01,0.5,0.39499393286246365,TRUE,1,49,TRUE,1,1,0,0,TRUE,FALSE,0.5225,0,1,BC2_to_Salmon=1; nonhybrid_Salmon=23; nonhybrid_Trout=26
1357,snps_20_sample_50_pop_1_ind_0.01,7,20,50,1,0.01,0.01,0.5,0.39499393286246365,TRUE,0,50,FALSE,0,0,0,0,FALSE,FALSE,0.48,0,1,nonhybrid_Salmon=26; nonhybrid_Trout=24
1358,snps_20_sample_50_pop_1_ind_0.01,8,20,50,1,0.01,0.01,0.5,0.39499393286246365,TRUE,1,49,TRUE,1,1,0,0,TRUE,FALSE,0.4845,0,1,BC2_to_Salmon=1; nonhybrid_Salmon=25; nonhybrid_Trout=24
1359,snps_20_sample_50_pop_1_ind_0.01,9,20,50,1,0.01,0.01,0.5,0.39499393286246365,TRUE,1,49,TRUE,1,1,0,0,TRUE,FALSE,0.5915,0,1,F2=1; nonhybrid_Salmon=20; nonhybrid_Trout=29
1360,snps_20_sample_50_pop_1_ind_0.01,10,20,50,1,0.01,0.01,0.5,0.39499393286246365,TRUE,1,49,TRUE,1,1,0,0,TRUE,FALSE,0.522,0,1,BC2_to_Salmon=1; nonhybrid_Salmon=23; nonhybrid_Trout=26
1361,snps_20_sample_50_pop_1_ind_0.025,1,20,50,1,0.025,0.025,1.25,0.718011897659083,TRUE,0,50,FALSE,0,0,0,0,FALSE,FALSE,0.48,0,1,nonhybrid_Salmon=26; nonhybrid_Trout=24
1362,snps_20_sample_50_pop_1_ind_0.025,2,20,50,1,0.025,0.025,1.25,0.718011897659083,TRUE,0,50,FALSE,0,0,0,0,FALSE,FALSE,0.6,0,1,nonhybrid_Salmon=20; nonhybrid_Trout=30
1363,snps_20_sample_50_pop_1_ind_0.025,3,20,50,1,0.025,0.025,1.25,0.718011897659083,TRUE,1,49,TRUE,0,0,0,1,FALSE,FALSE,0.341,0,1,BC3_to_Salmon=1; nonhybrid_Salmon=32; nonhybrid_Trout=17
1364,snps_20_sample_50_pop_1_ind_0.025,4,20,50,1,0.025,0.025,1.25,0.718011897659083,TRUE,1,49,TRUE,1,1,0,0,TRUE,FALSE,0.4485,0,1,F2=1; nonhybrid_Salmon=27; nonhybrid_Trout=22
1365,snps_20_sample_50_pop_1_ind_0.025,5,20,50,1,0.025,0.025,1.25,0.718011897659083,TRUE,1,49,TRUE,1,1,0,0,TRUE,FALSE,0.4645,0,1,BC1_to_Salmon=1; nonhybrid_Salmon=26; nonhybrid_Trout=23
1366,snps_20_sample_50_pop_1_ind_0.025,6,20,50,1,0.025,0.025,1.25,0.718011897659083,TRUE,3,47,TRUE,3,3,0,0,TRUE,FALSE,0.474,0,1,BC1_to_Salmon=1; BC2_to_Trout=1; F2=1; nonhybrid_Salmon=25; nonhybrid_Trout=22
1367,snps_20_sample_50_pop_1_ind_0.025,7,20,50,1,0.025,0.025,1.25,0.718011897659083,TRUE,0,50,FALSE,0,0,0,0,FALSE,FALSE,0.52,0,1,nonhybrid_Salmon=24; nonhybrid_Trout=26
1368,snps_20_sample_50_pop_1_ind_0.025,8,20,50,1,0.025,0.025,1.25,0.718011897659083,TRUE,0,50,FALSE,0,0,0,0,FALSE,FALSE,0.5,0,1,nonhybrid_Salmon=25; nonhybrid_Trout=25
1369,snps_20_sample_50_pop_1_ind_0.025,9,20,50,1,0.025,0.025,1.25,0.718011897659083,TRUE,0,50,FALSE,0,0,0,0,FALSE,FALSE,0.54,0,1,nonhybrid_Salmon=23; nonhybrid_Trout=27
1370,snps_20_sample_50_pop_1_ind_0.025,10,20,50,1,0.025,0.025,1.25,0.718011897659083,TRUE,0,50,FALSE,0,0,0,0,FALSE,FALSE,0.42,0,1,nonhybrid_Salmon=29; nonhybrid_Trout=21
1371,snps_20_sample_50_pop_1_ind_0.05,1,20,50,1,0.05,0.05,2.5,0.9230550247232868,TRUE,1,49,TRUE,0,0,0,1,FALSE,FALSE,0.521,0,1,BC3_to_Salmon=1; nonhybrid_Salmon=23; nonhybrid_Trout=26
1372,snps_20_sample_50_pop_1_ind_0.05,2,20,50,1,0.05,0.05,2.5,0.9230550247232868,TRUE,1,49,TRUE,1,1,0,0,TRUE,FALSE,0.4815,0,1,BC3_to_Salmon=1; nonhybrid_Salmon=25; nonhybrid_Trout=24
1373,snps_20_sample_50_pop_1_ind_0.05,3,20,50,1,0.05,0.05,2.5,0.9230550247232868,TRUE,3,47,TRUE,1,1,0,2,TRUE,FALSE,0.5625,0,1,BC2_to_Salmon=1; BC2_to_Trout=1; BC3_to_Salmon=1; nonhybrid_Salmon=20; nonhybrid_Trout=27
1374,snps_20_sample_50_pop_1_ind_0.05,4,20,50,1,0.05,0.05,2.5,0.9230550247232868,TRUE,3,47,TRUE,3,3,0,0,TRUE,FALSE,0.5485,0,1,BC2_to_Salmon=1; BC2_to_Trout=1; F2=1; nonhybrid_Salmon=21; nonhybrid_Trout=26
1375,snps_20_sample_50_pop_1_ind_0.05,5,20,50,1,0.05,0.05,2.5,0.9230550247232868,TRUE,1,49,TRUE,1,1,0,0,TRUE,FALSE,0.41,0,1,F1=1; nonhybrid_Salmon=29; nonhybrid_Trout=20
1376,snps_20_sample_50_pop_1_ind_0.05,6,20,50,1,0.05,0.05,2.5,0.9230550247232868,TRUE,3,47,TRUE,2,2,0,1,TRUE,FALSE,0.5035,0,1,BC1_to_Trout=1; BC2_to_Trout=1; F2=1; nonhybrid_Salmon=24; nonhybrid_Trout=23
1377,snps_20_sample_50_pop_1_ind_0.05,7,20,50,1,0.05,0.05,2.5,0.9230550247232868,TRUE,4,46,TRUE,4,4,0,0,TRUE,FALSE,0.403,0,1,BC1_to_Trout=1; BC2_to_Salmon=1; F1=1; F2=1; nonhybrid_Salmon=28; nonhybrid_Trout=18
1378,snps_20_sample_50_pop_1_ind_0.05,8,20,50,1,0.05,0.05,2.5,0.9230550247232868,TRUE,4,46,TRUE,4,4,0,0,TRUE,FALSE,0.478,0,1,BC1_to_Salmon=1; BC2_to_Salmon=1; BC3_to_Salmon=1; F1=1; nonhybrid_Salmon=23; nonhybrid_Trout=23
1379,snps_20_sample_50_pop_1_ind_0.05,9,20,50,1,0.05,0.05,2.5,0.9230550247232868,TRUE,1,49,TRUE,1,1,0,0,TRUE,FALSE,0.513,0,1,BC1_to_Trout=1; nonhybrid_Salmon=24; nonhybrid_Trout=25
1380,snps_20_sample_50_pop_1_ind_0.05,10,20,50,1,0.05,0.05,2.5,0.9230550247232868,TRUE,3,47,TRUE,3,3,0,0,TRUE,FALSE,0.4525,0,1,BC2_to_Salmon=1; BC3_to_Trout=1; F1=1; nonhybrid_Salmon=26; nonhybrid_Trout=21
1381,snps_20_sample_50_pop_1_ind_0.1,1,20,50,1,0.1,0.1,5,0.9948462247926799,TRUE,7,43,TRUE,6,6,0,1,TRUE,FALSE,0.3795,0,1,BC2_to_Salmon=1; BC2_to_Trout=1; BC3_to_Trout=1; F1=2; F2=2; nonhybrid_Salmon=28; nonhybrid_Trout=15
1382,snps_20_sample_50_pop_1_ind_0.1,2,20,50,1,0.1,0.1,5,0.9948462247926799,TRUE,5,45,TRUE,5,5,0,0,TRUE,FALSE,0.5325,0,1,BC1_to_Salmon=1; BC2_to_Salmon=1; BC2_to_Trout=2; F1=1; nonhybrid_Salmon=21; nonhybrid_Trout=24
1383,snps_20_sample_50_pop_1_ind_0.1,3,20,50,1,0.1,0.1,5,0.9948462247926799,TRUE,7,43,TRUE,7,7,0,0,TRUE,FALSE,0.4865,0,1,BC1_to_Salmon=1; BC1_to_Trout=1; BC2_to_Salmon=2; BC3_to_Salmon=1; F1=2; nonhybrid_Salmon=21; nonhybrid_Trout=22
1384,snps_20_sample_50_pop_1_ind_0.1,4,20,50,1,0.1,0.1,5,0.9948462247926799,TRUE,3,47,TRUE,3,3,0,0,TRUE,FALSE,0.545,0,1,BC1_to_Salmon=1; BC2_to_Salmon=1; BC2_to_Trout=1; nonhybrid_Salmon=21; nonhybrid_Trout=26
1385,snps_20_sample_50_pop_1_ind_0.1,5,20,50,1,0.1,0.1,5,0.9948462247926799,TRUE,5,45,TRUE,4,4,0,1,TRUE,FALSE,0.359,0,1,BC1_to_Salmon=1; BC2_to_Salmon=3; F2=1; nonhybrid_Salmon=28; nonhybrid_Trout=17
1386,snps_20_sample_50_pop_1_ind_0.1,6,20,50,1,0.1,0.1,5,0.9948462247926799,TRUE,4,46,TRUE,4,4,0,0,TRUE,FALSE,0.5485,0,1,BC1_to_Salmon=1; BC1_to_Trout=1; BC2_to_Salmon=2; nonhybrid_Salmon=20; nonhybrid_Trout=26
1387,snps_20_sample_50_pop_1_ind_0.1,7,20,50,1,0.1,0.1,5,0.9948462247926799,TRUE,3,47,TRUE,3,3,0,0,TRUE,FALSE,0.491,0,1,BC1_to_Salmon=1; BC1_to_Trout=1; F2=1; nonhybrid_Salmon=24; nonhybrid_Trout=23
1388,snps_20_sample_50_pop_1_ind_0.1,8,20,50,1,0.1,0.1,5,0.9948462247926799,TRUE,4,46,TRUE,3,3,0,1,TRUE,FALSE,0.4115,0,1,BC1_to_Trout=1; BC2_to_Salmon=1; BC3_to_Salmon=1; F2=1; nonhybrid_Salmon=27; nonhybrid_Trout=19
1389,snps_20_sample_50_pop_1_ind_0.1,9,20,50,1,0.1,0.1,5,0.9948462247926799,TRUE,5,45,TRUE,5,5,0,0,TRUE,FALSE,0.5055,0,1,BC2_to_Salmon=1; BC2_to_Trout=1; F1=1; F2=2; nonhybrid_Salmon=22; nonhybrid_Trout=23
1390,snps_20_sample_50_pop_1_ind_0.1,10,20,50,1,0.1,0.1,5,0.9948462247926799,TRUE,6,44,TRUE,5,5,0,1,TRUE,FALSE,0.386,0,1,BC1_to_Salmon=1; BC2_to_Salmon=1; F1=3; F2=1; nonhybrid_Salmon=27; nonhybrid_Trout=17
1391,snps_20_sample_50_pop_1_ind_0.25,1,20,50,1,0.25,0.25,12.5,0.9999994336783435,TRUE,9,41,TRUE,9,9,0,0,TRUE,FALSE,0.566,0,1,BC1_to_Salmon=1; BC1_to_Trout=3; BC2_to_Trout=2; BC3_to_Trout=1; F1=1; F2=1; nonhybrid_Salmon=19; nonhybrid_Trout=22
1392,snps_20_sample_50_pop_1_ind_0.25,2,20,50,1,0.25,0.25,12.5,0.9999994336783435,TRUE,13,37,TRUE,12,12,0,1,TRUE,FALSE,0.40850000000000003,0,1,BC1_to_Salmon=2; BC1_to_Trout=3; BC2_to_Salmon=1; BC2_to_Trout=2; BC3_to_Salmon=1; BC3_to_Trout=1; F2=3; nonhybrid_Salmon=24; nonhybrid_Trout=13
1393,snps_20_sample_50_pop_1_ind_0.25,3,20,50,1,0.25,0.25,12.5,0.9999994336783435,TRUE,12,38,TRUE,12,12,0,0,TRUE,FALSE,0.463,0,1,BC1_to_Salmon=1; BC1_to_Trout=2; BC2_to_Salmon=3; BC2_to_Trout=2; BC3_to_Salmon=1; F1=1; F2=2; nonhybrid_Salmon=20; nonhybrid_Trout=18
1394,snps_20_sample_50_pop_1_ind_0.25,4,20,50,1,0.25,0.25,12.5,0.9999994336783435,TRUE,15,35,TRUE,12,12,0,3,TRUE,FALSE,0.4645,0,1,BC1_to_Salmon=1; BC1_to_Trout=2; BC2_to_Salmon=5; BC3_to_Salmon=3; BC3_to_Trout=2; F2=2; nonhybrid_Salmon=17; nonhybrid_Trout=18
1395,snps_20_sample_50_pop_1_ind_0.25,5,20,50,1,0.25,0.25,12.5,0.9999994336783435,TRUE,9,41,TRUE,8,8,0,1,TRUE,FALSE,0.4505,0,1,BC1_to_Trout=2; BC2_to_Salmon=3; BC3_to_Salmon=3; F1=1; nonhybrid_Salmon=21; nonhybrid_Trout=20
1396,snps_20_sample_50_pop_1_ind_0.25,6,20,50,1,0.25,0.25,12.5,0.9999994336783435,TRUE,14,36,TRUE,13,13,0,1,TRUE,FALSE,0.567,0,1,BC1_to_Trout=3; BC2_to_Salmon=1; BC2_to_Trout=2; BC3_to_Salmon=2; BC3_to_Trout=2; F1=2; F2=2; nonhybrid_Salmon=16; nonhybrid_Trout=20
1397,snps_20_sample_50_pop_1_ind_0.25,7,20,50,1,0.25,0.25,12.5,0.9999994336783435,TRUE,12,38,TRUE,9,9,0,3,TRUE,FALSE,0.562,0,1,BC1_to_Salmon=1; BC1_to_Trout=2; BC2_to_Trout=2; BC3_to_Salmon=1; BC3_to_Trout=1; F1=3; F2=2; nonhybrid_Salmon=17; nonhybrid_Trout=21
1398,snps_20_sample_50_pop_1_ind_0.25,8,20,50,1,0.25,0.25,12.5,0.9999994336783435,TRUE,10,40,TRUE,6,6,0,4,TRUE,FALSE,0.511,0,1,BC2_to_Salmon=2; BC3_to_Salmon=2; BC3_to_Trout=3; F1=2; F2=1; nonhybrid_Salmon=19; nonhybrid_Trout=21
1399,snps_20_sample_50_pop_1_ind_0.25,9,20,50,1,0.25,0.25,12.5,0.9999994336783435,TRUE,14,36,TRUE,12,12,0,2,TRUE,FALSE,0.4825,0,1,BC1_to_Salmon=1; BC1_to_Trout=1; BC2_to_Salmon=1; BC2_to_Trout=4; BC3_to_Salmon=1; BC3_to_Trout=1; F1=3; F2=2; nonhybrid_Salmon=20; nonhybrid_Trout=16
1400,snps_20_sample_50_pop_1_ind_0.25,10,20,50,1,0.25,0.25,12.5,0.9999994336783435,TRUE,17,33,TRUE,13,13,0,4,TRUE,FALSE,0.52,0,1,BC1_to_Salmon=1; BC1_to_Trout=2; BC2_to_Salmon=3; BC2_to_Trout=3; BC3_to_Salmon=2; BC3_to_Trout=3; F1=2; F2=1; nonhybrid_Salmon=16; nonhybrid_Trout=17
1401,snps_20_sample_50_pop_1_ind_0.5,1,20,50,1,0.5,0.5,25,0.9999999999999991,TRUE,23,27,TRUE,22,22,0,1,TRUE,FALSE,0.455,0,1,BC1_to_Salmon=1; BC1_to_Trout=3; BC2_to_Salmon=5; BC2_to_Trout=3; BC3_to_Salmon=1; BC3_to_Trout=2; F1=5; F2=3; nonhybrid_Salmon=16; nonhybrid_Trout=11
1402,snps_20_sample_50_pop_1_ind_0.5,2,20,50,1,0.5,0.5,25,0.9999999999999991,TRUE,26,24,TRUE,23,23,0,3,TRUE,FALSE,0.4805,0,1,BC1_to_Salmon=2; BC2_to_Salmon=7; BC2_to_Trout=2; BC3_to_Salmon=4; BC3_to_Trout=3; F1=7; F2=1; nonhybrid_Salmon=10; nonhybrid_Trout=14
1403,snps_20_sample_50_pop_1_ind_0.5,3,20,50,1,0.5,0.5,25,0.9999999999999991,TRUE,30,20,TRUE,21,21,0,9,TRUE,FALSE,0.5115,0,1,BC1_to_Salmon=2; BC1_to_Trout=5; BC2_to_Salmon=2; BC2_to_Trout=3; BC3_to_Salmon=8; BC3_to_Trout=7; F1=2; F2=1; nonhybrid_Salmon=10; nonhybrid_Trout=10
1404,snps_20_sample_50_pop_1_ind_0.5,4,20,50,1,0.5,0.5,25,0.9999999999999991,TRUE,25,25,TRUE,22,22,0,3,TRUE,FALSE,0.4875,0,1,BC1_to_Salmon=6; BC1_to_Trout=2; BC2_to_Salmon=3; BC2_to_Trout=3; BC3_to_Salmon=2; BC3_to_Trout=2; F1=4; F2=3; nonhybrid_Salmon=12; nonhybrid_Trout=13
1405,snps_20_sample_50_pop_1_ind_0.5,5,20,50,1,0.5,0.5,25,0.9999999999999991,TRUE,27,23,TRUE,24,24,0,3,TRUE,FALSE,0.4745,0,1,BC1_to_Salmon=4; BC1_to_Trout=5; BC2_to_Salmon=6; BC2_to_Trout=1; BC3_to_Salmon=2; BC3_to_Trout=2; F1=2; F2=5; nonhybrid_Salmon=11; nonhybrid_Trout=12
1406,snps_20_sample_50_pop_1_ind_0.5,6,20,50,1,0.5,0.5,25,0.9999999999999991,TRUE,25,25,TRUE,22,22,0,3,TRUE,FALSE,0.474,0,1,BC1_to_Salmon=3; BC1_to_Trout=4; BC2_to_Salmon=3; BC2_to_Trout=3; BC3_to_Salmon=1; BC3_to_Trout=3; F1=6; F2=2; nonhybrid_Salmon=15; nonhybrid_Trout=10
1407,snps_20_sample_50_pop_1_ind_0.5,7,20,50,1,0.5,0.5,25,0.9999999999999991,TRUE,27,23,TRUE,26,26,0,1,TRUE,FALSE,0.5665,0,1,BC1_to_Salmon=5; BC1_to_Trout=6; BC2_to_Salmon=1; BC2_to_Trout=5; BC3_to_Salmon=1; BC3_to_Trout=1; F1=1; F2=7; nonhybrid_Salmon=10; nonhybrid_Trout=13
1408,snps_20_sample_50_pop_1_ind_0.5,8,20,50,1,0.5,0.5,25,0.9999999999999991,TRUE,24,26,TRUE,20,20,0,4,TRUE,FALSE,0.4935,0,1,BC1_to_Salmon=1; BC2_to_Salmon=6; BC2_to_Trout=4; BC3_to_Salmon=3; BC3_to_Trout=2; F1=4; F2=4; nonhybrid_Salmon=12; nonhybrid_Trout=14
1409,snps_20_sample_50_pop_1_ind_0.5,9,20,50,1,0.5,0.5,25,0.9999999999999991,TRUE,24,26,TRUE,20,20,0,4,TRUE,FALSE,0.502,0,1,BC1_to_Salmon=5; BC1_to_Trout=2; BC2_to_Salmon=3; BC2_to_Trout=3; BC3_to_Salmon=5; BC3_to_Trout=3; F1=2; F2=1; nonhybrid_Salmon=11; nonhybrid_Trout=15
1410,snps_20_sample_50_pop_1_ind_0.5,10,20,50,1,0.5,0.5,25,0.9999999999999991,TRUE,25,25,TRUE,24,24,0,1,TRUE,FALSE,0.44,0,1,BC1_to_Salmon=1; BC1_to_Trout=2; BC2_to_Salmon=6; BC2_to_Trout=5; BC3_to_Salmon=2; BC3_to_Trout=2; F1=3; F2=4; nonhybrid_Salmon=15; nonhybrid_Trout=10
1411,snps_20_sample_50_pop_1_ind_0.75,1,20,50,1,0.75,0.75,37.5,1,TRUE,41,9,TRUE,30,30,0,11,TRUE,FALSE,0.461,0,1,BC1_to_Salmon=5; BC1_to_Trout=3; BC2_to_Salmon=8; BC2_to_Trout=7; BC3_to_Salmon=6; BC3_to_Trout=5; F1=2; F2=5; nonhybrid_Salmon=5; nonhybrid_Trout=4
1412,snps_20_sample_50_pop_1_ind_0.75,2,20,50,1,0.75,0.75,37.5,1,TRUE,39,11,TRUE,33,33,0,6,TRUE,FALSE,0.521,0,1,BC1_to_Salmon=3; BC1_to_Trout=3; BC2_to_Salmon=7; BC2_to_Trout=5; BC3_to_Salmon=4; BC3_to_Trout=5; F1=8; F2=4; nonhybrid_Salmon=4; nonhybrid_Trout=7
1413,snps_20_sample_50_pop_1_ind_0.75,3,20,50,1,0.75,0.75,37.5,1,TRUE,39,11,TRUE,31,31,0,8,TRUE,FALSE,0.395,0,1,BC1_to_Salmon=6; BC1_to_Trout=8; BC2_to_Salmon=4; BC2_to_Trout=6; BC3_to_Salmon=7; BC3_to_Trout=2; F1=2; F2=4; nonhybrid_Salmon=10; nonhybrid_Trout=1
1414,snps_20_sample_50_pop_1_ind_0.75,4,20,50,1,0.75,0.75,37.5,1,TRUE,37,13,TRUE,28,28,0,9,TRUE,FALSE,0.4505,0,1,BC1_to_Salmon=6; BC1_to_Trout=2; BC2_to_Salmon=3; BC2_to_Trout=5; BC3_to_Salmon=8; BC3_to_Trout=3; F1=5; F2=5; nonhybrid_Salmon=7; nonhybrid_Trout=6
1415,snps_20_sample_50_pop_1_ind_0.75,5,20,50,1,0.75,0.75,37.5,1,TRUE,37,13,TRUE,32,32,0,5,TRUE,FALSE,0.3995,0,1,BC1_to_Salmon=6; BC1_to_Trout=3; BC2_to_Salmon=7; BC2_to_Trout=6; BC3_to_Salmon=4; BC3_to_Trout=1; F1=5; F2=5; nonhybrid_Salmon=9; nonhybrid_Trout=4
1416,snps_20_sample_50_pop_1_ind_0.75,6,20,50,1,0.75,0.75,37.5,1,TRUE,25,25,TRUE,22,22,0,3,TRUE,FALSE,0.514,0,1,BC1_to_Salmon=5; BC2_to_Salmon=5; BC2_to_Trout=5; BC3_to_Salmon=1; BC3_to_Trout=4; F1=3; F2=2; nonhybrid_Salmon=12; nonhybrid_Trout=13
1417,snps_20_sample_50_pop_1_ind_0.75,7,20,50,1,0.75,0.75,37.5,1,TRUE,39,11,TRUE,31,31,0,8,TRUE,FALSE,0.511,0,1,BC1_to_Salmon=3; BC1_to_Trout=3; BC2_to_Salmon=4; BC2_to_Trout=9; BC3_to_Salmon=7; BC3_to_Trout=5; F1=2; F2=6; nonhybrid_Salmon=6; nonhybrid_Trout=5
1418,snps_20_sample_50_pop_1_ind_0.75,8,20,50,1,0.75,0.75,37.5,1,TRUE,36,14,TRUE,29,29,0,7,TRUE,FALSE,0.6495,0,1,BC1_to_Salmon=1; BC1_to_Trout=9; BC2_to_Salmon=3; BC2_to_Trout=5; BC3_to_Salmon=5; BC3_to_Trout=5; F1=3; F2=5; nonhybrid_Salmon=2; nonhybrid_Trout=12
1419,snps_20_sample_50_pop_1_ind_0.75,9,20,50,1,0.75,0.75,37.5,1,TRUE,39,11,TRUE,37,37,0,2,TRUE,FALSE,0.499,0,1,BC1_to_Salmon=9; BC1_to_Trout=6; BC2_to_Salmon=6; BC2_to_Trout=2; BC3_to_Salmon=3; BC3_to_Trout=3; F1=3; F2=7; nonhybrid_Salmon=3; nonhybrid_Trout=8
1420,snps_20_sample_50_pop_1_ind_0.75,10,20,50,1,0.75,0.75,37.5,1,TRUE,34,16,TRUE,28,28,0,6,TRUE,FALSE,0.4835,0,1,BC1_to_Salmon=2; BC1_to_Trout=6; BC2_to_Salmon=5; BC2_to_Trout=3; BC3_to_Salmon=7; BC3_to_Trout=5; F1=5; F2=1; nonhybrid_Salmon=8; nonhybrid_Trout=8
1421,snps_20_sample_50_pop_1_ind_1,1,20,50,1,1,1,50,1,TRUE,50,0,TRUE,42,42,0,8,TRUE,FALSE,0.53,0,0.975,BC1_to_Salmon=6; BC1_to_Trout=4; BC2_to_Salmon=9; BC2_to_Trout=9; BC3_to_Salmon=3; BC3_to_Trout=6; F1=7; F2=6
1422,snps_20_sample_50_pop_1_ind_1,2,20,50,1,1,1,50,1,TRUE,50,0,TRUE,42,42,0,8,TRUE,FALSE,0.455,0.025,0.95,BC1_to_Salmon=11; BC1_to_Trout=7; BC2_to_Salmon=5; BC2_to_Trout=4; BC3_to_Salmon=8; BC3_to_Trout=7; F1=3; F2=5
1423,snps_20_sample_50_pop_1_ind_1,3,20,50,1,1,1,50,1,TRUE,50,0,TRUE,39,39,0,11,TRUE,FALSE,0.4955,0,1,BC1_to_Salmon=2; BC1_to_Trout=4; BC2_to_Salmon=8; BC2_to_Trout=8; BC3_to_Salmon=7; BC3_to_Trout=6; F1=7; F2=8
1424,snps_20_sample_50_pop_1_ind_1,4,20,50,1,1,1,50,1,TRUE,50,0,TRUE,38,38,0,12,TRUE,FALSE,0.4975,0,0.975,BC1_to_Salmon=8; BC1_to_Trout=7; BC2_to_Salmon=6; BC2_to_Trout=6; BC3_to_Salmon=6; BC3_to_Trout=7; F1=6; F2=4
1425,snps_20_sample_50_pop_1_ind_1,5,20,50,1,1,1,50,1,TRUE,50,0,TRUE,40,40,0,10,TRUE,FALSE,0.4605,0.05,1,BC1_to_Salmon=9; BC1_to_Trout=7; BC2_to_Salmon=6; BC2_to_Trout=3; BC3_to_Salmon=8; BC3_to_Trout=7; F1=4; F2=6
1426,snps_20_sample_50_pop_1_ind_1,6,20,50,1,1,1,50,1,TRUE,50,0,TRUE,40,40,0,10,TRUE,FALSE,0.5535,0,1,BC1_to_Salmon=4; BC1_to_Trout=2; BC2_to_Salmon=9; BC2_to_Trout=11; BC3_to_Salmon=4; BC3_to_Trout=10; F1=3; F2=7
1427,snps_20_sample_50_pop_1_ind_1,7,20,50,1,1,1,50,1,TRUE,50,0,TRUE,39,39,0,11,TRUE,FALSE,0.5245,0,0.975,BC1_to_Salmon=1; BC1_to_Trout=4; BC2_to_Salmon=7; BC2_to_Trout=9; BC3_to_Salmon=8; BC3_to_Trout=9; F1=5; F2=7
1428,snps_20_sample_50_pop_1_ind_1,8,20,50,1,1,1,50,1,TRUE,50,0,TRUE,43,43,0,7,TRUE,FALSE,0.5565,0,0.95,BC1_to_Trout=8; BC2_to_Salmon=7; BC2_to_Trout=11; BC3_to_Salmon=4; BC3_to_Trout=4; F1=6; F2=10
1429,snps_20_sample_50_pop_1_ind_1,9,20,50,1,1,1,50,1,TRUE,50,0,TRUE,42,42,0,8,TRUE,FALSE,0.496,0.05,1,BC1_to_Salmon=7; BC1_to_Trout=10; BC2_to_Salmon=9; BC2_to_Trout=6; BC3_to_Salmon=3; BC3_to_Trout=2; F1=7; F2=6
1430,snps_20_sample_50_pop_1_ind_1,10,20,50,1,1,1,50,1,TRUE,50,0,TRUE,43,43,0,7,TRUE,FALSE,0.4835,0,0.975,BC1_to_Salmon=5; BC1_to_Trout=3; BC2_to_Salmon=8; BC2_to_Trout=6; BC3_to_Salmon=6; BC3_to_Trout=7; F1=5; F2=10
1431,snps_20_sample_100_pop_1_ind_0,1,20,100,1,0,0,0,0,TRUE,0,100,FALSE,0,0,0,0,FALSE,FALSE,0.49,0,1,nonhybrid_Salmon=51; nonhybrid_Trout=49
1432,snps_20_sample_100_pop_1_ind_0,2,20,100,1,0,0,0,0,TRUE,0,100,FALSE,0,0,0,0,FALSE,FALSE,0.41,0,1,nonhybrid_Salmon=59; nonhybrid_Trout=41
1433,snps_20_sample_100_pop_1_ind_0,3,20,100,1,0,0,0,0,TRUE,0,100,FALSE,0,0,0,0,FALSE,FALSE,0.5,0,1,nonhybrid_Salmon=50; nonhybrid_Trout=50
1434,snps_20_sample_100_pop_1_ind_0,4,20,100,1,0,0,0,0,TRUE,0,100,FALSE,0,0,0,0,FALSE,FALSE,0.54,0,1,nonhybrid_Salmon=46; nonhybrid_Trout=54
1435,snps_20_sample_100_pop_1_ind_0,5,20,100,1,0,0,0,0,TRUE,0,100,FALSE,0,0,0,0,FALSE,FALSE,0.46,0,1,nonhybrid_Salmon=54; nonhybrid_Trout=46
1436,snps_20_sample_100_pop_1_ind_0,6,20,100,1,0,0,0,0,TRUE,0,100,FALSE,0,0,0,0,FALSE,FALSE,0.5,0,1,nonhybrid_Salmon=50; nonhybrid_Trout=50
1437,snps_20_sample_100_pop_1_ind_0,7,20,100,1,0,0,0,0,TRUE,0,100,FALSE,0,0,0,0,FALSE,FALSE,0.51,0,1,nonhybrid_Salmon=49; nonhybrid_Trout=51
1438,snps_20_sample_100_pop_1_ind_0,8,20,100,1,0,0,0,0,TRUE,0,100,FALSE,0,0,0,0,FALSE,FALSE,0.51,0,1,nonhybrid_Salmon=49; nonhybrid_Trout=51
1439,snps_20_sample_100_pop_1_ind_0,9,20,100,1,0,0,0,0,TRUE,0,100,FALSE,0,0,0,0,FALSE,FALSE,0.57,0,1,nonhybrid_Salmon=43; nonhybrid_Trout=57
1440,snps_20_sample_100_pop_1_ind_0,10,20,100,1,0,0,0,0,TRUE,0,100,FALSE,0,0,0,0,FALSE,FALSE,0.43,0,1,nonhybrid_Salmon=57; nonhybrid_Trout=43
1441,snps_20_sample_100_pop_1_ind_0.001,1,20,100,1,0.001,0.001,0.1,0.09520785288629108,TRUE,0,100,FALSE,0,0,0,0,FALSE,FALSE,0.55,0,1,nonhybrid_Salmon=45; nonhybrid_Trout=55
1442,snps_20_sample_100_pop_1_ind_0.001,2,20,100,1,0.001,0.001,0.1,0.09520785288629108,TRUE,0,100,FALSE,0,0,0,0,FALSE,FALSE,0.52,0,1,nonhybrid_Salmon=48; nonhybrid_Trout=52
1443,snps_20_sample_100_pop_1_ind_0.001,3,20,100,1,0.001,0.001,0.1,0.09520785288629108,TRUE,0,100,FALSE,0,0,0,0,FALSE,FALSE,0.52,0,1,nonhybrid_Salmon=48; nonhybrid_Trout=52
1444,snps_20_sample_100_pop_1_ind_0.001,4,20,100,1,0.001,0.001,0.1,0.09520785288629108,TRUE,0,100,FALSE,0,0,0,0,FALSE,FALSE,0.54,0,1,nonhybrid_Salmon=46; nonhybrid_Trout=54
1445,snps_20_sample_100_pop_1_ind_0.001,5,20,100,1,0.001,0.001,0.1,0.09520785288629108,TRUE,0,100,FALSE,0,0,0,0,FALSE,FALSE,0.54,0,1,nonhybrid_Salmon=46; nonhybrid_Trout=54
1446,snps_20_sample_100_pop_1_ind_0.001,6,20,100,1,0.001,0.001,0.1,0.09520785288629108,TRUE,0,100,FALSE,0,0,0,0,FALSE,FALSE,0.43,0,1,nonhybrid_Salmon=57; nonhybrid_Trout=43
1447,snps_20_sample_100_pop_1_ind_0.001,7,20,100,1,0.001,0.001,0.1,0.09520785288629108,TRUE,0,100,FALSE,0,0,0,0,FALSE,FALSE,0.54,0,1,nonhybrid_Salmon=46; nonhybrid_Trout=54
1448,snps_20_sample_100_pop_1_ind_0.001,8,20,100,1,0.001,0.001,0.1,0.09520785288629108,TRUE,0,100,FALSE,0,0,0,0,FALSE,FALSE,0.48,0,1,nonhybrid_Salmon=52; nonhybrid_Trout=48
1449,snps_20_sample_100_pop_1_ind_0.001,9,20,100,1,0.001,0.001,0.1,0.09520785288629108,TRUE,0,100,FALSE,0,0,0,0,FALSE,FALSE,0.5,0,1,nonhybrid_Salmon=50; nonhybrid_Trout=50
1450,snps_20_sample_100_pop_1_ind_0.001,10,20,100,1,0.001,0.001,0.1,0.09520785288629108,TRUE,0,100,FALSE,0,0,0,0,FALSE,FALSE,0.47,0,1,nonhybrid_Salmon=53; nonhybrid_Trout=47
1451,snps_20_sample_100_pop_1_ind_0.005,1,20,100,1,0.005,0.005,0.5,0.3942295635092721,TRUE,0,100,FALSE,0,0,0,0,FALSE,FALSE,0.55,0,1,nonhybrid_Salmon=45; nonhybrid_Trout=55
1452,snps_20_sample_100_pop_1_ind_0.005,2,20,100,1,0.005,0.005,0.5,0.3942295635092721,TRUE,0,100,FALSE,0,0,0,0,FALSE,FALSE,0.59,0,1,nonhybrid_Salmon=41; nonhybrid_Trout=59
1453,snps_20_sample_100_pop_1_ind_0.005,3,20,100,1,0.005,0.005,0.5,0.3942295635092721,TRUE,0,100,FALSE,0,0,0,0,FALSE,FALSE,0.53,0,1,nonhybrid_Salmon=47; nonhybrid_Trout=53
1454,snps_20_sample_100_pop_1_ind_0.005,4,20,100,1,0.005,0.005,0.5,0.3942295635092721,TRUE,0,100,FALSE,0,0,0,0,FALSE,FALSE,0.47,0,1,nonhybrid_Salmon=53; nonhybrid_Trout=47
1455,snps_20_sample_100_pop_1_ind_0.005,5,20,100,1,0.005,0.005,0.5,0.3942295635092721,TRUE,0,100,FALSE,0,0,0,0,FALSE,FALSE,0.54,0,1,nonhybrid_Salmon=46; nonhybrid_Trout=54
1456,snps_20_sample_100_pop_1_ind_0.005,6,20,100,1,0.005,0.005,0.5,0.3942295635092721,TRUE,0,100,FALSE,0,0,0,0,FALSE,FALSE,0.52,0,1,nonhybrid_Salmon=48; nonhybrid_Trout=52
1457,snps_20_sample_100_pop_1_ind_0.005,7,20,100,1,0.005,0.005,0.5,0.3942295635092721,TRUE,1,99,TRUE,1,1,0,0,TRUE,FALSE,0.41825,0,1,BC2_to_Trout=1; nonhybrid_Salmon=58; nonhybrid_Trout=41
1458,snps_20_sample_100_pop_1_ind_0.005,8,20,100,1,0.005,0.005,0.5,0.3942295635092721,TRUE,1,99,TRUE,1,1,0,0,TRUE,FALSE,0.54475,0,1,F2=1; nonhybrid_Salmon=45; nonhybrid_Trout=54
1459,snps_20_sample_100_pop_1_ind_0.005,9,20,100,1,0.005,0.005,0.5,0.3942295635092721,TRUE,0,100,FALSE,0,0,0,0,FALSE,FALSE,0.48,0,1,nonhybrid_Salmon=52; nonhybrid_Trout=48
1460,snps_20_sample_100_pop_1_ind_0.005,10,20,100,1,0.005,0.005,0.5,0.3942295635092721,TRUE,0,100,FALSE,0,0,0,0,FALSE,FALSE,0.5,0,1,nonhybrid_Salmon=50; nonhybrid_Trout=50
1461,snps_20_sample_100_pop_1_ind_0.01,1,20,100,1,0.01,0.01,1,0.6339676587267709,TRUE,0,100,FALSE,0,0,0,0,FALSE,FALSE,0.52,0,1,nonhybrid_Salmon=48; nonhybrid_Trout=52
1462,snps_20_sample_100_pop_1_ind_0.01,2,20,100,1,0.01,0.01,1,0.6339676587267709,TRUE,0,100,FALSE,0,0,0,0,FALSE,FALSE,0.54,0,1,nonhybrid_Salmon=46; nonhybrid_Trout=54
1463,snps_20_sample_100_pop_1_ind_0.01,3,20,100,1,0.01,0.01,1,0.6339676587267709,TRUE,0,100,FALSE,0,0,0,0,FALSE,FALSE,0.48,0,1,nonhybrid_Salmon=52; nonhybrid_Trout=48
1464,snps_20_sample_100_pop_1_ind_0.01,4,20,100,1,0.01,0.01,1,0.6339676587267709,TRUE,0,100,FALSE,0,0,0,0,FALSE,FALSE,0.51,0,1,nonhybrid_Salmon=49; nonhybrid_Trout=51
1465,snps_20_sample_100_pop_1_ind_0.01,5,20,100,1,0.01,0.01,1,0.6339676587267709,TRUE,0,100,FALSE,0,0,0,0,FALSE,FALSE,0.48,0,1,nonhybrid_Salmon=52; nonhybrid_Trout=48
1466,snps_20_sample_100_pop_1_ind_0.01,6,20,100,1,0.01,0.01,1,0.6339676587267709,TRUE,1,99,TRUE,1,1,0,0,TRUE,FALSE,0.413,0,1,F2=1; nonhybrid_Salmon=58; nonhybrid_Trout=41
1467,snps_20_sample_100_pop_1_ind_0.01,7,20,100,1,0.01,0.01,1,0.6339676587267709,TRUE,1,99,TRUE,1,1,0,0,TRUE,FALSE,0.55175,0,1,BC2_to_Salmon=1; nonhybrid_Salmon=44; nonhybrid_Trout=55
1468,snps_20_sample_100_pop_1_ind_0.01,8,20,100,1,0.01,0.01,1,0.6339676587267709,TRUE,0,100,FALSE,0,0,0,0,FALSE,FALSE,0.46,0,1,nonhybrid_Salmon=54; nonhybrid_Trout=46
1469,snps_20_sample_100_pop_1_ind_0.01,9,20,100,1,0.01,0.01,1,0.6339676587267709,TRUE,0,100,FALSE,0,0,0,0,FALSE,FALSE,0.49,0,1,nonhybrid_Salmon=51; nonhybrid_Trout=49
1470,snps_20_sample_100_pop_1_ind_0.01,10,20,100,1,0.01,0.01,1,0.6339676587267709,TRUE,0,100,FALSE,0,0,0,0,FALSE,FALSE,0.52,0,1,nonhybrid_Salmon=48; nonhybrid_Trout=52
1471,snps_20_sample_100_pop_1_ind_0.025,1,20,100,1,0.025,0.025,2.5,0.9204827101381686,TRUE,7,93,TRUE,7,7,0,0,TRUE,FALSE,0.50725,0,1,BC1_to_Salmon=1; BC1_to_Trout=2; BC2_to_Salmon=1; BC3_to_Trout=1; F1=1; F2=1; nonhybrid_Salmon=46; nonhybrid_Trout=47
1472,snps_20_sample_100_pop_1_ind_0.025,2,20,100,1,0.025,0.025,2.5,0.9204827101381686,TRUE,3,97,TRUE,3,3,0,0,TRUE,FALSE,0.48525,0,1,BC1_to_Trout=1; F1=1; F2=1; nonhybrid_Salmon=50; nonhybrid_Trout=47
1473,snps_20_sample_100_pop_1_ind_0.025,3,20,100,1,0.025,0.025,2.5,0.9204827101381686,TRUE,2,98,TRUE,2,2,0,0,TRUE,FALSE,0.58775,0,1,BC1_to_Salmon=1; F1=1; nonhybrid_Salmon=40; nonhybrid_Trout=58
1474,snps_20_sample_100_pop_1_ind_0.025,4,20,100,1,0.025,0.025,2.5,0.9204827101381686,TRUE,1,99,TRUE,1,1,0,0,TRUE,FALSE,0.51275,0,1,BC1_to_Salmon=1; nonhybrid_Salmon=48; nonhybrid_Trout=51
1475,snps_20_sample_100_pop_1_ind_0.025,5,20,100,1,0.025,0.025,2.5,0.9204827101381686,TRUE,6,94,TRUE,4,4,0,2,TRUE,FALSE,0.5395,0,1,BC1_to_Salmon=1; BC2_to_Trout=1; BC3_to_Trout=2; F1=1; F2=1; nonhybrid_Salmon=44; nonhybrid_Trout=50
1476,snps_20_sample_100_pop_1_ind_0.025,6,20,100,1,0.025,0.025,2.5,0.9204827101381686,TRUE,0,100,FALSE,0,0,0,0,FALSE,FALSE,0.52,0,1,nonhybrid_Salmon=48; nonhybrid_Trout=52
1477,snps_20_sample_100_pop_1_ind_0.025,7,20,100,1,0.025,0.025,2.5,0.9204827101381686,TRUE,2,98,TRUE,2,2,0,0,TRUE,FALSE,0.486,0,1,BC3_to_Salmon=1; F1=1; nonhybrid_Salmon=50; nonhybrid_Trout=48
1478,snps_20_sample_100_pop_1_ind_0.025,8,20,100,1,0.025,0.025,2.5,0.9204827101381686,TRUE,0,100,FALSE,0,0,0,0,FALSE,FALSE,0.5,0,1,nonhybrid_Salmon=50; nonhybrid_Trout=50
1479,snps_20_sample_100_pop_1_ind_0.025,9,20,100,1,0.025,0.025,2.5,0.9204827101381686,TRUE,0,100,FALSE,0,0,0,0,FALSE,FALSE,0.63,0,1,nonhybrid_Salmon=37; nonhybrid_Trout=63
1480,snps_20_sample_100_pop_1_ind_0.025,10,20,100,1,0.025,0.025,2.5,0.9204827101381686,TRUE,1,99,TRUE,1,1,0,0,TRUE,FALSE,0.58925,0,1,BC2_to_Trout=1; nonhybrid_Salmon=41; nonhybrid_Trout=58
1481,snps_20_sample_100_pop_1_ind_0.05,1,20,100,1,0.05,0.05,5,0.994079470779666,TRUE,1,99,TRUE,1,1,0,0,TRUE,FALSE,0.445,0,1,F1=1; nonhybrid_Salmon=55; nonhybrid_Trout=44
1482,snps_20_sample_100_pop_1_ind_0.05,2,20,100,1,0.05,0.05,5,0.994079470779666,TRUE,11,89,TRUE,11,11,0,0,TRUE,FALSE,0.45625,0,1,BC1_to_Salmon=1; BC2_to_Salmon=3; BC2_to_Trout=1; BC3_to_Salmon=2; F1=2; F2=2; nonhybrid_Salmon=47; nonhybrid_Trout=42
1483,snps_20_sample_100_pop_1_ind_0.05,3,20,100,1,0.05,0.05,5,0.994079470779666,TRUE,5,95,TRUE,5,5,0,0,TRUE,FALSE,0.4935,0,1,BC1_to_Trout=1; BC3_to_Trout=2; F1=1; F2=1; nonhybrid_Salmon=49; nonhybrid_Trout=46
1484,snps_20_sample_100_pop_1_ind_0.05,4,20,100,1,0.05,0.05,5,0.994079470779666,TRUE,6,94,TRUE,6,6,0,0,TRUE,FALSE,0.579,0,1,BC1_to_Trout=1; BC2_to_Salmon=1; BC3_to_Salmon=1; BC3_to_Trout=1; F1=2; nonhybrid_Salmon=39; nonhybrid_Trout=55
1485,snps_20_sample_100_pop_1_ind_0.05,5,20,100,1,0.05,0.05,5,0.994079470779666,TRUE,8,92,TRUE,4,4,0,4,TRUE,FALSE,0.48875,0,1,BC1_to_Trout=1; BC2_to_Salmon=1; BC3_to_Salmon=2; BC3_to_Trout=4; nonhybrid_Salmon=48; nonhybrid_Trout=44
1486,snps_20_sample_100_pop_1_ind_0.05,6,20,100,1,0.05,0.05,5,0.994079470779666,TRUE,6,94,TRUE,6,6,0,0,TRUE,FALSE,0.493,0,1,BC1_to_Salmon=2; BC1_to_Trout=1; BC3_to_Salmon=1; F1=1; F2=1; nonhybrid_Salmon=47; nonhybrid_Trout=47
1487,snps_20_sample_100_pop_1_ind_0.05,7,20,100,1,0.05,0.05,5,0.994079470779666,TRUE,3,97,TRUE,2,2,0,1,TRUE,FALSE,0.548,0,1,BC3_to_Trout=1; F2=2; nonhybrid_Salmon=44; nonhybrid_Trout=53
1488,snps_20_sample_100_pop_1_ind_0.05,8,20,100,1,0.05,0.05,5,0.994079470779666,TRUE,7,93,TRUE,7,7,0,0,TRUE,FALSE,0.42525,0,1,BC1_to_Trout=1; BC2_to_Salmon=2; BC2_to_Trout=1; F1=1; F2=2; nonhybrid_Salmon=54; nonhybrid_Trout=39
1489,snps_20_sample_100_pop_1_ind_0.05,9,20,100,1,0.05,0.05,5,0.994079470779666,TRUE,5,95,TRUE,4,4,0,1,TRUE,FALSE,0.48925,0,1,BC1_to_Trout=1; BC3_to_Salmon=1; BC3_to_Trout=1; F2=2; nonhybrid_Salmon=49; nonhybrid_Trout=46
1490,snps_20_sample_100_pop_1_ind_0.05,10,20,100,1,0.05,0.05,5,0.994079470779666,TRUE,7,93,TRUE,5,5,0,2,TRUE,FALSE,0.4895,0,1,BC1_to_Trout=1; BC2_to_Salmon=2; BC2_to_Trout=1; BC3_to_Salmon=2; BC3_to_Trout=1; nonhybrid_Salmon=47; nonhybrid_Trout=46
1491,snps_20_sample_100_pop_1_ind_0.1,1,20,100,1,0.1,0.1,10,0.9999734386011124,TRUE,9,91,TRUE,9,9,0,0,TRUE,FALSE,0.418,0,1,BC1_to_Salmon=2; BC1_to_Trout=1; BC2_to_Salmon=2; BC3_to_Salmon=4; nonhybrid_Salmon=51; nonhybrid_Trout=40
1492,snps_20_sample_100_pop_1_ind_0.1,2,20,100,1,0.1,0.1,10,0.9999734386011124,TRUE,14,86,TRUE,12,12,0,2,TRUE,FALSE,0.47725,0,1,BC1_to_Salmon=2; BC2_to_Salmon=1; BC3_to_Salmon=2; BC3_to_Trout=1; F1=7; F2=1; nonhybrid_Salmon=44; nonhybrid_Trout=42
1493,snps_20_sample_100_pop_1_ind_0.1,3,20,100,1,0.1,0.1,10,0.9999734386011124,TRUE,6,94,TRUE,5,5,0,1,TRUE,FALSE,0.4565,0,1,BC1_to_Trout=3; BC2_to_Trout=1; BC3_to_Salmon=1; F1=1; nonhybrid_Salmon=52; nonhybrid_Trout=42
1494,snps_20_sample_100_pop_1_ind_0.1,4,20,100,1,0.1,0.1,10,0.9999734386011124,TRUE,10,90,TRUE,8,8,0,2,TRUE,FALSE,0.49625,0,1,BC1_to_Salmon=1; BC2_to_Trout=2; BC3_to_Salmon=3; BC3_to_Trout=1; F1=2; F2=1; nonhybrid_Salmon=45; nonhybrid_Trout=45
1495,snps_20_sample_100_pop_1_ind_0.1,5,20,100,1,0.1,0.1,10,0.9999734386011124,TRUE,12,88,TRUE,9,9,0,3,TRUE,FALSE,0.4965,0,1,BC1_to_Salmon=2; BC1_to_Trout=3; BC2_to_Salmon=1; BC3_to_Salmon=1; BC3_to_Trout=3; F1=1; F2=1; nonhybrid_Salmon=45; nonhybrid_Trout=43
1496,snps_20_sample_100_pop_1_ind_0.1,6,20,100,1,0.1,0.1,10,0.9999734386011124,TRUE,11,89,TRUE,10,10,0,1,TRUE,FALSE,0.5225,0,1,BC1_to_Trout=1; BC2_to_Trout=5; BC3_to_Salmon=1; BC3_to_Trout=1; F2=3; nonhybrid_Salmon=44; nonhybrid_Trout=45
1497,snps_20_sample_100_pop_1_ind_0.1,7,20,100,1,0.1,0.1,10,0.9999734386011124,TRUE,12,88,TRUE,11,11,0,1,TRUE,FALSE,0.454,0,1,BC1_to_Trout=1; BC2_to_Salmon=1; BC2_to_Trout=1; BC3_to_Salmon=1; BC3_to_Trout=1; F1=4; F2=3; nonhybrid_Salmon=49; nonhybrid_Trout=39
1498,snps_20_sample_100_pop_1_ind_0.1,8,20,100,1,0.1,0.1,10,0.9999734386011124,TRUE,9,91,TRUE,8,8,0,1,TRUE,FALSE,0.4445,0,1,BC1_to_Salmon=2; BC1_to_Trout=1; BC3_to_Salmon=2; BC3_to_Trout=1; F1=1; F2=2; nonhybrid_Salmon=50; nonhybrid_Trout=41
1499,snps_20_sample_100_pop_1_ind_0.1,9,20,100,1,0.1,0.1,10,0.9999734386011124,TRUE,10,90,TRUE,8,8,0,2,TRUE,FALSE,0.4635,0,1,BC1_to_Salmon=4; BC2_to_Salmon=1; BC2_to_Trout=1; BC3_to_Salmon=2; BC3_to_Trout=1; F2=1; nonhybrid_Salmon=47; nonhybrid_Trout=43
1500,snps_20_sample_100_pop_1_ind_0.1,10,20,100,1,0.1,0.1,10,0.9999734386011124,TRUE,9,91,TRUE,8,8,0,1,TRUE,FALSE,0.51125,0,1,BC1_to_Salmon=2; BC1_to_Trout=2; BC2_to_Salmon=1; BC2_to_Trout=2; BC3_to_Trout=1; F2=1; nonhybrid_Salmon=45; nonhybrid_Trout=46
1501,snps_20_sample_100_pop_1_ind_0.25,1,20,100,1,0.25,0.25,25,0.9999999999996793,TRUE,25,75,TRUE,20,20,0,5,TRUE,FALSE,0.51325,0,1,BC1_to_Salmon=2; BC1_to_Trout=2; BC2_to_Salmon=3; BC2_to_Trout=6; BC3_to_Salmon=2; BC3_to_Trout=3; F1=3; F2=4; nonhybrid_Salmon=38; nonhybrid_Trout=37
1502,snps_20_sample_100_pop_1_ind_0.25,2,20,100,1,0.25,0.25,25,0.9999999999996793,TRUE,26,74,TRUE,21,21,0,5,TRUE,FALSE,0.56125,0,1,BC1_to_Salmon=5; BC1_to_Trout=5; BC2_to_Salmon=1; BC2_to_Trout=3; BC3_to_Salmon=2; BC3_to_Trout=5; F1=4; F2=1; nonhybrid_Salmon=33; nonhybrid_Trout=41
1503,snps_20_sample_100_pop_1_ind_0.25,3,20,100,1,0.25,0.25,25,0.9999999999996793,TRUE,23,77,TRUE,23,23,0,0,TRUE,FALSE,0.419,0,1,BC1_to_Salmon=2; BC1_to_Trout=3; BC2_to_Salmon=6; BC2_to_Trout=3; BC3_to_Salmon=1; BC3_to_Trout=1; F1=4; F2=3; nonhybrid_Salmon=46; nonhybrid_Trout=31
1504,snps_20_sample_100_pop_1_ind_0.25,4,20,100,1,0.25,0.25,25,0.9999999999996793,TRUE,22,78,TRUE,18,18,0,4,TRUE,FALSE,0.552,0,1,BC1_to_Salmon=1; BC1_to_Trout=3; BC2_to_Salmon=4; BC2_to_Trout=3; BC3_to_Trout=5; F1=3; F2=3; nonhybrid_Salmon=36; nonhybrid_Trout=42
1505,snps_20_sample_100_pop_1_ind_0.25,5,20,100,1,0.25,0.25,25,0.9999999999996793,TRUE,34,66,TRUE,30,30,0,4,TRUE,FALSE,0.52525,0,1,BC1_to_Salmon=5; BC1_to_Trout=3; BC2_to_Salmon=5; BC2_to_Trout=4; BC3_to_Salmon=4; BC3_to_Trout=3; F1=6; F2=4; nonhybrid_Salmon=29; nonhybrid_Trout=37
1506,snps_20_sample_100_pop_1_ind_0.25,6,20,100,1,0.25,0.25,25,0.9999999999996793,TRUE,28,72,TRUE,25,25,0,3,TRUE,FALSE,0.48525,0,1,BC1_to_Salmon=2; BC1_to_Trout=2; BC2_to_Salmon=5; BC2_to_Trout=4; BC3_to_Salmon=4; BC3_to_Trout=3; F1=6; F2=2; nonhybrid_Salmon=37; nonhybrid_Trout=35
1507,snps_20_sample_100_pop_1_ind_0.25,7,20,100,1,0.25,0.25,25,0.9999999999996793,TRUE,21,79,TRUE,19,19,0,2,TRUE,FALSE,0.4965,0,1,BC1_to_Salmon=2; BC1_to_Trout=6; BC2_to_Salmon=5; BC2_to_Trout=3; BC3_to_Salmon=2; BC3_to_Trout=1; F1=2; nonhybrid_Salmon=40; nonhybrid_Trout=39
1508,snps_20_sample_100_pop_1_ind_0.25,8,20,100,1,0.25,0.25,25,0.9999999999996793,TRUE,30,70,TRUE,19,19,0,11,TRUE,FALSE,0.46675,0,1,BC1_to_Salmon=3; BC1_to_Trout=2; BC2_to_Salmon=5; BC2_to_Trout=3; BC3_to_Salmon=7; BC3_to_Trout=6; F1=3; F2=1; nonhybrid_Salmon=37; nonhybrid_Trout=33
1509,snps_20_sample_100_pop_1_ind_0.25,9,20,100,1,0.25,0.25,25,0.9999999999996793,TRUE,23,77,TRUE,17,17,0,6,TRUE,FALSE,0.57925,0,1,BC1_to_Salmon=3; BC1_to_Trout=3; BC2_to_Salmon=3; BC2_to_Trout=3; BC3_to_Salmon=5; BC3_to_Trout=2; F1=2; F2=2; nonhybrid_Salmon=29; nonhybrid_Trout=48
1510,snps_20_sample_100_pop_1_ind_0.25,10,20,100,1,0.25,0.25,25,0.9999999999996793,TRUE,18,82,TRUE,15,15,0,3,TRUE,FALSE,0.3855,0,1,BC1_to_Salmon=5; BC1_to_Trout=1; BC2_to_Trout=3; BC3_to_Salmon=3; BC3_to_Trout=1; F1=5; nonhybrid_Salmon=52; nonhybrid_Trout=30
1511,snps_20_sample_100_pop_1_ind_0.5,1,20,100,1,0.5,0.5,50,1,TRUE,47,53,TRUE,37,37,0,10,TRUE,FALSE,0.506,0,1,BC1_to_Salmon=5; BC1_to_Trout=5; BC2_to_Salmon=5; BC2_to_Trout=6; BC3_to_Salmon=7; BC3_to_Trout=8; F1=6; F2=5; nonhybrid_Salmon=27; nonhybrid_Trout=26
1512,snps_20_sample_100_pop_1_ind_0.5,2,20,100,1,0.5,0.5,50,1,TRUE,50,50,TRUE,40,40,0,10,TRUE,FALSE,0.50775,0,1,BC1_to_Salmon=8; BC1_to_Trout=3; BC2_to_Salmon=3; BC2_to_Trout=9; BC3_to_Salmon=11; BC3_to_Trout=7; F1=6; F2=3; nonhybrid_Salmon=23; nonhybrid_Trout=27
1513,snps_20_sample_100_pop_1_ind_0.5,3,20,100,1,0.5,0.5,50,1,TRUE,48,52,TRUE,37,37,0,11,TRUE,FALSE,0.504,0,1,BC1_to_Salmon=10; BC1_to_Trout=1; BC2_to_Salmon=7; BC2_to_Trout=4; BC3_to_Salmon=6; BC3_to_Trout=8; F1=9; F2=3; nonhybrid_Salmon=23; nonhybrid_Trout=29
1514,snps_20_sample_100_pop_1_ind_0.5,4,20,100,1,0.5,0.5,50,1,TRUE,44,56,TRUE,35,35,0,9,TRUE,FALSE,0.49,0,1,BC1_to_Salmon=4; BC1_to_Trout=8; BC2_to_Salmon=7; BC2_to_Trout=7; BC3_to_Salmon=7; BC3_to_Trout=3; F1=5; F2=3; nonhybrid_Salmon=28; nonhybrid_Trout=28
1515,snps_20_sample_100_pop_1_ind_0.5,5,20,100,1,0.5,0.5,50,1,TRUE,50,50,TRUE,42,42,0,8,TRUE,FALSE,0.50125,0,1,BC1_to_Salmon=6; BC1_to_Trout=4; BC2_to_Salmon=5; BC2_to_Trout=9; BC3_to_Salmon=7; BC3_to_Trout=7; F1=7; F2=5; nonhybrid_Salmon=26; nonhybrid_Trout=24
1516,snps_20_sample_100_pop_1_ind_0.5,6,20,100,1,0.5,0.5,50,1,TRUE,47,53,TRUE,40,40,0,7,TRUE,FALSE,0.4635,0,1,BC1_to_Salmon=9; BC1_to_Trout=3; BC2_to_Salmon=10; BC2_to_Trout=9; BC3_to_Salmon=8; BC3_to_Trout=1; F1=4; F2=3; nonhybrid_Salmon=25; nonhybrid_Trout=28
1517,snps_20_sample_100_pop_1_ind_0.5,7,20,100,1,0.5,0.5,50,1,TRUE,47,53,TRUE,42,42,0,5,TRUE,FALSE,0.55125,0,1,BC1_to_Salmon=3; BC1_to_Trout=6; BC2_to_Salmon=7; BC2_to_Trout=2; BC3_to_Salmon=7; BC3_to_Trout=5; F1=6; F2=11; nonhybrid_Salmon=20; nonhybrid_Trout=33
1518,snps_20_sample_100_pop_1_ind_0.5,8,20,100,1,0.5,0.5,50,1,TRUE,53,47,TRUE,43,43,0,10,TRUE,FALSE,0.56175,0,1,BC1_to_Salmon=7; BC1_to_Trout=7; BC2_to_Salmon=6; BC2_to_Trout=8; BC3_to_Salmon=6; BC3_to_Trout=8; F1=4; F2=7; nonhybrid_Salmon=19; nonhybrid_Trout=28
1519,snps_20_sample_100_pop_1_ind_0.5,9,20,100,1,0.5,0.5,50,1,TRUE,59,41,TRUE,50,50,0,9,TRUE,FALSE,0.5195,0,1,BC1_to_Salmon=9; BC1_to_Trout=7; BC2_to_Salmon=4; BC2_to_Trout=9; BC3_to_Salmon=8; BC3_to_Trout=7; F1=5; F2=10; nonhybrid_Salmon=19; nonhybrid_Trout=22
1520,snps_20_sample_100_pop_1_ind_0.5,10,20,100,1,0.5,0.5,50,1,TRUE,46,54,TRUE,39,39,0,7,TRUE,FALSE,0.47125,0,1,BC1_to_Salmon=7; BC1_to_Trout=8; BC2_to_Salmon=8; BC2_to_Trout=4; BC3_to_Salmon=4; BC3_to_Trout=6; F1=3; F2=6; nonhybrid_Salmon=29; nonhybrid_Trout=25
1521,snps_20_sample_100_pop_1_ind_0.75,1,20,100,1,0.75,0.75,75,1,TRUE,74,26,TRUE,64,64,0,10,TRUE,FALSE,0.50225,0,1,BC1_to_Salmon=9; BC1_to_Trout=11; BC2_to_Salmon=7; BC2_to_Trout=13; BC3_to_Salmon=11; BC3_to_Trout=8; F1=7; F2=8; nonhybrid_Salmon=14; nonhybrid_Trout=12
1522,snps_20_sample_100_pop_1_ind_0.75,2,20,100,1,0.75,0.75,75,1,TRUE,79,21,TRUE,74,74,0,5,TRUE,FALSE,0.54975,0,1,BC1_to_Salmon=11; BC1_to_Trout=11; BC2_to_Salmon=9; BC2_to_Trout=15; BC3_to_Salmon=3; BC3_to_Trout=8; F1=14; F2=8; nonhybrid_Salmon=10; nonhybrid_Trout=11
1523,snps_20_sample_100_pop_1_ind_0.75,3,20,100,1,0.75,0.75,75,1,TRUE,74,26,TRUE,64,64,0,10,TRUE,FALSE,0.42775,0,1,BC1_to_Salmon=15; BC1_to_Trout=6; BC2_to_Salmon=16; BC2_to_Trout=8; BC3_to_Salmon=10; BC3_to_Trout=3; F1=9; F2=7; nonhybrid_Salmon=11; nonhybrid_Trout=15
1524,snps_20_sample_100_pop_1_ind_0.75,4,20,100,1,0.75,0.75,75,1,TRUE,82,18,TRUE,68,68,0,14,TRUE,FALSE,0.42875,0,1,BC1_to_Salmon=11; BC1_to_Trout=14; BC2_to_Salmon=16; BC2_to_Trout=8; BC3_to_Salmon=6; BC3_to_Trout=9; F1=10; F2=8; nonhybrid_Salmon=15; nonhybrid_Trout=3
1525,snps_20_sample_100_pop_1_ind_0.75,5,20,100,1,0.75,0.75,75,1,TRUE,73,27,TRUE,66,66,0,7,TRUE,FALSE,0.569,0,1,BC1_to_Salmon=9; BC1_to_Trout=16; BC2_to_Salmon=6; BC2_to_Trout=15; BC3_to_Salmon=9; BC3_to_Trout=7; F1=5; F2=6; nonhybrid_Salmon=11; nonhybrid_Trout=16
1526,snps_20_sample_100_pop_1_ind_0.75,6,20,100,1,0.75,0.75,75,1,TRUE,82,18,TRUE,68,68,0,14,TRUE,FALSE,0.45,0,1,BC1_to_Salmon=14; BC1_to_Trout=8; BC2_to_Salmon=12; BC2_to_Trout=8; BC3_to_Salmon=14; BC3_to_Trout=8; F1=10; F2=8; nonhybrid_Salmon=9; nonhybrid_Trout=9
1527,snps_20_sample_100_pop_1_ind_0.75,7,20,100,1,0.75,0.75,75,1,TRUE,73,27,TRUE,63,63,0,10,TRUE,FALSE,0.4455,0,1,BC1_to_Salmon=10; BC1_to_Trout=10; BC2_to_Salmon=7; BC2_to_Trout=5; BC3_to_Salmon=8; BC3_to_Trout=7; F1=13; F2=13; nonhybrid_Salmon=18; nonhybrid_Trout=9
1528,snps_20_sample_100_pop_1_ind_0.75,8,20,100,1,0.75,0.75,75,1,TRUE,81,19,TRUE,68,68,0,13,TRUE,FALSE,0.46675,0,1,BC1_to_Salmon=15; BC1_to_Trout=9; BC2_to_Salmon=9; BC2_to_Trout=9; BC3_to_Salmon=8; BC3_to_Trout=9; F1=9; F2=13; nonhybrid_Salmon=12; nonhybrid_Trout=7
1529,snps_20_sample_100_pop_1_ind_0.75,9,20,100,1,0.75,0.75,75,1,TRUE,82,18,TRUE,70,70,0,12,TRUE,FALSE,0.4865,0,1,BC1_to_Salmon=11; BC1_to_Trout=8; BC2_to_Salmon=11; BC2_to_Trout=10; BC3_to_Salmon=9; BC3_to_Trout=14; F1=11; F2=8; nonhybrid_Salmon=12; nonhybrid_Trout=6
1530,snps_20_sample_100_pop_1_ind_0.75,10,20,100,1,0.75,0.75,75,1,TRUE,78,22,TRUE,68,68,0,10,TRUE,FALSE,0.49775,0,1,BC1_to_Salmon=10; BC1_to_Trout=10; BC2_to_Salmon=12; BC2_to_Trout=8; BC3_to_Salmon=10; BC3_to_Trout=7; F1=12; F2=9; nonhybrid_Salmon=8; nonhybrid_Trout=14
1531,snps_20_sample_100_pop_1_ind_1,1,20,100,1,1,1,100,1,TRUE,100,0,TRUE,84,84,0,16,TRUE,FALSE,0.46875,0,0.975,BC1_to_Salmon=6; BC1_to_Trout=15; BC2_to_Salmon=14; BC2_to_Trout=10; BC3_to_Salmon=20; BC3_to_Trout=10; F1=12; F2=13
1532,snps_20_sample_100_pop_1_ind_1,2,20,100,1,1,1,100,1,TRUE,100,0,TRUE,86,86,0,14,TRUE,FALSE,0.4725,0,1,BC1_to_Salmon=14; BC1_to_Trout=10; BC2_to_Salmon=14; BC2_to_Trout=13; BC3_to_Salmon=14; BC3_to_Trout=11; F1=16; F2=8
1533,snps_20_sample_100_pop_1_ind_1,3,20,100,1,1,1,100,1,TRUE,100,0,TRUE,84,84,0,16,TRUE,FALSE,0.5135,0,0.975,BC1_to_Salmon=11; BC1_to_Trout=8; BC2_to_Salmon=13; BC2_to_Trout=6; BC3_to_Salmon=5; BC3_to_Trout=16; F1=16; F2=25
1534,snps_20_sample_100_pop_1_ind_1,4,20,100,1,1,1,100,1,TRUE,100,0,TRUE,78,78,0,22,TRUE,FALSE,0.49974999999999997,0.025,1,BC1_to_Salmon=7; BC1_to_Trout=9; BC2_to_Salmon=16; BC2_to_Trout=9; BC3_to_Salmon=15; BC3_to_Trout=20; F1=17; F2=7
1535,snps_20_sample_100_pop_1_ind_1,5,20,100,1,1,1,100,1,TRUE,100,0,TRUE,88,88,0,12,TRUE,FALSE,0.5305,0.025,0.975,BC1_to_Salmon=14; BC1_to_Trout=14; BC2_to_Salmon=14; BC2_to_Trout=15; BC3_to_Salmon=6; BC3_to_Trout=13; F1=5; F2=19
1536,snps_20_sample_100_pop_1_ind_1,6,20,100,1,1,1,100,1,TRUE,100,0,TRUE,84,84,0,16,TRUE,FALSE,0.46875,0,1,BC1_to_Salmon=10; BC1_to_Trout=9; BC2_to_Salmon=13; BC2_to_Trout=15; BC3_to_Salmon=17; BC3_to_Trout=9; F1=18; F2=9
1537,snps_20_sample_100_pop_1_ind_1,7,20,100,1,1,1,100,1,TRUE,100,0,TRUE,84,84,0,16,TRUE,FALSE,0.48875,0.025,0.975,BC1_to_Salmon=11; BC1_to_Trout=14; BC2_to_Salmon=10; BC2_to_Trout=11; BC3_to_Salmon=17; BC3_to_Trout=11; F1=14; F2=12
1538,snps_20_sample_100_pop_1_ind_1,8,20,100,1,1,1,100,1,TRUE,100,0,TRUE,75,75,0,25,TRUE,FALSE,0.5375,0,1,BC1_to_Salmon=5; BC1_to_Trout=8; BC2_to_Salmon=10; BC2_to_Trout=11; BC3_to_Salmon=17; BC3_to_Trout=21; F1=16; F2=12
1539,snps_20_sample_100_pop_1_ind_1,9,20,100,1,1,1,100,1,TRUE,100,0,TRUE,87,87,0,13,TRUE,FALSE,0.47625,0,0.975,BC1_to_Salmon=11; BC1_to_Trout=14; BC2_to_Salmon=14; BC2_to_Trout=13; BC3_to_Salmon=13; BC3_to_Trout=8; F1=14; F2=13
1540,snps_20_sample_100_pop_1_ind_1,10,20,100,1,1,1,100,1,TRUE,100,0,TRUE,83,83,0,17,TRUE,FALSE,0.44825,0,0.975,BC1_to_Salmon=10; BC1_to_Trout=7; BC2_to_Salmon=18; BC2_to_Trout=12; BC3_to_Salmon=18; BC3_to_Trout=13; F1=12; F2=10
1541,snps_20_sample_200_pop_1_ind_0,1,20,200,1,0,0,0,0,TRUE,0,200,FALSE,0,0,0,0,FALSE,FALSE,0.44,0,1,nonhybrid_Salmon=112; nonhybrid_Trout=88
1542,snps_20_sample_200_pop_1_ind_0,2,20,200,1,0,0,0,0,TRUE,0,200,FALSE,0,0,0,0,FALSE,FALSE,0.505,0,1,nonhybrid_Salmon=99; nonhybrid_Trout=101
1543,snps_20_sample_200_pop_1_ind_0,3,20,200,1,0,0,0,0,TRUE,0,200,FALSE,0,0,0,0,FALSE,FALSE,0.445,0,1,nonhybrid_Salmon=111; nonhybrid_Trout=89
1544,snps_20_sample_200_pop_1_ind_0,4,20,200,1,0,0,0,0,TRUE,0,200,FALSE,0,0,0,0,FALSE,FALSE,0.485,0,1,nonhybrid_Salmon=103; nonhybrid_Trout=97
1545,snps_20_sample_200_pop_1_ind_0,5,20,200,1,0,0,0,0,TRUE,0,200,FALSE,0,0,0,0,FALSE,FALSE,0.405,0,1,nonhybrid_Salmon=119; nonhybrid_Trout=81
1546,snps_20_sample_200_pop_1_ind_0,6,20,200,1,0,0,0,0,TRUE,0,200,FALSE,0,0,0,0,FALSE,FALSE,0.455,0,1,nonhybrid_Salmon=109; nonhybrid_Trout=91
1547,snps_20_sample_200_pop_1_ind_0,7,20,200,1,0,0,0,0,TRUE,0,200,FALSE,0,0,0,0,FALSE,FALSE,0.5,0,1,nonhybrid_Salmon=100; nonhybrid_Trout=100
1548,snps_20_sample_200_pop_1_ind_0,8,20,200,1,0,0,0,0,TRUE,0,200,FALSE,0,0,0,0,FALSE,FALSE,0.525,0,1,nonhybrid_Salmon=95; nonhybrid_Trout=105
1549,snps_20_sample_200_pop_1_ind_0,9,20,200,1,0,0,0,0,TRUE,0,200,FALSE,0,0,0,0,FALSE,FALSE,0.505,0,1,nonhybrid_Salmon=99; nonhybrid_Trout=101
1550,snps_20_sample_200_pop_1_ind_0,10,20,200,1,0,0,0,0,TRUE,0,200,FALSE,0,0,0,0,FALSE,FALSE,0.505,0,1,nonhybrid_Salmon=99; nonhybrid_Trout=101
1551,snps_20_sample_200_pop_1_ind_0.001,1,20,200,1,0.001,0.001,0.2,0.1813511705213644,TRUE,1,199,TRUE,0,0,0,1,FALSE,FALSE,0.504875,0,1,BC3_to_Trout=1; nonhybrid_Salmon=99; nonhybrid_Trout=100
1552,snps_20_sample_200_pop_1_ind_0.001,2,20,200,1,0.001,0.001,0.2,0.1813511705213644,TRUE,0,200,FALSE,0,0,0,0,FALSE,FALSE,0.45,0,1,nonhybrid_Salmon=110; nonhybrid_Trout=90
1553,snps_20_sample_200_pop_1_ind_0.001,3,20,200,1,0.001,0.001,0.2,0.1813511705213644,TRUE,0,200,FALSE,0,0,0,0,FALSE,FALSE,0.52,0,1,nonhybrid_Salmon=96; nonhybrid_Trout=104
1554,snps_20_sample_200_pop_1_ind_0.001,4,20,200,1,0.001,0.001,0.2,0.1813511705213644,TRUE,0,200,FALSE,0,0,0,0,FALSE,FALSE,0.515,0,1,nonhybrid_Salmon=97; nonhybrid_Trout=103
1555,snps_20_sample_200_pop_1_ind_0.001,5,20,200,1,0.001,0.001,0.2,0.1813511705213644,TRUE,1,199,TRUE,1,1,0,0,TRUE,FALSE,0.5375,0,1,F1=1; nonhybrid_Salmon=92; nonhybrid_Trout=107
1556,snps_20_sample_200_pop_1_ind_0.001,6,20,200,1,0.001,0.001,0.2,0.1813511705213644,TRUE,0,200,FALSE,0,0,0,0,FALSE,FALSE,0.47,0,1,nonhybrid_Salmon=106; nonhybrid_Trout=94
1557,snps_20_sample_200_pop_1_ind_0.001,7,20,200,1,0.001,0.001,0.2,0.1813511705213644,TRUE,0,200,FALSE,0,0,0,0,FALSE,FALSE,0.575,0,1,nonhybrid_Salmon=85; nonhybrid_Trout=115
1558,snps_20_sample_200_pop_1_ind_0.001,8,20,200,1,0.001,0.001,0.2,0.1813511705213644,TRUE,0,200,FALSE,0,0,0,0,FALSE,FALSE,0.485,0,1,nonhybrid_Salmon=103; nonhybrid_Trout=97
1559,snps_20_sample_200_pop_1_ind_0.001,9,20,200,1,0.001,0.001,0.2,0.1813511705213644,TRUE,0,200,FALSE,0,0,0,0,FALSE,FALSE,0.52,0,1,nonhybrid_Salmon=96; nonhybrid_Trout=104
1560,snps_20_sample_200_pop_1_ind_0.001,10,20,200,1,0.001,0.001,0.2,0.1813511705213644,TRUE,0,200,FALSE,0,0,0,0,FALSE,FALSE,0.495,0,1,nonhybrid_Salmon=101; nonhybrid_Trout=99
1561,snps_20_sample_200_pop_1_ind_0.005,1,20,200,1,0.005,0.005,1,0.6330421782738329,TRUE,1,199,TRUE,1,1,0,0,TRUE,FALSE,0.49375,0,1,BC1_to_Trout=1; nonhybrid_Salmon=101; nonhybrid_Trout=98
1562,snps_20_sample_200_pop_1_ind_0.005,2,20,200,1,0.005,0.005,1,0.6330421782738329,TRUE,2,198,TRUE,2,2,0,0,TRUE,FALSE,0.51,0,1,F1=2; nonhybrid_Salmon=97; nonhybrid_Trout=101
1563,snps_20_sample_200_pop_1_ind_0.005,3,20,200,1,0.005,0.005,1,0.6330421782738329,TRUE,3,197,TRUE,3,3,0,0,TRUE,FALSE,0.502625,0,1,BC2_to_Salmon=1; BC3_to_Trout=1; F2=1; nonhybrid_Salmon=98; nonhybrid_Trout=99
1564,snps_20_sample_200_pop_1_ind_0.005,4,20,200,1,0.005,0.005,1,0.6330421782738329,TRUE,2,198,TRUE,2,2,0,0,TRUE,FALSE,0.5105,0,1,BC1_to_Trout=1; F2=1; nonhybrid_Salmon=97; nonhybrid_Trout=101
1565,snps_20_sample_200_pop_1_ind_0.005,5,20,200,1,0.005,0.005,1,0.6330421782738329,TRUE,0,200,FALSE,0,0,0,0,FALSE,FALSE,0.53,0,1,nonhybrid_Salmon=94; nonhybrid_Trout=106
1566,snps_20_sample_200_pop_1_ind_0.005,6,20,200,1,0.005,0.005,1,0.6330421782738329,TRUE,2,198,TRUE,2,2,0,0,TRUE,FALSE,0.533375,0,1,BC1_to_Trout=1; BC2_to_Trout=1; nonhybrid_Salmon=93; nonhybrid_Trout=105
1567,snps_20_sample_200_pop_1_ind_0.005,7,20,200,1,0.005,0.005,1,0.6330421782738329,TRUE,4,196,TRUE,2,2,0,2,TRUE,FALSE,0.49475,0,1,BC2_to_Salmon=1; BC2_to_Trout=1; BC3_to_Trout=2; nonhybrid_Salmon=100; nonhybrid_Trout=96
1568,snps_20_sample_200_pop_1_ind_0.005,8,20,200,1,0.005,0.005,1,0.6330421782738329,TRUE,1,199,TRUE,1,1,0,0,TRUE,FALSE,0.567625,0,1,F2=1; nonhybrid_Salmon=86; nonhybrid_Trout=113
1569,snps_20_sample_200_pop_1_ind_0.005,9,20,200,1,0.005,0.005,1,0.6330421782738329,TRUE,2,198,TRUE,2,2,0,0,TRUE,FALSE,0.494,0,1,BC1_to_Trout=1; BC3_to_Salmon=1; nonhybrid_Salmon=100; nonhybrid_Trout=98
1570,snps_20_sample_200_pop_1_ind_0.005,10,20,200,1,0.005,0.005,1,0.6330421782738329,TRUE,2,198,TRUE,1,1,0,1,TRUE,FALSE,0.475875,0,1,BC2_to_Salmon=1; BC3_to_Salmon=1; nonhybrid_Salmon=103; nonhybrid_Trout=95
1571,snps_20_sample_200_pop_1_ind_0.01,1,20,200,1,0.01,0.01,2,0.8660203251420383,TRUE,4,196,TRUE,3,3,0,1,TRUE,FALSE,0.588625,0,1,BC1_to_Salmon=1; BC1_to_Trout=1; BC2_to_Trout=1; BC3_to_Salmon=1; nonhybrid_Salmon=80; nonhybrid_Trout=116
1572,snps_20_sample_200_pop_1_ind_0.01,2,20,200,1,0.01,0.01,2,0.8660203251420383,TRUE,4,196,TRUE,4,4,0,0,TRUE,FALSE,0.49725,0,1,BC1_to_Trout=1; BC2_to_Trout=1; BC3_to_Trout=2; nonhybrid_Salmon=100; nonhybrid_Trout=96
1573,snps_20_sample_200_pop_1_ind_0.01,3,20,200,1,0.01,0.01,2,0.8660203251420383,TRUE,5,195,TRUE,4,4,0,1,TRUE,FALSE,0.457875,0,1,BC1_to_Trout=2; BC3_to_Trout=1; F1=1; F2=1; nonhybrid_Salmon=107; nonhybrid_Trout=88
1574,snps_20_sample_200_pop_1_ind_0.01,4,20,200,1,0.01,0.01,2,0.8660203251420383,TRUE,2,198,TRUE,2,2,0,0,TRUE,FALSE,0.492625,0,1,BC2_to_Trout=1; F2=1; nonhybrid_Salmon=101; nonhybrid_Trout=97
1575,snps_20_sample_200_pop_1_ind_0.01,5,20,200,1,0.01,0.01,2,0.8660203251420383,TRUE,3,197,TRUE,3,3,0,0,TRUE,FALSE,0.47625,0,1,BC1_to_Salmon=1; F1=2; nonhybrid_Salmon=103; nonhybrid_Trout=94
1576,snps_20_sample_200_pop_1_ind_0.01,6,20,200,1,0.01,0.01,2,0.8660203251420383,TRUE,0,200,FALSE,0,0,0,0,FALSE,FALSE,0.545,0,1,nonhybrid_Salmon=91; nonhybrid_Trout=109
1577,snps_20_sample_200_pop_1_ind_0.01,7,20,200,1,0.01,0.01,2,0.8660203251420383,TRUE,1,199,TRUE,0,0,0,1,FALSE,FALSE,0.55,0,1,BC3_to_Salmon=1; nonhybrid_Salmon=89; nonhybrid_Trout=110
1578,snps_20_sample_200_pop_1_ind_0.01,8,20,200,1,0.01,0.01,2,0.8660203251420383,TRUE,1,199,TRUE,1,1,0,0,TRUE,FALSE,0.51425,0,1,BC2_to_Trout=1; nonhybrid_Salmon=97; nonhybrid_Trout=102
1579,snps_20_sample_200_pop_1_ind_0.01,9,20,200,1,0.01,0.01,2,0.8660203251420383,TRUE,4,196,TRUE,4,4,0,0,TRUE,FALSE,0.521125,0,1,BC1_to_Salmon=1; BC1_to_Trout=1; BC2_to_Salmon=2; nonhybrid_Salmon=93; nonhybrid_Trout=103
1580,snps_20_sample_200_pop_1_ind_0.01,10,20,200,1,0.01,0.01,2,0.8660203251420383,TRUE,6,194,TRUE,4,4,0,2,TRUE,FALSE,0.49675,0,1,BC2_to_Salmon=1; BC2_to_Trout=1; BC3_to_Salmon=1; BC3_to_Trout=2; F2=1; nonhybrid_Salmon=98; nonhybrid_Trout=96
1581,snps_20_sample_200_pop_1_ind_0.025,1,20,200,1,0.025,0.025,5,0.9936770006130294,TRUE,6,194,TRUE,5,5,0,1,TRUE,FALSE,0.51275,0,1,BC1_to_Trout=2; BC2_to_Trout=1; BC3_to_Salmon=2; BC3_to_Trout=1; nonhybrid_Salmon=95; nonhybrid_Trout=99
1582,snps_20_sample_200_pop_1_ind_0.025,2,20,200,1,0.025,0.025,5,0.9936770006130294,TRUE,5,195,TRUE,4,4,0,1,TRUE,FALSE,0.51175,0,1,BC2_to_Salmon=1; BC3_to_Salmon=2; F2=2; nonhybrid_Salmon=94; nonhybrid_Trout=101
1583,snps_20_sample_200_pop_1_ind_0.025,3,20,200,1,0.025,0.025,5,0.9936770006130294,TRUE,5,195,TRUE,4,4,0,1,TRUE,FALSE,0.536125,0,1,BC1_to_Salmon=2; BC2_to_Salmon=1; BC3_to_Salmon=1; F1=1; nonhybrid_Salmon=89; nonhybrid_Trout=106
1584,snps_20_sample_200_pop_1_ind_0.025,4,20,200,1,0.025,0.025,5,0.9936770006130294,TRUE,5,195,TRUE,5,5,0,0,TRUE,FALSE,0.47725,0,1,BC2_to_Salmon=1; BC2_to_Trout=1; BC3_to_Trout=2; F2=1; nonhybrid_Salmon=103; nonhybrid_Trout=92
1585,snps_20_sample_200_pop_1_ind_0.025,5,20,200,1,0.025,0.025,5,0.9936770006130294,TRUE,2,198,TRUE,1,1,0,1,TRUE,FALSE,0.50275,0,1,BC2_to_Salmon=1; F1=1; nonhybrid_Salmon=98; nonhybrid_Trout=100
1586,snps_20_sample_200_pop_1_ind_0.025,6,20,200,1,0.025,0.025,5,0.9936770006130294,TRUE,4,196,TRUE,2,2,0,2,TRUE,FALSE,0.502,0,1,BC2_to_Trout=1; BC3_to_Salmon=1; BC3_to_Trout=1; F1=1; nonhybrid_Salmon=98; nonhybrid_Trout=98
1587,snps_20_sample_200_pop_1_ind_0.025,7,20,200,1,0.025,0.025,5,0.9936770006130294,TRUE,3,197,TRUE,3,3,0,0,TRUE,FALSE,0.508875,0,1,BC2_to_Salmon=2; F2=1; nonhybrid_Salmon=96; nonhybrid_Trout=101
1588,snps_20_sample_200_pop_1_ind_0.025,8,20,200,1,0.025,0.025,5,0.9936770006130294,TRUE,6,194,TRUE,4,4,0,2,TRUE,FALSE,0.4955,0,1,BC1_to_Trout=1; BC2_to_Trout=1; BC3_to_Salmon=2; BC3_to_Trout=1; F2=1; nonhybrid_Salmon=98; nonhybrid_Trout=96
1589,snps_20_sample_200_pop_1_ind_0.025,9,20,200,1,0.025,0.025,5,0.9936770006130294,TRUE,5,195,TRUE,5,5,0,0,TRUE,FALSE,0.609125,0,1,BC1_to_Salmon=1; BC1_to_Trout=1; BC2_to_Trout=1; F1=1; F2=1; nonhybrid_Salmon=76; nonhybrid_Trout=119
1590,snps_20_sample_200_pop_1_ind_0.025,10,20,200,1,0.025,0.025,5,0.9936770006130294,TRUE,5,195,TRUE,5,5,0,0,TRUE,FALSE,0.50525,0,1,BC1_to_Trout=2; BC2_to_Trout=1; BC3_to_Salmon=1; F2=1; nonhybrid_Salmon=97; nonhybrid_Trout=98
1591,snps_20_sample_200_pop_1_ind_0.05,1,20,200,1,0.05,0.05,10,0.9999649473337512,TRUE,8,192,TRUE,6,6,0,2,TRUE,FALSE,0.414,0,1,BC1_to_Salmon=1; BC2_to_Salmon=4; BC3_to_Trout=1; F2=2; nonhybrid_Salmon=112; nonhybrid_Trout=80
1592,snps_20_sample_200_pop_1_ind_0.05,2,20,200,1,0.05,0.05,10,0.9999649473337512,TRUE,9,191,TRUE,8,8,0,1,TRUE,FALSE,0.474375,0,1,BC1_to_Salmon=2; BC1_to_Trout=3; BC2_to_Salmon=1; BC2_to_Trout=1; BC3_to_Salmon=2; nonhybrid_Salmon=100; nonhybrid_Trout=91
1593,snps_20_sample_200_pop_1_ind_0.05,3,20,200,1,0.05,0.05,10,0.9999649473337512,TRUE,12,188,TRUE,10,10,0,2,TRUE,FALSE,0.4655,0,1,BC1_to_Salmon=1; BC1_to_Trout=4; BC2_to_Salmon=5; BC3_to_Trout=1; F1=1; nonhybrid_Salmon=100; nonhybrid_Trout=88
1594,snps_20_sample_200_pop_1_ind_0.05,4,20,200,1,0.05,0.05,10,0.9999649473337512,TRUE,11,189,TRUE,8,8,0,3,TRUE,FALSE,0.513625,0,1,BC1_to_Trout=5; BC2_to_Trout=1; BC3_to_Salmon=2; BC3_to_Trout=1; F1=1; F2=1; nonhybrid_Salmon=93; nonhybrid_Trout=96
1595,snps_20_sample_200_pop_1_ind_0.05,5,20,200,1,0.05,0.05,10,0.9999649473337512,TRUE,6,194,TRUE,3,3,0,3,TRUE,FALSE,0.56125,0,1,BC1_to_Trout=1; BC2_to_Trout=1; BC3_to_Salmon=1; BC3_to_Trout=2; F1=1; nonhybrid_Salmon=86; nonhybrid_Trout=108
1596,snps_20_sample_200_pop_1_ind_0.05,6,20,200,1,0.05,0.05,10,0.9999649473337512,TRUE,3,197,TRUE,3,3,0,0,TRUE,FALSE,0.493625,0,1,BC2_to_Trout=3; nonhybrid_Salmon=101; nonhybrid_Trout=96
1597,snps_20_sample_200_pop_1_ind_0.05,7,20,200,1,0.05,0.05,10,0.9999649473337512,TRUE,18,182,TRUE,15,15,0,3,TRUE,FALSE,0.557,0,1,BC1_to_Salmon=4; BC1_to_Trout=1; BC2_to_Salmon=3; BC2_to_Trout=1; BC3_to_Salmon=1; BC3_to_Trout=2; F1=4; F2=2; nonhybrid_Salmon=79; nonhybrid_Trout=103
1598,snps_20_sample_200_pop_1_ind_0.05,8,20,200,1,0.05,0.05,10,0.9999649473337512,TRUE,11,189,TRUE,9,9,0,2,TRUE,FALSE,0.512375,0,1,BC1_to_Salmon=1; BC2_to_Salmon=2; BC2_to_Trout=1; BC3_to_Trout=4; F1=2; F2=1; nonhybrid_Salmon=93; nonhybrid_Trout=96
1599,snps_20_sample_200_pop_1_ind_0.05,9,20,200,1,0.05,0.05,10,0.9999649473337512,TRUE,10,190,TRUE,6,6,0,4,TRUE,FALSE,0.506625,0,1,BC1_to_Salmon=1; BC1_to_Trout=1; BC2_to_Salmon=1; BC3_to_Salmon=3; BC3_to_Trout=2; F2=2; nonhybrid_Salmon=93; nonhybrid_Trout=97
1600,snps_20_sample_200_pop_1_ind_0.05,10,20,200,1,0.05,0.05,10,0.9999649473337512,TRUE,10,190,TRUE,10,10,0,0,TRUE,FALSE,0.482,0,1,BC1_to_Salmon=2; BC1_to_Trout=1; BC2_to_Salmon=1; BC2_to_Trout=3; F1=1; F2=2; nonhybrid_Salmon=99; nonhybrid_Trout=91
1601,snps_20_sample_200_pop_1_ind_0.1,1,20,200,1,0.1,0.1,20,0.9999999992944921,TRUE,19,181,TRUE,18,18,0,1,TRUE,FALSE,0.5505,0,1,BC1_to_Salmon=3; BC1_to_Trout=3; BC2_to_Salmon=3; BC2_to_Trout=1; BC3_to_Trout=1; F1=7; F2=1; nonhybrid_Salmon=80; nonhybrid_Trout=101
1602,snps_20_sample_200_pop_1_ind_0.1,2,20,200,1,0.1,0.1,20,0.9999999992944921,TRUE,14,186,TRUE,12,12,0,2,TRUE,FALSE,0.494,0,1,BC1_to_Salmon=2; BC1_to_Trout=1; BC2_to_Salmon=2; BC2_to_Trout=1; BC3_to_Salmon=1; BC3_to_Trout=2; F1=2; F2=3; nonhybrid_Salmon=94; nonhybrid_Trout=92
1603,snps_20_sample_200_pop_1_ind_0.1,3,20,200,1,0.1,0.1,20,0.9999999992944921,TRUE,21,179,TRUE,16,16,0,5,TRUE,FALSE,0.5045,0,1,BC1_to_Salmon=2; BC1_to_Trout=4; BC2_to_Salmon=2; BC2_to_Trout=2; BC3_to_Salmon=3; BC3_to_Trout=7; F1=1; nonhybrid_Salmon=91; nonhybrid_Trout=88
1604,snps_20_sample_200_pop_1_ind_0.1,4,20,200,1,0.1,0.1,20,0.9999999992944921,TRUE,17,183,TRUE,15,15,0,2,TRUE,FALSE,0.47325,0,1,BC1_to_Salmon=3; BC1_to_Trout=1; BC2_to_Salmon=2; BC2_to_Trout=4; BC3_to_Salmon=2; BC3_to_Trout=2; F1=2; F2=1; nonhybrid_Salmon=97; nonhybrid_Trout=86
1605,snps_20_sample_200_pop_1_ind_0.1,5,20,200,1,0.1,0.1,20,0.9999999992944921,TRUE,12,188,TRUE,10,10,0,2,TRUE,FALSE,0.508,0,1,BC1_to_Trout=1; BC2_to_Salmon=3; BC2_to_Trout=1; BC3_to_Salmon=1; BC3_to_Trout=3; F1=3; nonhybrid_Salmon=93; nonhybrid_Trout=95
1606,snps_20_sample_200_pop_1_ind_0.1,6,20,200,1,0.1,0.1,20,0.9999999992944921,TRUE,16,184,TRUE,14,14,0,2,TRUE,FALSE,0.481875,0,1,BC1_to_Trout=4; BC2_to_Salmon=1; BC2_to_Trout=3; BC3_to_Salmon=1; BC3_to_Trout=2; F1=3; F2=2; nonhybrid_Salmon=98; nonhybrid_Trout=86
1607,snps_20_sample_200_pop_1_ind_0.1,7,20,200,1,0.1,0.1,20,0.9999999992944921,TRUE,17,183,TRUE,15,15,0,2,TRUE,FALSE,0.535125,0,1,BC1_to_Salmon=1; BC1_to_Trout=2; BC2_to_Salmon=4; BC2_to_Trout=2; BC3_to_Salmon=1; BC3_to_Trout=1; F1=3; F2=3; nonhybrid_Salmon=84; nonhybrid_Trout=99
1608,snps_20_sample_200_pop_1_ind_0.1,8,20,200,1,0.1,0.1,20,0.9999999992944921,TRUE,13,187,TRUE,10,10,0,3,TRUE,FALSE,0.484,0,1,BC1_to_Salmon=1; BC1_to_Trout=2; BC2_to_Salmon=2; BC2_to_Trout=3; BC3_to_Salmon=1; BC3_to_Trout=2; F1=1; F2=1; nonhybrid_Salmon=98; nonhybrid_Trout=89
1609,snps_20_sample_200_pop_1_ind_0.1,9,20,200,1,0.1,0.1,20,0.9999999992944921,TRUE,19,181,TRUE,17,17,0,2,TRUE,FALSE,0.484875,0,1,BC1_to_Salmon=5; BC1_to_Trout=2; BC2_to_Trout=2; BC3_to_Salmon=3; BC3_to_Trout=3; F1=3; F2=1; nonhybrid_Salmon=94; nonhybrid_Trout=87
1610,snps_20_sample_200_pop_1_ind_0.1,10,20,200,1,0.1,0.1,20,0.9999999992944921,TRUE,15,185,TRUE,14,14,0,1,TRUE,FALSE,0.497375,0,1,BC1_to_Trout=4; BC2_to_Salmon=2; BC2_to_Trout=2; BC3_to_Salmon=2; F1=2; F2=3; nonhybrid_Salmon=93; nonhybrid_Trout=92
1611,snps_20_sample_200_pop_1_ind_0.25,1,20,200,1,0.25,0.25,50,1,TRUE,41,159,TRUE,37,37,0,4,TRUE,FALSE,0.478375,0,1,BC1_to_Salmon=10; BC1_to_Trout=12; BC2_to_Salmon=5; BC2_to_Trout=1; BC3_to_Salmon=5; BC3_to_Trout=1; F1=3; F2=4; nonhybrid_Salmon=81; nonhybrid_Trout=78
1612,snps_20_sample_200_pop_1_ind_0.25,2,20,200,1,0.25,0.25,50,1,TRUE,56,144,TRUE,47,47,0,9,TRUE,FALSE,0.466875,0,1,BC1_to_Salmon=7; BC1_to_Trout=6; BC2_to_Salmon=9; BC2_to_Trout=5; BC3_to_Salmon=7; BC3_to_Trout=5; F1=12; F2=5; nonhybrid_Salmon=76; nonhybrid_Trout=68
1613,snps_20_sample_200_pop_1_ind_0.25,3,20,200,1,0.25,0.25,50,1,TRUE,49,151,TRUE,42,42,0,7,TRUE,FALSE,0.539,0,1,BC1_to_Salmon=3; BC1_to_Trout=6; BC2_to_Salmon=7; BC2_to_Trout=7; BC3_to_Salmon=7; BC3_to_Trout=6; F1=5; F2=8; nonhybrid_Salmon=68; nonhybrid_Trout=83
1614,snps_20_sample_200_pop_1_ind_0.25,4,20,200,1,0.25,0.25,50,1,TRUE,47,153,TRUE,44,44,0,3,TRUE,FALSE,0.51225,0,1,BC1_to_Salmon=7; BC1_to_Trout=7; BC2_to_Salmon=8; BC2_to_Trout=8; BC3_to_Salmon=2; F1=10; F2=5; nonhybrid_Salmon=73; nonhybrid_Trout=80
1615,snps_20_sample_200_pop_1_ind_0.25,5,20,200,1,0.25,0.25,50,1,TRUE,51,149,TRUE,38,38,0,13,TRUE,FALSE,0.499875,0,1,BC1_to_Salmon=9; BC1_to_Trout=5; BC2_to_Salmon=4; BC2_to_Trout=9; BC3_to_Salmon=7; BC3_to_Trout=8; F1=3; F2=6; nonhybrid_Salmon=76; nonhybrid_Trout=73
1616,snps_20_sample_200_pop_1_ind_0.25,6,20,200,1,0.25,0.25,50,1,TRUE,37,163,TRUE,32,32,0,5,TRUE,FALSE,0.58025,0,1,BC1_to_Salmon=5; BC1_to_Trout=12; BC2_to_Salmon=5; BC2_to_Trout=6; BC3_to_Salmon=2; BC3_to_Trout=4; F1=1; F2=2; nonhybrid_Salmon=69; nonhybrid_Trout=94
1617,snps_20_sample_200_pop_1_ind_0.25,7,20,200,1,0.25,0.25,50,1,TRUE,45,155,TRUE,40,40,0,5,TRUE,FALSE,0.5025,0,1,BC1_to_Salmon=8; BC1_to_Trout=5; BC2_to_Salmon=3; BC2_to_Trout=4; BC3_to_Salmon=7; BC3_to_Trout=5; F1=8; F2=5; nonhybrid_Salmon=76; nonhybrid_Trout=79
1618,snps_20_sample_200_pop_1_ind_0.25,8,20,200,1,0.25,0.25,50,1,TRUE,49,151,TRUE,40,40,0,9,TRUE,FALSE,0.50325,0,1,BC1_to_Salmon=5; BC1_to_Trout=8; BC2_to_Salmon=8; BC2_to_Trout=7; BC3_to_Salmon=8; BC3_to_Trout=9; F1=1; F2=3; nonhybrid_Salmon=76; nonhybrid_Trout=75
1619,snps_20_sample_200_pop_1_ind_0.25,9,20,200,1,0.25,0.25,50,1,TRUE,45,155,TRUE,37,37,0,8,TRUE,FALSE,0.496875,0,1,BC1_to_Salmon=7; BC1_to_Trout=4; BC2_to_Salmon=10; BC2_to_Trout=2; BC3_to_Salmon=6; BC3_to_Trout=3; F1=6; F2=7; nonhybrid_Salmon=73; nonhybrid_Trout=82
1620,snps_20_sample_200_pop_1_ind_0.25,10,20,200,1,0.25,0.25,50,1,TRUE,46,154,TRUE,39,39,0,7,TRUE,FALSE,0.465375,0,1,BC1_to_Salmon=7; BC1_to_Trout=4; BC2_to_Salmon=7; BC2_to_Trout=7; BC3_to_Salmon=3; BC3_to_Trout=7; F1=7; F2=4; nonhybrid_Salmon=85; nonhybrid_Trout=69
1621,snps_20_sample_200_pop_1_ind_0.5,1,20,200,1,0.5,0.5,100,1,TRUE,108,92,TRUE,94,94,0,14,TRUE,FALSE,0.471625,0,1,BC1_to_Salmon=13; BC1_to_Trout=19; BC2_to_Salmon=11; BC2_to_Trout=14; BC3_to_Salmon=8; BC3_to_Trout=9; F1=15; F2=19; nonhybrid_Salmon=54; nonhybrid_Trout=38
1622,snps_20_sample_200_pop_1_ind_0.5,2,20,200,1,0.5,0.5,100,1,TRUE,101,99,TRUE,85,85,0,16,TRUE,FALSE,0.507875,0,1,BC1_to_Salmon=16; BC1_to_Trout=11; BC2_to_Salmon=17; BC2_to_Trout=17; BC3_to_Salmon=5; BC3_to_Trout=15; F1=13; F2=7; nonhybrid_Salmon=51; nonhybrid_Trout=48
1623,snps_20_sample_200_pop_1_ind_0.5,3,20,200,1,0.5,0.5,100,1,TRUE,92,108,TRUE,82,82,0,10,TRUE,FALSE,0.516625,0,1,BC1_to_Salmon=17; BC1_to_Trout=8; BC2_to_Salmon=16; BC2_to_Trout=11; BC3_to_Salmon=7; BC3_to_Trout=9; F1=16; F2=8; nonhybrid_Salmon=47; nonhybrid_Trout=61
1624,snps_20_sample_200_pop_1_ind_0.5,4,20,200,1,0.5,0.5,100,1,TRUE,99,101,TRUE,87,87,0,12,TRUE,FALSE,0.487625,0,1,BC1_to_Salmon=14; BC1_to_Trout=16; BC2_to_Salmon=9; BC2_to_Trout=14; BC3_to_Salmon=17; BC3_to_Trout=5; F1=12; F2=12; nonhybrid_Salmon=50; nonhybrid_Trout=51
1625,snps_20_sample_200_pop_1_ind_0.5,5,20,200,1,0.5,0.5,100,1,TRUE,101,99,TRUE,81,81,0,20,TRUE,FALSE,0.544,0,1,BC1_to_Salmon=8; BC1_to_Trout=13; BC2_to_Salmon=14; BC2_to_Trout=15; BC3_to_Salmon=10; BC3_to_Trout=16; F1=10; F2=15; nonhybrid_Salmon=44; nonhybrid_Trout=55
1626,snps_20_sample_200_pop_1_ind_0.5,6,20,200,1,0.5,0.5,100,1,TRUE,93,107,TRUE,86,86,0,7,TRUE,FALSE,0.510125,0,1,BC1_to_Salmon=3; BC1_to_Trout=10; BC2_to_Salmon=12; BC2_to_Trout=14; BC3_to_Salmon=6; BC3_to_Trout=11; F1=24; F2=13; nonhybrid_Salmon=57; nonhybrid_Trout=50
1627,snps_20_sample_200_pop_1_ind_0.5,7,20,200,1,0.5,0.5,100,1,TRUE,109,91,TRUE,86,86,0,23,TRUE,FALSE,0.48,0,1,BC1_to_Salmon=4; BC1_to_Trout=11; BC2_to_Salmon=10; BC2_to_Trout=21; BC3_to_Salmon=25; BC3_to_Trout=16; F1=12; F2=10; nonhybrid_Salmon=51; nonhybrid_Trout=40
1628,snps_20_sample_200_pop_1_ind_0.5,8,20,200,1,0.5,0.5,100,1,TRUE,103,97,TRUE,87,87,0,16,TRUE,FALSE,0.528875,0,1,BC1_to_Salmon=7; BC1_to_Trout=9; BC2_to_Salmon=11; BC2_to_Trout=16; BC3_to_Salmon=16; BC3_to_Trout=13; F1=16; F2=15; nonhybrid_Salmon=43; nonhybrid_Trout=54
1629,snps_20_sample_200_pop_1_ind_0.5,9,20,200,1,0.5,0.5,100,1,TRUE,99,101,TRUE,85,85,0,14,TRUE,FALSE,0.47575,0,1,BC1_to_Salmon=14; BC1_to_Trout=13; BC2_to_Salmon=11; BC2_to_Trout=13; BC3_to_Salmon=17; BC3_to_Trout=10; F1=11; F2=10; nonhybrid_Salmon=53; nonhybrid_Trout=48
1630,snps_20_sample_200_pop_1_ind_0.5,10,20,200,1,0.5,0.5,100,1,TRUE,112,88,TRUE,92,92,0,20,TRUE,FALSE,0.571125,0,1,BC1_to_Salmon=13; BC1_to_Trout=17; BC2_to_Salmon=13; BC2_to_Trout=12; BC3_to_Salmon=13; BC3_to_Trout=15; F1=14; F2=15; nonhybrid_Salmon=32; nonhybrid_Trout=56
1631,snps_20_sample_200_pop_1_ind_0.75,1,20,200,1,0.75,0.75,150,1,TRUE,152,48,TRUE,132,132,0,20,TRUE,FALSE,0.4715,0,1,BC1_to_Salmon=20; BC1_to_Trout=13; BC2_to_Salmon=21; BC2_to_Trout=16; BC3_to_Salmon=18; BC3_to_Trout=18; F1=22; F2=24; nonhybrid_Salmon=25; nonhybrid_Trout=23
1632,snps_20_sample_200_pop_1_ind_0.75,2,20,200,1,0.75,0.75,150,1,TRUE,153,47,TRUE,127,127,0,26,TRUE,FALSE,0.48825,0,1,BC1_to_Salmon=12; BC1_to_Trout=32; BC2_to_Salmon=12; BC2_to_Trout=18; BC3_to_Salmon=28; BC3_to_Trout=18; F1=13; F2=20; nonhybrid_Salmon=29; nonhybrid_Trout=18
1633,snps_20_sample_200_pop_1_ind_0.75,3,20,200,1,0.75,0.75,150,1,TRUE,151,49,TRUE,125,125,0,26,TRUE,FALSE,0.513625,0,1,BC1_to_Salmon=15; BC1_to_Trout=22; BC2_to_Salmon=16; BC2_to_Trout=18; BC3_to_Salmon=20; BC3_to_Trout=21; F1=25; F2=14; nonhybrid_Salmon=25; nonhybrid_Trout=24
1634,snps_20_sample_200_pop_1_ind_0.75,4,20,200,1,0.75,0.75,150,1,TRUE,157,43,TRUE,130,130,0,27,TRUE,FALSE,0.4735,0,1,BC1_to_Salmon=24; BC1_to_Trout=22; BC2_to_Salmon=20; BC2_to_Trout=16; BC3_to_Salmon=22; BC3_to_Trout=21; F1=14; F2=18; nonhybrid_Salmon=24; nonhybrid_Trout=19
1635,snps_20_sample_200_pop_1_ind_0.75,5,20,200,1,0.75,0.75,150,1,TRUE,157,43,TRUE,135,135,0,22,TRUE,FALSE,0.49525,0,1,BC1_to_Salmon=22; BC1_to_Trout=18; BC2_to_Salmon=25; BC2_to_Trout=20; BC3_to_Salmon=19; BC3_to_Trout=22; F1=14; F2=17; nonhybrid_Salmon=21; nonhybrid_Trout=22
1636,snps_20_sample_200_pop_1_ind_0.75,6,20,200,1,0.75,0.75,150,1,TRUE,158,42,TRUE,139,139,0,19,TRUE,FALSE,0.48225,0,1,BC1_to_Salmon=31; BC1_to_Trout=20; BC2_to_Salmon=16; BC2_to_Trout=16; BC3_to_Salmon=19; BC3_to_Trout=15; F1=19; F2=22; nonhybrid_Salmon=20; nonhybrid_Trout=22
1637,snps_20_sample_200_pop_1_ind_0.75,7,20,200,1,0.75,0.75,150,1,TRUE,138,62,TRUE,118,118,0,20,TRUE,FALSE,0.5045,0,1,BC1_to_Salmon=19; BC1_to_Trout=16; BC2_to_Salmon=12; BC2_to_Trout=15; BC3_to_Salmon=18; BC3_to_Trout=15; F1=21; F2=22; nonhybrid_Salmon=29; nonhybrid_Trout=33
1638,snps_20_sample_200_pop_1_ind_0.75,8,20,200,1,0.75,0.75,150,1,TRUE,147,53,TRUE,125,125,0,22,TRUE,FALSE,0.446375,0,1,BC1_to_Salmon=18; BC1_to_Trout=15; BC2_to_Salmon=21; BC2_to_Trout=21; BC3_to_Salmon=16; BC3_to_Trout=16; F1=20; F2=20; nonhybrid_Salmon=35; nonhybrid_Trout=18
1639,snps_20_sample_200_pop_1_ind_0.75,9,20,200,1,0.75,0.75,150,1,TRUE,149,51,TRUE,133,133,0,16,TRUE,FALSE,0.51375,0,1,BC1_to_Salmon=24; BC1_to_Trout=14; BC2_to_Salmon=15; BC2_to_Trout=19; BC3_to_Salmon=14; BC3_to_Trout=21; F1=23; F2=19; nonhybrid_Salmon=25; nonhybrid_Trout=26
1640,snps_20_sample_200_pop_1_ind_0.75,10,20,200,1,0.75,0.75,150,1,TRUE,148,52,TRUE,127,127,0,21,TRUE,FALSE,0.5347500000000001,0,1,BC1_to_Salmon=18; BC1_to_Trout=21; BC2_to_Salmon=13; BC2_to_Trout=16; BC3_to_Salmon=21; BC3_to_Trout=20; F1=17; F2=22; nonhybrid_Salmon=20; nonhybrid_Trout=32
1641,snps_20_sample_200_pop_1_ind_1,1,20,200,1,1,1,200,1,TRUE,200,0,TRUE,169,169,0,31,TRUE,FALSE,0.500125,0,1,BC1_to_Salmon=29; BC1_to_Trout=28; BC2_to_Salmon=20; BC2_to_Trout=25; BC3_to_Salmon=28; BC3_to_Trout=23; F1=22; F2=25
1642,snps_20_sample_200_pop_1_ind_1,2,20,200,1,1,1,200,1,TRUE,200,0,TRUE,171,171,0,29,TRUE,FALSE,0.494,0,1,BC1_to_Salmon=28; BC1_to_Trout=26; BC2_to_Salmon=19; BC2_to_Trout=24; BC3_to_Salmon=33; BC3_to_Trout=26; F1=18; F2=26
1643,snps_20_sample_200_pop_1_ind_1,3,20,200,1,1,1,200,1,TRUE,200,0,TRUE,166,166,0,34,TRUE,FALSE,0.485375,0,0.975,BC1_to_Salmon=21; BC1_to_Trout=15; BC2_to_Salmon=26; BC2_to_Trout=29; BC3_to_Salmon=28; BC3_to_Trout=23; F1=33; F2=25
1644,snps_20_sample_200_pop_1_ind_1,4,20,200,1,1,1,200,1,TRUE,200,0,TRUE,173,173,0,27,TRUE,FALSE,0.51,0,1,BC1_to_Salmon=27; BC1_to_Trout=24; BC2_to_Salmon=25; BC2_to_Trout=28; BC3_to_Salmon=21; BC3_to_Trout=25; F1=28; F2=22
1645,snps_20_sample_200_pop_1_ind_1,5,20,200,1,1,1,200,1,TRUE,200,0,TRUE,169,169,0,31,TRUE,FALSE,0.512375,0,1,BC1_to_Salmon=24; BC1_to_Trout=26; BC2_to_Salmon=28; BC2_to_Trout=26; BC3_to_Salmon=22; BC3_to_Trout=29; F1=20; F2=25
1646,snps_20_sample_200_pop_1_ind_1,6,20,200,1,1,1,200,1,TRUE,200,0,TRUE,165,165,0,35,TRUE,FALSE,0.545125,0,1,BC1_to_Salmon=27; BC1_to_Trout=23; BC2_to_Salmon=15; BC2_to_Trout=30; BC3_to_Salmon=22; BC3_to_Trout=34; F1=23; F2=26
1647,snps_20_sample_200_pop_1_ind_1,7,20,200,1,1,1,200,1,TRUE,200,0,TRUE,166,166,0,34,TRUE,FALSE,0.48725,0,1,BC1_to_Salmon=27; BC1_to_Trout=20; BC2_to_Salmon=24; BC2_to_Trout=39; BC3_to_Salmon=31; BC3_to_Trout=18; F1=25; F2=16
1648,snps_20_sample_200_pop_1_ind_1,8,20,200,1,1,1,200,1,TRUE,200,0,TRUE,166,166,0,34,TRUE,FALSE,0.475125,0,1,BC1_to_Salmon=32; BC1_to_Trout=20; BC2_to_Salmon=22; BC2_to_Trout=29; BC3_to_Salmon=29; BC3_to_Trout=19; F1=30; F2=19
1649,snps_20_sample_200_pop_1_ind_1,9,20,200,1,1,1,200,1,TRUE,200,0,TRUE,174,174,0,26,TRUE,FALSE,0.488375,0,1,BC1_to_Salmon=24; BC1_to_Trout=25; BC2_to_Salmon=30; BC2_to_Trout=27; BC3_to_Salmon=26; BC3_to_Trout=24; F1=24; F2=20
1650,snps_20_sample_200_pop_1_ind_1,10,20,200,1,1,1,200,1,TRUE,200,0,TRUE,171,171,0,29,TRUE,FALSE,0.507875,0,1,BC1_to_Salmon=23; BC1_to_Trout=30; BC2_to_Salmon=26; BC2_to_Trout=24; BC3_to_Salmon=28; BC3_to_Trout=28; F1=16; F2=25
1651,snps_40_sample_10_pop_1_ind_0,1,40,10,1,0,0,0,0,TRUE,0,10,FALSE,0,0,0,0,FALSE,FALSE,0.3,0,1,nonhybrid_Salmon=7; nonhybrid_Trout=3
1652,snps_40_sample_10_pop_1_ind_0,2,40,10,1,0,0,0,0,TRUE,0,10,FALSE,0,0,0,0,FALSE,FALSE,0.7,0,1,nonhybrid_Salmon=3; nonhybrid_Trout=7
1653,snps_40_sample_10_pop_1_ind_0,3,40,10,1,0,0,0,0,TRUE,0,10,FALSE,0,0,0,0,FALSE,FALSE,0.6,0,1,nonhybrid_Salmon=4; nonhybrid_Trout=6
1654,snps_40_sample_10_pop_1_ind_0,4,40,10,1,0,0,0,0,TRUE,0,10,FALSE,0,0,0,0,FALSE,FALSE,0.6,0,1,nonhybrid_Salmon=4; nonhybrid_Trout=6
1655,snps_40_sample_10_pop_1_ind_0,5,40,10,1,0,0,0,0,TRUE,0,10,FALSE,0,0,0,0,FALSE,FALSE,0.5,0,1,nonhybrid_Salmon=5; nonhybrid_Trout=5
1656,snps_40_sample_10_pop_1_ind_0,6,40,10,1,0,0,0,0,TRUE,0,10,FALSE,0,0,0,0,FALSE,FALSE,0.5,0,1,nonhybrid_Salmon=5; nonhybrid_Trout=5
1657,snps_40_sample_10_pop_1_ind_0,7,40,10,1,0,0,0,0,TRUE,0,10,FALSE,0,0,0,0,FALSE,FALSE,0.7,0,1,nonhybrid_Salmon=3; nonhybrid_Trout=7
1658,snps_40_sample_10_pop_1_ind_0,8,40,10,1,0,0,0,0,TRUE,0,10,FALSE,0,0,0,0,FALSE,FALSE,0.5,0,1,nonhybrid_Salmon=5; nonhybrid_Trout=5
1659,snps_40_sample_10_pop_1_ind_0,9,40,10,1,0,0,0,0,TRUE,0,10,FALSE,0,0,0,0,FALSE,FALSE,0.7,0,1,nonhybrid_Salmon=3; nonhybrid_Trout=7
1660,snps_40_sample_10_pop_1_ind_0,10,40,10,1,0,0,0,0,TRUE,0,10,FALSE,0,0,0,0,FALSE,FALSE,0.3,0,1,nonhybrid_Salmon=7; nonhybrid_Trout=3
1661,snps_40_sample_10_pop_1_ind_0.001,1,40,10,1,0.001,0.001,0.01,0.009955119790251765,TRUE,0,10,FALSE,0,0,0,0,FALSE,FALSE,0.7,0,1,nonhybrid_Salmon=3; nonhybrid_Trout=7
1662,snps_40_sample_10_pop_1_ind_0.001,2,40,10,1,0.001,0.001,0.01,0.009955119790251765,TRUE,0,10,FALSE,0,0,0,0,FALSE,FALSE,0.2,0,1,nonhybrid_Salmon=8; nonhybrid_Trout=2
1663,snps_40_sample_10_pop_1_ind_0.001,3,40,10,1,0.001,0.001,0.01,0.009955119790251765,TRUE,0,10,FALSE,0,0,0,0,FALSE,FALSE,0.5,0,1,nonhybrid_Salmon=5; nonhybrid_Trout=5
1664,snps_40_sample_10_pop_1_ind_0.001,4,40,10,1,0.001,0.001,0.01,0.009955119790251765,TRUE,0,10,FALSE,0,0,0,0,FALSE,FALSE,0.3,0,1,nonhybrid_Salmon=7; nonhybrid_Trout=3
1665,snps_40_sample_10_pop_1_ind_0.001,5,40,10,1,0.001,0.001,0.01,0.009955119790251765,TRUE,0,10,FALSE,0,0,0,0,FALSE,FALSE,0.8,0,1,nonhybrid_Salmon=2; nonhybrid_Trout=8
1666,snps_40_sample_10_pop_1_ind_0.001,6,40,10,1,0.001,0.001,0.01,0.009955119790251765,TRUE,0,10,FALSE,0,0,0,0,FALSE,FALSE,0.5,0,1,nonhybrid_Salmon=5; nonhybrid_Trout=5
1667,snps_40_sample_10_pop_1_ind_0.001,7,40,10,1,0.001,0.001,0.01,0.009955119790251765,TRUE,0,10,FALSE,0,0,0,0,FALSE,FALSE,0.6,0,1,nonhybrid_Salmon=4; nonhybrid_Trout=6
1668,snps_40_sample_10_pop_1_ind_0.001,8,40,10,1,0.001,0.001,0.01,0.009955119790251765,TRUE,0,10,FALSE,0,0,0,0,FALSE,FALSE,0.4,0,1,nonhybrid_Salmon=6; nonhybrid_Trout=4
1669,snps_40_sample_10_pop_1_ind_0.001,9,40,10,1,0.001,0.001,0.01,0.009955119790251765,TRUE,0,10,FALSE,0,0,0,0,FALSE,FALSE,0.7,0,1,nonhybrid_Salmon=3; nonhybrid_Trout=7
1670,snps_40_sample_10_pop_1_ind_0.001,10,40,10,1,0.001,0.001,0.01,0.009955119790251765,TRUE,0,10,FALSE,0,0,0,0,FALSE,FALSE,0.6,0,1,nonhybrid_Salmon=4; nonhybrid_Trout=6
1671,snps_40_sample_10_pop_1_ind_0.005,1,40,10,1,0.005,0.005,0.05,0.048889869534228136,TRUE,0,10,FALSE,0,0,0,0,FALSE,FALSE,0.5,0,1,nonhybrid_Salmon=5; nonhybrid_Trout=5
1672,snps_40_sample_10_pop_1_ind_0.005,2,40,10,1,0.005,0.005,0.05,0.048889869534228136,TRUE,0,10,FALSE,0,0,0,0,FALSE,FALSE,0.2,0,1,nonhybrid_Salmon=8; nonhybrid_Trout=2
1673,snps_40_sample_10_pop_1_ind_0.005,3,40,10,1,0.005,0.005,0.05,0.048889869534228136,TRUE,0,10,FALSE,0,0,0,0,FALSE,FALSE,0.8,0,1,nonhybrid_Salmon=2; nonhybrid_Trout=8
1674,snps_40_sample_10_pop_1_ind_0.005,4,40,10,1,0.005,0.005,0.05,0.048889869534228136,TRUE,0,10,FALSE,0,0,0,0,FALSE,FALSE,0.5,0,1,nonhybrid_Salmon=5; nonhybrid_Trout=5
1675,snps_40_sample_10_pop_1_ind_0.005,5,40,10,1,0.005,0.005,0.05,0.048889869534228136,TRUE,0,10,FALSE,0,0,0,0,FALSE,FALSE,0.6,0,1,nonhybrid_Salmon=4; nonhybrid_Trout=6
1676,snps_40_sample_10_pop_1_ind_0.005,6,40,10,1,0.005,0.005,0.05,0.048889869534228136,TRUE,0,10,FALSE,0,0,0,0,FALSE,FALSE,0.4,0,1,nonhybrid_Salmon=6; nonhybrid_Trout=4
1677,snps_40_sample_10_pop_1_ind_0.005,7,40,10,1,0.005,0.005,0.05,0.048889869534228136,TRUE,0,10,FALSE,0,0,0,0,FALSE,FALSE,0.5,0,1,nonhybrid_Salmon=5; nonhybrid_Trout=5
1678,snps_40_sample_10_pop_1_ind_0.005,8,40,10,1,0.005,0.005,0.05,0.048889869534228136,TRUE,0,10,FALSE,0,0,0,0,FALSE,FALSE,0.8,0,1,nonhybrid_Salmon=2; nonhybrid_Trout=8
1679,snps_40_sample_10_pop_1_ind_0.005,9,40,10,1,0.005,0.005,0.05,0.048889869534228136,TRUE,0,10,FALSE,0,0,0,0,FALSE,FALSE,0.5,0,1,nonhybrid_Salmon=5; nonhybrid_Trout=5
1680,snps_40_sample_10_pop_1_ind_0.005,10,40,10,1,0.005,0.005,0.05,0.048889869534228136,TRUE,0,10,FALSE,0,0,0,0,FALSE,FALSE,0.6,0,1,nonhybrid_Salmon=4; nonhybrid_Trout=6
1681,snps_40_sample_10_pop_1_ind_0.01,1,40,10,1,0.01,0.01,0.1,0.09561792499119559,TRUE,0,10,FALSE,0,0,0,0,FALSE,FALSE,0.7,0,1,nonhybrid_Salmon=3; nonhybrid_Trout=7
1682,snps_40_sample_10_pop_1_ind_0.01,2,40,10,1,0.01,0.01,0.1,0.09561792499119559,TRUE,0,10,FALSE,0,0,0,0,FALSE,FALSE,0.5,0,1,nonhybrid_Salmon=5; nonhybrid_Trout=5
1683,snps_40_sample_10_pop_1_ind_0.01,3,40,10,1,0.01,0.01,0.1,0.09561792499119559,TRUE,0,10,FALSE,0,0,0,0,FALSE,FALSE,0.7,0,1,nonhybrid_Salmon=3; nonhybrid_Trout=7
1684,snps_40_sample_10_pop_1_ind_0.01,4,40,10,1,0.01,0.01,0.1,0.09561792499119559,TRUE,0,10,FALSE,0,0,0,0,FALSE,FALSE,0.6,0,1,nonhybrid_Salmon=4; nonhybrid_Trout=6
1685,snps_40_sample_10_pop_1_ind_0.01,5,40,10,1,0.01,0.01,0.1,0.09561792499119559,TRUE,0,10,FALSE,0,0,0,0,FALSE,FALSE,0.7,0,1,nonhybrid_Salmon=3; nonhybrid_Trout=7
1686,snps_40_sample_10_pop_1_ind_0.01,6,40,10,1,0.01,0.01,0.1,0.09561792499119559,TRUE,0,10,FALSE,0,0,0,0,FALSE,FALSE,0.9,0,1,nonhybrid_Salmon=1; nonhybrid_Trout=9
1687,snps_40_sample_10_pop_1_ind_0.01,7,40,10,1,0.01,0.01,0.1,0.09561792499119559,TRUE,0,10,FALSE,0,0,0,0,FALSE,FALSE,0.6,0,1,nonhybrid_Salmon=4; nonhybrid_Trout=6
1688,snps_40_sample_10_pop_1_ind_0.01,8,40,10,1,0.01,0.01,0.1,0.09561792499119559,TRUE,0,10,FALSE,0,0,0,0,FALSE,FALSE,0.8,0,1,nonhybrid_Salmon=2; nonhybrid_Trout=8
1689,snps_40_sample_10_pop_1_ind_0.01,9,40,10,1,0.01,0.01,0.1,0.09561792499119559,TRUE,0,10,FALSE,0,0,0,0,FALSE,FALSE,0.6,0,1,nonhybrid_Salmon=4; nonhybrid_Trout=6
1690,snps_40_sample_10_pop_1_ind_0.01,10,40,10,1,0.01,0.01,0.1,0.09561792499119559,TRUE,0,10,FALSE,0,0,0,0,FALSE,FALSE,0.3,0,1,nonhybrid_Salmon=7; nonhybrid_Trout=3
1691,snps_40_sample_10_pop_1_ind_0.025,1,40,10,1,0.025,0.025,0.25,0.22367037914356236,TRUE,0,10,FALSE,0,0,0,0,FALSE,FALSE,0.4,0,1,nonhybrid_Salmon=6; nonhybrid_Trout=4
1692,snps_40_sample_10_pop_1_ind_0.025,2,40,10,1,0.025,0.025,0.25,0.22367037914356236,TRUE,2,8,TRUE,2,2,0,0,TRUE,FALSE,0.32375,0,1,BC1_to_Trout=1; F2=1; nonhybrid_Salmon=6; nonhybrid_Trout=2
1693,snps_40_sample_10_pop_1_ind_0.025,3,40,10,1,0.025,0.025,0.25,0.22367037914356236,TRUE,0,10,FALSE,0,0,0,0,FALSE,FALSE,0.4,0,1,nonhybrid_Salmon=6; nonhybrid_Trout=4
1694,snps_40_sample_10_pop_1_ind_0.025,4,40,10,1,0.025,0.025,0.25,0.22367037914356236,TRUE,1,9,TRUE,1,1,0,0,TRUE,FALSE,0.55,0,1,F1=1; nonhybrid_Salmon=4; nonhybrid_Trout=5
1695,snps_40_sample_10_pop_1_ind_0.025,5,40,10,1,0.025,0.025,0.25,0.22367037914356236,TRUE,0,10,FALSE,0,0,0,0,FALSE,FALSE,0.5,0,1,nonhybrid_Salmon=5; nonhybrid_Trout=5
1696,snps_40_sample_10_pop_1_ind_0.025,6,40,10,1,0.025,0.025,0.25,0.22367037914356236,TRUE,1,9,TRUE,1,1,0,0,TRUE,FALSE,0.65,0,1,F1=1; nonhybrid_Salmon=3; nonhybrid_Trout=6
1697,snps_40_sample_10_pop_1_ind_0.025,7,40,10,1,0.025,0.025,0.25,0.22367037914356236,TRUE,0,10,FALSE,0,0,0,0,FALSE,FALSE,0.6,0,1,nonhybrid_Salmon=4; nonhybrid_Trout=6
1698,snps_40_sample_10_pop_1_ind_0.025,8,40,10,1,0.025,0.025,0.25,0.22367037914356236,TRUE,0,10,FALSE,0,0,0,0,FALSE,FALSE,0.7,0,1,nonhybrid_Salmon=3; nonhybrid_Trout=7
1699,snps_40_sample_10_pop_1_ind_0.025,9,40,10,1,0.025,0.025,0.25,0.22367037914356236,TRUE,0,10,FALSE,0,0,0,0,FALSE,FALSE,0.5,0,1,nonhybrid_Salmon=5; nonhybrid_Trout=5
1700,snps_40_sample_10_pop_1_ind_0.025,10,40,10,1,0.025,0.025,0.25,0.22367037914356236,TRUE,0,10,FALSE,0,0,0,0,FALSE,FALSE,0.5,0,1,nonhybrid_Salmon=5; nonhybrid_Trout=5
1701,snps_40_sample_10_pop_1_ind_0.05,1,40,10,1,0.05,0.05,0.5,0.4012630607616213,TRUE,0,10,FALSE,0,0,0,0,FALSE,FALSE,0.7,0,1,nonhybrid_Salmon=3; nonhybrid_Trout=7
1702,snps_40_sample_10_pop_1_ind_0.05,2,40,10,1,0.05,0.05,0.5,0.4012630607616213,TRUE,1,9,TRUE,0,0,0,1,FALSE,FALSE,0.605,0,1,BC3_to_Salmon=1; nonhybrid_Salmon=3; nonhybrid_Trout=6
1703,snps_40_sample_10_pop_1_ind_0.05,3,40,10,1,0.05,0.05,0.5,0.4012630607616213,TRUE,1,9,TRUE,1,1,0,0,TRUE,FALSE,0.4075,0,1,BC2_to_Salmon=1; nonhybrid_Salmon=5; nonhybrid_Trout=4
1704,snps_40_sample_10_pop_1_ind_0.05,4,40,10,1,0.05,0.05,0.5,0.4012630607616213,TRUE,1,9,TRUE,0,0,0,1,FALSE,FALSE,0.59375,0,1,BC3_to_Trout=1; nonhybrid_Salmon=4; nonhybrid_Trout=5
1705,snps_40_sample_10_pop_1_ind_0.05,5,40,10,1,0.05,0.05,0.5,0.4012630607616213,TRUE,0,10,FALSE,0,0,0,0,FALSE,FALSE,0.6,0,1,nonhybrid_Salmon=4; nonhybrid_Trout=6
1706,snps_40_sample_10_pop_1_ind_0.05,6,40,10,1,0.05,0.05,0.5,0.4012630607616213,TRUE,0,10,FALSE,0,0,0,0,FALSE,FALSE,0.4,0,1,nonhybrid_Salmon=6; nonhybrid_Trout=4
1707,snps_40_sample_10_pop_1_ind_0.05,7,40,10,1,0.05,0.05,0.5,0.4012630607616213,TRUE,1,9,TRUE,0,0,0,1,FALSE,FALSE,0.595,0,1,BC3_to_Trout=1; nonhybrid_Salmon=4; nonhybrid_Trout=5
1708,snps_40_sample_10_pop_1_ind_0.05,8,40,10,1,0.05,0.05,0.5,0.4012630607616213,TRUE,0,10,FALSE,0,0,0,0,FALSE,FALSE,0.2,0,1,nonhybrid_Salmon=8; nonhybrid_Trout=2
1709,snps_40_sample_10_pop_1_ind_0.05,9,40,10,1,0.05,0.05,0.5,0.4012630607616213,TRUE,0,10,FALSE,0,0,0,0,FALSE,FALSE,0.7,0,1,nonhybrid_Salmon=3; nonhybrid_Trout=7
1710,snps_40_sample_10_pop_1_ind_0.05,10,40,10,1,0.05,0.05,0.5,0.4012630607616213,TRUE,1,9,TRUE,1,1,0,0,TRUE,FALSE,0.6125,0,1,BC2_to_Salmon=1; nonhybrid_Salmon=3; nonhybrid_Trout=6
1711,snps_40_sample_10_pop_1_ind_0.1,1,40,10,1,0.1,0.1,1,0.6513215599,TRUE,1,9,TRUE,0,0,0,1,FALSE,FALSE,0.70625,0,1,BC3_to_Salmon=1; nonhybrid_Salmon=2; nonhybrid_Trout=7
1712,snps_40_sample_10_pop_1_ind_0.1,2,40,10,1,0.1,0.1,1,0.6513215599,TRUE,1,9,TRUE,1,1,0,0,TRUE,FALSE,0.31625,0,1,BC1_to_Salmon=1; nonhybrid_Salmon=6; nonhybrid_Trout=3
1713,snps_40_sample_10_pop_1_ind_0.1,3,40,10,1,0.1,0.1,1,0.6513215599,TRUE,1,9,TRUE,1,1,0,0,TRUE,FALSE,0.58625,0,1,BC2_to_Trout=1; nonhybrid_Salmon=4; nonhybrid_Trout=5
1714,snps_40_sample_10_pop_1_ind_0.1,4,40,10,1,0.1,0.1,1,0.6513215599,TRUE,0,10,FALSE,0,0,0,0,FALSE,FALSE,0.7,0,1,nonhybrid_Salmon=3; nonhybrid_Trout=7
1715,snps_40_sample_10_pop_1_ind_0.1,5,40,10,1,0.1,0.1,1,0.6513215599,TRUE,1,9,TRUE,1,1,0,0,TRUE,FALSE,0.59,0,1,BC2_to_Trout=1; nonhybrid_Salmon=4; nonhybrid_Trout=5
1716,snps_40_sample_10_pop_1_ind_0.1,6,40,10,1,0.1,0.1,1,0.6513215599,TRUE,1,9,TRUE,1,1,0,0,TRUE,FALSE,0.25,0,1,F1=1; nonhybrid_Salmon=7; nonhybrid_Trout=2
1717,snps_40_sample_10_pop_1_ind_0.1,7,40,10,1,0.1,0.1,1,0.6513215599,TRUE,2,8,TRUE,2,2,0,0,TRUE,FALSE,0.57875,0,1,BC1_to_Trout=1; BC3_to_Salmon=1; nonhybrid_Salmon=3; nonhybrid_Trout=5
1718,snps_40_sample_10_pop_1_ind_0.1,8,40,10,1,0.1,0.1,1,0.6513215599,TRUE,2,8,TRUE,1,1,0,1,TRUE,FALSE,0.65625,0,1,BC3_to_Salmon=1; F1=1; nonhybrid_Salmon=2; nonhybrid_Trout=6
1719,snps_40_sample_10_pop_1_ind_0.1,9,40,10,1,0.1,0.1,1,0.6513215599,TRUE,2,8,TRUE,2,2,0,0,TRUE,FALSE,0.60875,0,1,BC1_to_Salmon=1; BC2_to_Trout=1; nonhybrid_Salmon=3; nonhybrid_Trout=5
1720,snps_40_sample_10_pop_1_ind_0.1,10,40,10,1,0.1,0.1,1,0.6513215599,TRUE,0,10,FALSE,0,0,0,0,FALSE,FALSE,0.7,0,1,nonhybrid_Salmon=3; nonhybrid_Trout=7
1721,snps_40_sample_10_pop_1_ind_0.25,1,40,10,1,0.25,0.25,2.5,0.9436864852905273,TRUE,1,9,TRUE,1,1,0,0,TRUE,FALSE,0.41625,0,1,BC2_to_Salmon=1; nonhybrid_Salmon=5; nonhybrid_Trout=4
1722,snps_40_sample_10_pop_1_ind_0.25,2,40,10,1,0.25,0.25,2.5,0.9436864852905273,TRUE,3,7,TRUE,2,2,0,1,TRUE,FALSE,0.49625,0,1,BC2_to_Salmon=1; BC2_to_Trout=1; BC3_to_Trout=1; nonhybrid_Salmon=4; nonhybrid_Trout=3
1723,snps_40_sample_10_pop_1_ind_0.25,3,40,10,1,0.25,0.25,2.5,0.9436864852905273,TRUE,2,8,TRUE,1,1,0,1,TRUE,FALSE,0.67,0,1,BC1_to_Trout=1; BC3_to_Trout=1; nonhybrid_Salmon=3; nonhybrid_Trout=5
1724,snps_40_sample_10_pop_1_ind_0.25,4,40,10,1,0.25,0.25,2.5,0.9436864852905273,TRUE,3,7,TRUE,2,2,0,1,TRUE,FALSE,0.51125,0,1,BC2_to_Salmon=1; BC3_to_Salmon=1; BC3_to_Trout=1; nonhybrid_Salmon=3; nonhybrid_Trout=4
1725,snps_40_sample_10_pop_1_ind_0.25,5,40,10,1,0.25,0.25,2.5,0.9436864852905273,TRUE,4,6,TRUE,4,4,0,0,TRUE,FALSE,0.50875,0,1,BC2_to_Salmon=1; BC2_to_Trout=1; F1=1; F2=1; nonhybrid_Salmon=3; nonhybrid_Trout=3
1726,snps_40_sample_10_pop_1_ind_0.25,6,40,10,1,0.25,0.25,2.5,0.9436864852905273,TRUE,1,9,TRUE,0,0,0,1,FALSE,FALSE,0.295,0,1,BC3_to_Trout=1; nonhybrid_Salmon=7; nonhybrid_Trout=2
1727,snps_40_sample_10_pop_1_ind_0.25,7,40,10,1,0.25,0.25,2.5,0.9436864852905273,TRUE,1,9,TRUE,0,0,0,1,FALSE,FALSE,0.20625,0,1,BC3_to_Salmon=1; nonhybrid_Salmon=7; nonhybrid_Trout=2
1728,snps_40_sample_10_pop_1_ind_0.25,8,40,10,1,0.25,0.25,2.5,0.9436864852905273,TRUE,4,6,TRUE,2,2,0,2,TRUE,FALSE,0.4925,0,1,BC3_to_Salmon=1; BC3_to_Trout=1; F2=2; nonhybrid_Salmon=3; nonhybrid_Trout=3
1729,snps_40_sample_10_pop_1_ind_0.25,9,40,10,1,0.25,0.25,2.5,0.9436864852905273,TRUE,0,10,FALSE,0,0,0,0,FALSE,FALSE,0.3,0,1,nonhybrid_Salmon=7; nonhybrid_Trout=3
1730,snps_40_sample_10_pop_1_ind_0.25,10,40,10,1,0.25,0.25,2.5,0.9436864852905273,TRUE,5,5,TRUE,4,4,0,1,TRUE,FALSE,0.48625,0,1,BC1_to_Trout=1; BC2_to_Salmon=1; BC3_to_Trout=1; F1=1; F2=1; nonhybrid_Salmon=3; nonhybrid_Trout=2
1731,snps_40_sample_10_pop_1_ind_0.5,1,40,10,1,0.5,0.5,5,0.9990234375,TRUE,5,5,TRUE,4,4,0,1,TRUE,FALSE,0.47625,0,1,BC1_to_Salmon=1; BC2_to_Trout=3; BC3_to_Trout=1; nonhybrid_Salmon=4; nonhybrid_Trout=1
1732,snps_40_sample_10_pop_1_ind_0.5,2,40,10,1,0.5,0.5,5,0.9990234375,TRUE,5,5,TRUE,5,5,0,0,TRUE,FALSE,0.5175,0,1,BC1_to_Salmon=1; BC2_to_Salmon=1; BC2_to_Trout=1; F1=2; nonhybrid_Salmon=2; nonhybrid_Trout=3
1733,snps_40_sample_10_pop_1_ind_0.5,3,40,10,1,0.5,0.5,5,0.9990234375,TRUE,3,7,TRUE,3,3,0,0,TRUE,FALSE,0.4725,0,1,BC1_to_Trout=1; F1=2; nonhybrid_Salmon=4; nonhybrid_Trout=3
1734,snps_40_sample_10_pop_1_ind_0.5,4,40,10,1,0.5,0.5,5,0.9990234375,TRUE,7,3,TRUE,6,6,0,1,TRUE,FALSE,0.7175,0.1125,1,BC1_to_Trout=1; BC2_to_Salmon=1; BC2_to_Trout=1; BC3_to_Trout=1; F1=2; F2=1; nonhybrid_Trout=3
1735,snps_40_sample_10_pop_1_ind_0.5,5,40,10,1,0.5,0.5,5,0.9990234375,TRUE,4,6,TRUE,3,3,0,1,TRUE,FALSE,0.25625,0,1,BC1_to_Salmon=1; BC1_to_Trout=1; BC3_to_Salmon=1; F1=1; nonhybrid_Salmon=5; nonhybrid_Trout=1
1736,snps_40_sample_10_pop_1_ind_0.5,6,40,10,1,0.5,0.5,5,0.9990234375,TRUE,5,5,TRUE,5,5,0,0,TRUE,FALSE,0.36625,0,1,BC3_to_Salmon=2; F1=3; nonhybrid_Salmon=3; nonhybrid_Trout=2
1737,snps_40_sample_10_pop_1_ind_0.5,7,40,10,1,0.5,0.5,5,0.9990234375,TRUE,5,5,TRUE,3,3,0,2,TRUE,FALSE,0.43374999999999997,0,1,BC2_to_Salmon=1; BC3_to_Salmon=3; BC3_to_Trout=1; nonhybrid_Salmon=2; nonhybrid_Trout=3
1738,snps_40_sample_10_pop_1_ind_0.5,8,40,10,1,0.5,0.5,5,0.9990234375,TRUE,6,4,TRUE,6,6,0,0,TRUE,FALSE,0.59,0,1,BC1_to_Trout=1; BC2_to_Salmon=1; BC2_to_Trout=1; BC3_to_Salmon=1; F1=1; F2=1; nonhybrid_Salmon=1; nonhybrid_Trout=3
1739,snps_40_sample_10_pop_1_ind_0.5,9,40,10,1,0.5,0.5,5,0.9990234375,TRUE,4,6,TRUE,3,3,0,1,TRUE,FALSE,0.5275,0,1,BC1_to_Trout=1; BC2_to_Trout=1; BC3_to_Trout=1; F2=1; nonhybrid_Salmon=4; nonhybrid_Trout=2
1740,snps_40_sample_10_pop_1_ind_0.5,10,40,10,1,0.5,0.5,5,0.9990234375,TRUE,4,6,TRUE,3,3,0,1,TRUE,FALSE,0.415,0,1,BC1_to_Trout=1; BC2_to_Trout=1; BC3_to_Salmon=1; F1=1; nonhybrid_Salmon=4; nonhybrid_Trout=2
1741,snps_40_sample_10_pop_1_ind_0.75,1,40,10,1,0.75,0.75,7.5,0.9999990463256836,TRUE,9,1,TRUE,9,9,0,0,TRUE,FALSE,0.48125,0,0.9125,BC1_to_Salmon=3; BC1_to_Trout=2; BC2_to_Salmon=1; BC2_to_Trout=1; BC3_to_Trout=1; F1=1; nonhybrid_Salmon=1
1742,snps_40_sample_10_pop_1_ind_0.75,2,40,10,1,0.75,0.75,7.5,0.9999990463256836,TRUE,8,2,TRUE,7,7,0,1,TRUE,FALSE,0.63875,0.05,1,BC1_to_Salmon=1; BC2_to_Trout=3; BC3_to_Salmon=1; F1=1; F2=2; nonhybrid_Trout=2
1743,snps_40_sample_10_pop_1_ind_0.75,3,40,10,1,0.75,0.75,7.5,0.9999990463256836,TRUE,9,1,TRUE,8,8,0,1,TRUE,FALSE,0.48875,0.0125,1,BC1_to_Salmon=3; BC2_to_Trout=2; BC3_to_Salmon=1; F1=2; F2=1; nonhybrid_Trout=1
1744,snps_40_sample_10_pop_1_ind_0.75,4,40,10,1,0.75,0.75,7.5,0.9999990463256836,TRUE,6,4,TRUE,5,5,0,1,TRUE,FALSE,0.6975,0,1,BC1_to_Trout=1; BC2_to_Trout=2; BC3_to_Trout=2; F1=1; nonhybrid_Salmon=2; nonhybrid_Trout=2
1745,snps_40_sample_10_pop_1_ind_0.75,5,40,10,1,0.75,0.75,7.5,0.9999990463256836,TRUE,7,3,TRUE,7,7,0,0,TRUE,FALSE,0.3025,0,1,BC1_to_Salmon=1; BC1_to_Trout=1; BC2_to_Salmon=3; BC3_to_Salmon=1; F1=1; nonhybrid_Salmon=2; nonhybrid_Trout=1
1746,snps_40_sample_10_pop_1_ind_0.75,6,40,10,1,0.75,0.75,7.5,0.9999990463256836,TRUE,6,4,TRUE,6,6,0,0,TRUE,FALSE,0.705,0.1875,1,BC1_to_Salmon=1; BC2_to_Salmon=1; BC2_to_Trout=2; F1=1; F2=1; nonhybrid_Trout=4
1747,snps_40_sample_10_pop_1_ind_0.75,7,40,10,1,0.75,0.75,7.5,0.9999990463256836,TRUE,5,5,TRUE,5,5,0,0,TRUE,FALSE,0.3675,0,1,BC1_to_Salmon=1; BC2_to_Trout=1; F1=2; F2=1; nonhybrid_Salmon=4; nonhybrid_Trout=1
1748,snps_40_sample_10_pop_1_ind_0.75,8,40,10,1,0.75,0.75,7.5,0.9999990463256836,TRUE,9,1,TRUE,7,7,0,2,TRUE,FALSE,0.4525,0,0.9625,BC1_to_Salmon=1; BC1_to_Trout=1; BC2_to_Salmon=1; BC3_to_Salmon=1; BC3_to_Trout=2; F1=1; F2=2; nonhybrid_Salmon=1
1749,snps_40_sample_10_pop_1_ind_0.75,9,40,10,1,0.75,0.75,7.5,0.9999990463256836,TRUE,9,1,TRUE,7,7,0,2,TRUE,FALSE,0.5675,0,0.95,BC1_to_Salmon=1; BC1_to_Trout=1; BC2_to_Salmon=1; BC2_to_Trout=1; BC3_to_Trout=3; F1=1; F2=1; nonhybrid_Salmon=1
1750,snps_40_sample_10_pop_1_ind_0.75,10,40,10,1,0.75,0.75,7.5,0.9999990463256836,TRUE,7,3,TRUE,7,7,0,0,TRUE,FALSE,0.61875,0,1,BC1_to_Trout=1; BC2_to_Salmon=2; BC2_to_Trout=3; F2=1; nonhybrid_Salmon=1; nonhybrid_Trout=2
1751,snps_40_sample_10_pop_1_ind_1,1,40,10,1,1,1,10,1,TRUE,10,0,TRUE,10,10,0,0,TRUE,FALSE,0.6025,0.25,0.9125,BC1_to_Salmon=2; BC1_to_Trout=2; BC2_to_Trout=1; BC3_to_Trout=1; F1=2; F2=2
1752,snps_40_sample_10_pop_1_ind_1,2,40,10,1,1,1,10,1,TRUE,10,0,TRUE,10,10,0,0,TRUE,FALSE,0.47625,0.225,0.75,BC1_to_Salmon=3; BC1_to_Trout=2; F1=1; F2=4
1753,snps_40_sample_10_pop_1_ind_1,3,40,10,1,1,1,10,1,TRUE,10,0,TRUE,8,8,0,2,TRUE,FALSE,0.46749999999999997,0.0125,0.9125,BC1_to_Salmon=1; BC1_to_Trout=2; BC2_to_Salmon=1; BC2_to_Trout=1; BC3_to_Salmon=2; BC3_to_Trout=1; F2=2
1754,snps_40_sample_10_pop_1_ind_1,4,40,10,1,1,1,10,1,TRUE,10,0,TRUE,8,8,0,2,TRUE,FALSE,0.57125,0.05,0.95,BC1_to_Trout=1; BC2_to_Salmon=1; BC2_to_Trout=1; BC3_to_Salmon=1; BC3_to_Trout=2; F1=3; F2=1
1755,snps_40_sample_10_pop_1_ind_1,5,40,10,1,1,1,10,1,TRUE,10,0,TRUE,10,10,0,0,TRUE,FALSE,0.45875,0.0875,0.75,BC1_to_Salmon=2; BC1_to_Trout=2; BC3_to_Salmon=1; F1=3; F2=2
1756,snps_40_sample_10_pop_1_ind_1,6,40,10,1,1,1,10,1,TRUE,10,0,TRUE,10,10,0,0,TRUE,FALSE,0.3575,0.075,0.925,BC1_to_Salmon=3; BC2_to_Salmon=2; BC2_to_Trout=1; BC3_to_Salmon=2; BC3_to_Trout=1; F2=1
1757,snps_40_sample_10_pop_1_ind_1,7,40,10,1,1,1,10,1,TRUE,10,0,TRUE,9,9,0,1,TRUE,FALSE,0.525,0.075,0.9625,BC1_to_Salmon=1; BC1_to_Trout=2; BC2_to_Salmon=1; BC2_to_Trout=1; BC3_to_Salmon=1; BC3_to_Trout=1; F1=2; F2=1
1758,snps_40_sample_10_pop_1_ind_1,8,40,10,1,1,1,10,1,TRUE,10,0,TRUE,10,10,0,0,TRUE,FALSE,0.41875,0.075,0.8625,BC1_to_Trout=1; BC2_to_Salmon=1; BC2_to_Trout=1; BC3_to_Salmon=3; F1=2; F2=2
1759,snps_40_sample_10_pop_1_ind_1,9,40,10,1,1,1,10,1,TRUE,10,0,TRUE,9,9,0,1,TRUE,FALSE,0.63625,0.0625,0.925,BC1_to_Salmon=1; BC1_to_Trout=1; BC2_to_Trout=5; BC3_to_Salmon=1; F1=1; F2=1
1760,snps_40_sample_10_pop_1_ind_1,10,40,10,1,1,1,10,1,TRUE,10,0,TRUE,8,8,0,2,TRUE,FALSE,0.5225,0.0375,0.9375,BC1_to_Trout=2; BC2_to_Salmon=3; BC3_to_Salmon=1; BC3_to_Trout=3; F1=1
1761,snps_40_sample_20_pop_1_ind_0,1,40,20,1,0,0,0,0,TRUE,0,20,FALSE,0,0,0,0,FALSE,FALSE,0.6,0,1,nonhybrid_Salmon=8; nonhybrid_Trout=12
1762,snps_40_sample_20_pop_1_ind_0,2,40,20,1,0,0,0,0,TRUE,0,20,FALSE,0,0,0,0,FALSE,FALSE,0.45,0,1,nonhybrid_Salmon=11; nonhybrid_Trout=9
1763,snps_40_sample_20_pop_1_ind_0,3,40,20,1,0,0,0,0,TRUE,0,20,FALSE,0,0,0,0,FALSE,FALSE,0.5,0,1,nonhybrid_Salmon=10; nonhybrid_Trout=10
1764,snps_40_sample_20_pop_1_ind_0,4,40,20,1,0,0,0,0,TRUE,0,20,FALSE,0,0,0,0,FALSE,FALSE,0.45,0,1,nonhybrid_Salmon=11; nonhybrid_Trout=9
1765,snps_40_sample_20_pop_1_ind_0,5,40,20,1,0,0,0,0,TRUE,0,20,FALSE,0,0,0,0,FALSE,FALSE,0.6,0,1,nonhybrid_Salmon=8; nonhybrid_Trout=12
1766,snps_40_sample_20_pop_1_ind_0,6,40,20,1,0,0,0,0,TRUE,0,20,FALSE,0,0,0,0,FALSE,FALSE,0.65,0,1,nonhybrid_Salmon=7; nonhybrid_Trout=13
1767,snps_40_sample_20_pop_1_ind_0,7,40,20,1,0,0,0,0,TRUE,0,20,FALSE,0,0,0,0,FALSE,FALSE,0.65,0,1,nonhybrid_Salmon=7; nonhybrid_Trout=13
1768,snps_40_sample_20_pop_1_ind_0,8,40,20,1,0,0,0,0,TRUE,0,20,FALSE,0,0,0,0,FALSE,FALSE,0.45,0,1,nonhybrid_Salmon=11; nonhybrid_Trout=9
1769,snps_40_sample_20_pop_1_ind_0,9,40,20,1,0,0,0,0,TRUE,0,20,FALSE,0,0,0,0,FALSE,FALSE,0.5,0,1,nonhybrid_Salmon=10; nonhybrid_Trout=10
1770,snps_40_sample_20_pop_1_ind_0,10,40,20,1,0,0,0,0,TRUE,0,20,FALSE,0,0,0,0,FALSE,FALSE,0.35,0,1,nonhybrid_Salmon=13; nonhybrid_Trout=7
1771,snps_40_sample_20_pop_1_ind_0.001,1,40,20,1,0.001,0.001,0.02,0.01981113517046529,TRUE,0,20,FALSE,0,0,0,0,FALSE,FALSE,0.7,0,1,nonhybrid_Salmon=6; nonhybrid_Trout=14
1772,snps_40_sample_20_pop_1_ind_0.001,2,40,20,1,0.001,0.001,0.02,0.01981113517046529,TRUE,0,20,FALSE,0,0,0,0,FALSE,FALSE,0.55,0,1,nonhybrid_Salmon=9; nonhybrid_Trout=11
1773,snps_40_sample_20_pop_1_ind_0.001,3,40,20,1,0.001,0.001,0.02,0.01981113517046529,TRUE,0,20,FALSE,0,0,0,0,FALSE,FALSE,0.65,0,1,nonhybrid_Salmon=7; nonhybrid_Trout=13
1774,snps_40_sample_20_pop_1_ind_0.001,4,40,20,1,0.001,0.001,0.02,0.01981113517046529,TRUE,0,20,FALSE,0,0,0,0,FALSE,FALSE,0.55,0,1,nonhybrid_Salmon=9; nonhybrid_Trout=11
1775,snps_40_sample_20_pop_1_ind_0.001,5,40,20,1,0.001,0.001,0.02,0.01981113517046529,TRUE,0,20,FALSE,0,0,0,0,FALSE,FALSE,0.5,0,1,nonhybrid_Salmon=10; nonhybrid_Trout=10
1776,snps_40_sample_20_pop_1_ind_0.001,6,40,20,1,0.001,0.001,0.02,0.01981113517046529,TRUE,0,20,FALSE,0,0,0,0,FALSE,FALSE,0.55,0,1,nonhybrid_Salmon=9; nonhybrid_Trout=11
1777,snps_40_sample_20_pop_1_ind_0.001,7,40,20,1,0.001,0.001,0.02,0.01981113517046529,TRUE,0,20,FALSE,0,0,0,0,FALSE,FALSE,0.5,0,1,nonhybrid_Salmon=10; nonhybrid_Trout=10
1778,snps_40_sample_20_pop_1_ind_0.001,8,40,20,1,0.001,0.001,0.02,0.01981113517046529,TRUE,0,20,FALSE,0,0,0,0,FALSE,FALSE,0.6,0,1,nonhybrid_Salmon=8; nonhybrid_Trout=12
1779,snps_40_sample_20_pop_1_ind_0.001,9,40,20,1,0.001,0.001,0.02,0.01981113517046529,TRUE,0,20,FALSE,0,0,0,0,FALSE,FALSE,0.65,0,1,nonhybrid_Salmon=7; nonhybrid_Trout=13
1780,snps_40_sample_20_pop_1_ind_0.001,10,40,20,1,0.001,0.001,0.02,0.01981113517046529,TRUE,0,20,FALSE,0,0,0,0,FALSE,FALSE,0.6,0,1,nonhybrid_Salmon=8; nonhybrid_Trout=12
1781,snps_40_sample_20_pop_1_ind_0.005,1,40,20,1,0.005,0.005,0.1,0.09538951972538245,TRUE,0,20,FALSE,0,0,0,0,FALSE,FALSE,0.55,0,1,nonhybrid_Salmon=9; nonhybrid_Trout=11
1782,snps_40_sample_20_pop_1_ind_0.005,2,40,20,1,0.005,0.005,0.1,0.09538951972538245,TRUE,0,20,FALSE,0,0,0,0,FALSE,FALSE,0.45,0,1,nonhybrid_Salmon=11; nonhybrid_Trout=9
1783,snps_40_sample_20_pop_1_ind_0.005,3,40,20,1,0.005,0.005,0.1,0.09538951972538245,TRUE,0,20,FALSE,0,0,0,0,FALSE,FALSE,0.6,0,1,nonhybrid_Salmon=8; nonhybrid_Trout=12
1784,snps_40_sample_20_pop_1_ind_0.005,4,40,20,1,0.005,0.005,0.1,0.09538951972538245,TRUE,0,20,FALSE,0,0,0,0,FALSE,FALSE,0.4,0,1,nonhybrid_Salmon=12; nonhybrid_Trout=8
1785,snps_40_sample_20_pop_1_ind_0.005,5,40,20,1,0.005,0.005,0.1,0.09538951972538245,TRUE,0,20,FALSE,0,0,0,0,FALSE,FALSE,0.4,0,1,nonhybrid_Salmon=12; nonhybrid_Trout=8
1786,snps_40_sample_20_pop_1_ind_0.005,6,40,20,1,0.005,0.005,0.1,0.09538951972538245,TRUE,0,20,FALSE,0,0,0,0,FALSE,FALSE,0.4,0,1,nonhybrid_Salmon=12; nonhybrid_Trout=8
1787,snps_40_sample_20_pop_1_ind_0.005,7,40,20,1,0.005,0.005,0.1,0.09538951972538245,TRUE,0,20,FALSE,0,0,0,0,FALSE,FALSE,0.5,0,1,nonhybrid_Salmon=10; nonhybrid_Trout=10
1788,snps_40_sample_20_pop_1_ind_0.005,8,40,20,1,0.005,0.005,0.1,0.09538951972538245,TRUE,0,20,FALSE,0,0,0,0,FALSE,FALSE,0.55,0,1,nonhybrid_Salmon=9; nonhybrid_Trout=11
1789,snps_40_sample_20_pop_1_ind_0.005,9,40,20,1,0.005,0.005,0.1,0.09538951972538245,TRUE,0,20,FALSE,0,0,0,0,FALSE,FALSE,0.4,0,1,nonhybrid_Salmon=12; nonhybrid_Trout=8
1790,snps_40_sample_20_pop_1_ind_0.005,10,40,20,1,0.005,0.005,0.1,0.09538951972538245,TRUE,0,20,FALSE,0,0,0,0,FALSE,FALSE,0.5,0,1,nonhybrid_Salmon=10; nonhybrid_Trout=10
1791,snps_40_sample_20_pop_1_ind_0.01,1,40,20,1,0.01,0.01,0.2,0.18209306240276923,TRUE,0,20,FALSE,0,0,0,0,FALSE,FALSE,0.45,0,1,nonhybrid_Salmon=11; nonhybrid_Trout=9
1792,snps_40_sample_20_pop_1_ind_0.01,2,40,20,1,0.01,0.01,0.2,0.18209306240276923,TRUE,0,20,FALSE,0,0,0,0,FALSE,FALSE,0.55,0,1,nonhybrid_Salmon=9; nonhybrid_Trout=11
1793,snps_40_sample_20_pop_1_ind_0.01,3,40,20,1,0.01,0.01,0.2,0.18209306240276923,TRUE,0,20,FALSE,0,0,0,0,FALSE,FALSE,0.7,0,1,nonhybrid_Salmon=6; nonhybrid_Trout=14
1794,snps_40_sample_20_pop_1_ind_0.01,4,40,20,1,0.01,0.01,0.2,0.18209306240276923,TRUE,0,20,FALSE,0,0,0,0,FALSE,FALSE,0.7,0,1,nonhybrid_Salmon=6; nonhybrid_Trout=14
1795,snps_40_sample_20_pop_1_ind_0.01,5,40,20,1,0.01,0.01,0.2,0.18209306240276923,TRUE,0,20,FALSE,0,0,0,0,FALSE,FALSE,0.55,0,1,nonhybrid_Salmon=9; nonhybrid_Trout=11
1796,snps_40_sample_20_pop_1_ind_0.01,6,40,20,1,0.01,0.01,0.2,0.18209306240276923,TRUE,0,20,FALSE,0,0,0,0,FALSE,FALSE,0.6,0,1,nonhybrid_Salmon=8; nonhybrid_Trout=12
1797,snps_40_sample_20_pop_1_ind_0.01,7,40,20,1,0.01,0.01,0.2,0.18209306240276923,TRUE,0,20,FALSE,0,0,0,0,FALSE,FALSE,0.6,0,1,nonhybrid_Salmon=8; nonhybrid_Trout=12
1798,snps_40_sample_20_pop_1_ind_0.01,8,40,20,1,0.01,0.01,0.2,0.18209306240276923,TRUE,0,20,FALSE,0,0,0,0,FALSE,FALSE,0.55,0,1,nonhybrid_Salmon=9; nonhybrid_Trout=11
1799,snps_40_sample_20_pop_1_ind_0.01,9,40,20,1,0.01,0.01,0.2,0.18209306240276923,TRUE,1,19,TRUE,1,1,0,0,TRUE,FALSE,0.513125,0,1,BC1_to_Salmon=1; nonhybrid_Salmon=9; nonhybrid_Trout=10
1800,snps_40_sample_20_pop_1_ind_0.01,10,40,20,1,0.01,0.01,0.2,0.18209306240276923,TRUE,0,20,FALSE,0,0,0,0,FALSE,FALSE,0.45,0,1,nonhybrid_Salmon=11; nonhybrid_Trout=9
1801,snps_40_sample_20_pop_1_ind_0.025,1,40,20,1,0.025,0.025,0.5,0.39731231978089987,TRUE,0,20,FALSE,0,0,0,0,FALSE,FALSE,0.45,0,1,nonhybrid_Salmon=11; nonhybrid_Trout=9
1802,snps_40_sample_20_pop_1_ind_0.025,2,40,20,1,0.025,0.025,0.5,0.39731231978089987,TRUE,0,20,FALSE,0,0,0,0,FALSE,FALSE,0.3,0,1,nonhybrid_Salmon=14; nonhybrid_Trout=6
1803,snps_40_sample_20_pop_1_ind_0.025,3,40,20,1,0.025,0.025,0.5,0.39731231978089987,TRUE,1,19,TRUE,1,1,0,0,TRUE,FALSE,0.443125,0,1,BC2_to_Trout=1; nonhybrid_Salmon=11; nonhybrid_Trout=8
1804,snps_40_sample_20_pop_1_ind_0.025,4,40,20,1,0.025,0.025,0.5,0.39731231978089987,TRUE,0,20,FALSE,0,0,0,0,FALSE,FALSE,0.4,0,1,nonhybrid_Salmon=12; nonhybrid_Trout=8
1805,snps_40_sample_20_pop_1_ind_0.025,5,40,20,1,0.025,0.025,0.5,0.39731231978089987,TRUE,0,20,FALSE,0,0,0,0,FALSE,FALSE,0.55,0,1,nonhybrid_Salmon=9; nonhybrid_Trout=11
1806,snps_40_sample_20_pop_1_ind_0.025,6,40,20,1,0.025,0.025,0.5,0.39731231978089987,TRUE,0,20,FALSE,0,0,0,0,FALSE,FALSE,0.5,0,1,nonhybrid_Salmon=10; nonhybrid_Trout=10
1807,snps_40_sample_20_pop_1_ind_0.025,7,40,20,1,0.025,0.025,0.5,0.39731231978089987,TRUE,1,19,TRUE,1,1,0,0,TRUE,FALSE,0.48875,0,1,BC1_to_Trout=1; nonhybrid_Salmon=10; nonhybrid_Trout=9
1808,snps_40_sample_20_pop_1_ind_0.025,8,40,20,1,0.025,0.025,0.5,0.39731231978089987,TRUE,2,18,TRUE,1,1,0,1,TRUE,FALSE,0.345625,0,1,BC2_to_Trout=1; BC3_to_Salmon=1; nonhybrid_Salmon=12; nonhybrid_Trout=6
1809,snps_40_sample_20_pop_1_ind_0.025,9,40,20,1,0.025,0.025,0.5,0.39731231978089987,TRUE,1,19,TRUE,1,1,0,0,TRUE,FALSE,0.623125,0,1,F2=1; nonhybrid_Salmon=7; nonhybrid_Trout=12
1810,snps_40_sample_20_pop_1_ind_0.025,10,40,20,1,0.025,0.025,0.5,0.39731231978089987,TRUE,0,20,FALSE,0,0,0,0,FALSE,FALSE,0.35,0,1,nonhybrid_Salmon=13; nonhybrid_Trout=7
1811,snps_40_sample_20_pop_1_ind_0.05,1,40,20,1,0.05,0.05,1,0.6415140775914581,TRUE,2,18,TRUE,1,1,0,1,TRUE,FALSE,0.458125,0,1,BC1_to_Salmon=1; BC3_to_Trout=1; nonhybrid_Salmon=10; nonhybrid_Trout=8
1812,snps_40_sample_20_pop_1_ind_0.05,2,40,20,1,0.05,0.05,1,0.6415140775914581,TRUE,1,19,TRUE,1,1,0,0,TRUE,FALSE,0.54625,0,1,BC2_to_Trout=1; nonhybrid_Salmon=9; nonhybrid_Trout=10
1813,snps_40_sample_20_pop_1_ind_0.05,3,40,20,1,0.05,0.05,1,0.6415140775914581,TRUE,2,18,TRUE,2,2,0,0,TRUE,FALSE,0.5,0,1,BC1_to_Salmon=1; BC1_to_Trout=1; nonhybrid_Salmon=9; nonhybrid_Trout=9
1814,snps_40_sample_20_pop_1_ind_0.05,4,40,20,1,0.05,0.05,1,0.6415140775914581,TRUE,0,20,FALSE,0,0,0,0,FALSE,FALSE,0.65,0,1,nonhybrid_Salmon=7; nonhybrid_Trout=13
1815,snps_40_sample_20_pop_1_ind_0.05,5,40,20,1,0.05,0.05,1,0.6415140775914581,TRUE,2,18,TRUE,1,1,0,1,TRUE,FALSE,0.615625,0,1,BC1_to_Salmon=1; BC3_to_Salmon=1; nonhybrid_Salmon=6; nonhybrid_Trout=12
1816,snps_40_sample_20_pop_1_ind_0.05,6,40,20,1,0.05,0.05,1,0.6415140775914581,TRUE,0,20,FALSE,0,0,0,0,FALSE,FALSE,0.35,0,1,nonhybrid_Salmon=13; nonhybrid_Trout=7
1817,snps_40_sample_20_pop_1_ind_0.05,7,40,20,1,0.05,0.05,1,0.6415140775914581,TRUE,1,19,TRUE,1,1,0,0,TRUE,FALSE,0.575,0,1,F1=1; nonhybrid_Salmon=8; nonhybrid_Trout=11
1818,snps_40_sample_20_pop_1_ind_0.05,8,40,20,1,0.05,0.05,1,0.6415140775914581,TRUE,1,19,TRUE,1,1,0,0,TRUE,FALSE,0.386875,0,1,BC1_to_Trout=1; nonhybrid_Salmon=12; nonhybrid_Trout=7
1819,snps_40_sample_20_pop_1_ind_0.05,9,40,20,1,0.05,0.05,1,0.6415140775914581,TRUE,1,19,TRUE,1,1,0,0,TRUE,FALSE,0.406875,0,1,BC2_to_Salmon=1; nonhybrid_Salmon=11; nonhybrid_Trout=8
1820,snps_40_sample_20_pop_1_ind_0.05,10,40,20,1,0.05,0.05,1,0.6415140775914581,TRUE,0,20,FALSE,0,0,0,0,FALSE,FALSE,0.45,0,1,nonhybrid_Salmon=11; nonhybrid_Trout=9
1821,snps_40_sample_20_pop_1_ind_0.1,1,40,20,1,0.1,0.1,2,0.8784233454094307,TRUE,2,18,TRUE,2,2,0,0,TRUE,FALSE,0.535,0,1,BC2_to_Trout=2; nonhybrid_Salmon=9; nonhybrid_Trout=9
1822,snps_40_sample_20_pop_1_ind_0.1,2,40,20,1,0.1,0.1,2,0.8784233454094307,TRUE,0,20,FALSE,0,0,0,0,FALSE,FALSE,0.6,0,1,nonhybrid_Salmon=8; nonhybrid_Trout=12
1823,snps_40_sample_20_pop_1_ind_0.1,3,40,20,1,0.1,0.1,2,0.8784233454094307,TRUE,0,20,FALSE,0,0,0,0,FALSE,FALSE,0.5,0,1,nonhybrid_Salmon=10; nonhybrid_Trout=10
1824,snps_40_sample_20_pop_1_ind_0.1,4,40,20,1,0.1,0.1,2,0.8784233454094307,TRUE,5,15,TRUE,4,4,0,1,TRUE,FALSE,0.47875,0,1,BC1_to_Trout=1; BC3_to_Trout=2; F1=1; F2=1; nonhybrid_Salmon=9; nonhybrid_Trout=6
1825,snps_40_sample_20_pop_1_ind_0.1,5,40,20,1,0.1,0.1,2,0.8784233454094307,TRUE,1,19,TRUE,1,1,0,0,TRUE,FALSE,0.455625,0,1,BC2_to_Salmon=1; nonhybrid_Salmon=10; nonhybrid_Trout=9
1826,snps_40_sample_20_pop_1_ind_0.1,6,40,20,1,0.1,0.1,2,0.8784233454094307,TRUE,1,19,TRUE,1,1,0,0,TRUE,FALSE,0.456875,0,1,BC2_to_Salmon=1; nonhybrid_Salmon=10; nonhybrid_Trout=9
1827,snps_40_sample_20_pop_1_ind_0.1,7,40,20,1,0.1,0.1,2,0.8784233454094307,TRUE,3,17,TRUE,3,3,0,0,TRUE,FALSE,0.36375,0,1,BC1_to_Trout=1; BC2_to_Salmon=1; F2=1; nonhybrid_Salmon=11; nonhybrid_Trout=6
1828,snps_40_sample_20_pop_1_ind_0.1,8,40,20,1,0.1,0.1,2,0.8784233454094307,TRUE,3,17,TRUE,2,2,0,1,TRUE,FALSE,0.311875,0,1,BC2_to_Salmon=2; BC3_to_Trout=1; nonhybrid_Salmon=12; nonhybrid_Trout=5
1829,snps_40_sample_20_pop_1_ind_0.1,9,40,20,1,0.1,0.1,2,0.8784233454094307,TRUE,5,15,TRUE,3,3,0,2,TRUE,FALSE,0.636875,0,1,BC1_to_Salmon=1; BC2_to_Salmon=1; BC3_to_Trout=2; F2=1; nonhybrid_Salmon=5; nonhybrid_Trout=10
1830,snps_40_sample_20_pop_1_ind_0.1,10,40,20,1,0.1,0.1,2,0.8784233454094307,TRUE,0,20,FALSE,0,0,0,0,FALSE,FALSE,0.6,0,1,nonhybrid_Salmon=8; nonhybrid_Trout=12
1831,snps_40_sample_20_pop_1_ind_0.25,1,40,20,1,0.25,0.25,5,0.996828788061066,TRUE,6,14,TRUE,4,4,0,2,TRUE,FALSE,0.564375,0,1,BC1_to_Salmon=1; BC2_to_Salmon=1; BC3_to_Trout=2; F2=2; nonhybrid_Salmon=6; nonhybrid_Trout=8
1832,snps_40_sample_20_pop_1_ind_0.25,2,40,20,1,0.25,0.25,5,0.996828788061066,TRUE,4,16,TRUE,2,2,0,2,TRUE,FALSE,0.4825,0,1,BC2_to_Salmon=1; BC2_to_Trout=1; BC3_to_Salmon=1; F1=1; nonhybrid_Salmon=8; nonhybrid_Trout=8
1833,snps_40_sample_20_pop_1_ind_0.25,3,40,20,1,0.25,0.25,5,0.996828788061066,TRUE,7,13,TRUE,5,5,0,2,TRUE,FALSE,0.494375,0,1,BC3_to_Salmon=2; BC3_to_Trout=3; F1=1; F2=1; nonhybrid_Salmon=7; nonhybrid_Trout=6
1834,snps_40_sample_20_pop_1_ind_0.25,4,40,20,1,0.25,0.25,5,0.996828788061066,TRUE,4,16,TRUE,4,4,0,0,TRUE,FALSE,0.695625,0,1,BC1_to_Salmon=1; BC1_to_Trout=1; F1=2; nonhybrid_Salmon=4; nonhybrid_Trout=12
1835,snps_40_sample_20_pop_1_ind_0.25,5,40,20,1,0.25,0.25,5,0.996828788061066,TRUE,3,17,TRUE,3,3,0,0,TRUE,FALSE,0.634375,0,1,BC1_to_Trout=1; F1=1; F2=1; nonhybrid_Salmon=6; nonhybrid_Trout=11
1836,snps_40_sample_20_pop_1_ind_0.25,6,40,20,1,0.25,0.25,5,0.996828788061066,TRUE,8,12,TRUE,7,7,0,1,TRUE,FALSE,0.480625,0,1,BC1_to_Salmon=5; BC2_to_Trout=1; BC3_to_Trout=1; F2=1; nonhybrid_Salmon=6; nonhybrid_Trout=6
1837,snps_40_sample_20_pop_1_ind_0.25,7,40,20,1,0.25,0.25,5,0.996828788061066,TRUE,5,15,TRUE,5,5,0,0,TRUE,FALSE,0.5275,0,1,BC2_to_Salmon=1; BC3_to_Trout=1; F1=2; F2=1; nonhybrid_Salmon=7; nonhybrid_Trout=8
1838,snps_40_sample_20_pop_1_ind_0.25,8,40,20,1,0.25,0.25,5,0.996828788061066,TRUE,2,18,TRUE,1,1,0,1,TRUE,FALSE,0.67375,0,1,BC3_to_Salmon=1; F2=1; nonhybrid_Salmon=5; nonhybrid_Trout=13
1839,snps_40_sample_20_pop_1_ind_0.25,9,40,20,1,0.25,0.25,5,0.996828788061066,TRUE,5,15,TRUE,4,4,0,1,TRUE,FALSE,0.454375,0,1,BC2_to_Salmon=1; BC3_to_Salmon=1; BC3_to_Trout=1; F1=1; F2=1; nonhybrid_Salmon=8; nonhybrid_Trout=7
1840,snps_40_sample_20_pop_1_ind_0.25,10,40,20,1,0.25,0.25,5,0.996828788061066,TRUE,4,16,TRUE,4,4,0,0,TRUE,FALSE,0.7006249999999999,0,1,BC2_to_Salmon=2; BC2_to_Trout=1; BC3_to_Trout=1; nonhybrid_Salmon=4; nonhybrid_Trout=12
1841,snps_40_sample_20_pop_1_ind_0.5,1,40,20,1,0.5,0.5,10,0.9999990463256836,TRUE,8,12,TRUE,5,5,0,3,TRUE,FALSE,0.580625,0,1,BC1_to_Salmon=2; BC1_to_Trout=1; BC2_to_Trout=1; BC3_to_Salmon=1; BC3_to_Trout=2; F2=1; nonhybrid_Salmon=5; nonhybrid_Trout=7
1842,snps_40_sample_20_pop_1_ind_0.5,2,40,20,1,0.5,0.5,10,0.9999990463256836,TRUE,11,9,TRUE,10,10,0,1,TRUE,FALSE,0.48125,0,1,BC1_to_Salmon=1; BC1_to_Trout=1; BC2_to_Salmon=2; BC2_to_Trout=1; BC3_to_Trout=1; F1=3; F2=2; nonhybrid_Salmon=5; nonhybrid_Trout=4
1843,snps_40_sample_20_pop_1_ind_0.5,3,40,20,1,0.5,0.5,10,0.9999990463256836,TRUE,12,8,TRUE,9,9,0,3,TRUE,FALSE,0.31125,0,1,BC1_to_Salmon=4; BC2_to_Salmon=4; BC3_to_Salmon=3; F2=1; nonhybrid_Salmon=4; nonhybrid_Trout=4
1844,snps_40_sample_20_pop_1_ind_0.5,4,40,20,1,0.5,0.5,10,0.9999990463256836,TRUE,8,12,TRUE,8,8,0,0,TRUE,FALSE,0.654375,0,1,BC1_to_Salmon=1; BC1_to_Trout=2; BC2_to_Trout=2; F1=3; nonhybrid_Salmon=4; nonhybrid_Trout=8
1845,snps_40_sample_20_pop_1_ind_0.5,5,40,20,1,0.5,0.5,10,0.9999990463256836,TRUE,3,17,TRUE,3,3,0,0,TRUE,FALSE,0.194375,0,1,BC1_to_Salmon=1; BC2_to_Salmon=1; F2=1; nonhybrid_Salmon=14; nonhybrid_Trout=3
1846,snps_40_sample_20_pop_1_ind_0.5,6,40,20,1,0.5,0.5,10,0.9999990463256836,TRUE,9,11,TRUE,8,8,0,1,TRUE,FALSE,0.546875,0,1,BC1_to_Salmon=2; BC1_to_Trout=1; BC2_to_Salmon=2; BC3_to_Salmon=1; BC3_to_Trout=2; F2=1; nonhybrid_Salmon=4; nonhybrid_Trout=7
1847,snps_40_sample_20_pop_1_ind_0.5,7,40,20,1,0.5,0.5,10,0.9999990463256836,TRUE,7,13,TRUE,7,7,0,0,TRUE,FALSE,0.501875,0,1,BC1_to_Salmon=1; BC2_to_Trout=1; BC3_to_Trout=1; F1=3; F2=1; nonhybrid_Salmon=7; nonhybrid_Trout=6
1848,snps_40_sample_20_pop_1_ind_0.5,8,40,20,1,0.5,0.5,10,0.9999990463256836,TRUE,10,10,TRUE,9,9,0,1,TRUE,FALSE,0.6025,0,1,BC2_to_Trout=4; BC3_to_Trout=1; F1=2; F2=3; nonhybrid_Salmon=5; nonhybrid_Trout=5
1849,snps_40_sample_20_pop_1_ind_0.5,9,40,20,1,0.5,0.5,10,0.9999990463256836,TRUE,6,14,TRUE,5,5,0,1,TRUE,FALSE,0.463125,0,1,BC1_to_Salmon=1; BC2_to_Salmon=1; BC2_to_Trout=1; BC3_to_Salmon=1; BC3_to_Trout=2; nonhybrid_Salmon=8; nonhybrid_Trout=6
1850,snps_40_sample_20_pop_1_ind_0.5,10,40,20,1,0.5,0.5,10,0.9999990463256836,TRUE,10,10,TRUE,9,9,0,1,TRUE,FALSE,0.405625,0,1,BC1_to_Salmon=3; BC1_to_Trout=1; BC2_to_Salmon=1; BC3_to_Salmon=1; BC3_to_Trout=1; F1=3; nonhybrid_Salmon=6; nonhybrid_Trout=4
1851,snps_40_sample_20_pop_1_ind_0.75,1,40,20,1,0.75,0.75,15,0.9999999999990905,TRUE,14,6,TRUE,12,12,0,2,TRUE,FALSE,0.533125,0,1,BC1_to_Salmon=1; BC1_to_Trout=2; BC2_to_Salmon=1; BC2_to_Trout=3; BC3_to_Salmon=2; BC3_to_Trout=2; F1=1; F2=2; nonhybrid_Salmon=3; nonhybrid_Trout=3
1852,snps_40_sample_20_pop_1_ind_0.75,2,40,20,1,0.75,0.75,15,0.9999999999990905,TRUE,17,3,TRUE,14,14,0,3,TRUE,FALSE,0.565,0,1,BC1_to_Trout=2; BC2_to_Trout=1; BC3_to_Salmon=3; BC3_to_Trout=3; F1=4; F2=4; nonhybrid_Salmon=1; nonhybrid_Trout=2
1853,snps_40_sample_20_pop_1_ind_0.75,3,40,20,1,0.75,0.75,15,0.9999999999990905,TRUE,13,7,TRUE,12,12,0,1,TRUE,FALSE,0.533125,0,1,BC1_to_Salmon=4; BC1_to_Trout=1; BC2_to_Trout=2; BC3_to_Salmon=3; BC3_to_Trout=1; F2=2; nonhybrid_Salmon=2; nonhybrid_Trout=5
1854,snps_40_sample_20_pop_1_ind_0.75,4,40,20,1,0.75,0.75,15,0.9999999999990905,TRUE,17,3,TRUE,14,14,0,3,TRUE,FALSE,0.516875,0,1,BC1_to_Salmon=2; BC1_to_Trout=2; BC2_to_Salmon=1; BC2_to_Trout=4; BC3_to_Salmon=4; BC3_to_Trout=1; F1=2; F2=1; nonhybrid_Salmon=1; nonhybrid_Trout=2
1855,snps_40_sample_20_pop_1_ind_0.75,5,40,20,1,0.75,0.75,15,0.9999999999990905,TRUE,16,4,TRUE,13,13,0,3,TRUE,FALSE,0.56375,0,1,BC1_to_Salmon=1; BC1_to_Trout=4; BC2_to_Salmon=2; BC2_to_Trout=3; BC3_to_Trout=3; F1=2; F2=1; nonhybrid_Salmon=3; nonhybrid_Trout=1
1856,snps_40_sample_20_pop_1_ind_0.75,6,40,20,1,0.75,0.75,15,0.9999999999990905,TRUE,13,7,TRUE,10,10,0,3,TRUE,FALSE,0.46625,0,1,BC1_to_Trout=1; BC2_to_Salmon=4; BC2_to_Trout=2; BC3_to_Salmon=1; BC3_to_Trout=2; F1=1; F2=2; nonhybrid_Salmon=4; nonhybrid_Trout=3
1857,snps_40_sample_20_pop_1_ind_0.75,7,40,20,1,0.75,0.75,15,0.9999999999990905,TRUE,13,7,TRUE,7,7,0,6,TRUE,FALSE,0.45125,0,1,BC1_to_Salmon=1; BC2_to_Salmon=4; BC2_to_Trout=1; BC3_to_Salmon=2; BC3_to_Trout=4; F2=1; nonhybrid_Salmon=4; nonhybrid_Trout=3
1858,snps_40_sample_20_pop_1_ind_0.75,8,40,20,1,0.75,0.75,15,0.9999999999990905,TRUE,14,6,TRUE,13,13,0,1,TRUE,FALSE,0.45937500000000003,0,1,BC1_to_Salmon=2; BC2_to_Salmon=1; BC2_to_Trout=2; BC3_to_Salmon=2; BC3_to_Trout=3; F1=2; F2=2; nonhybrid_Salmon=4; nonhybrid_Trout=2
1859,snps_40_sample_20_pop_1_ind_0.75,9,40,20,1,0.75,0.75,15,0.9999999999990905,TRUE,15,5,TRUE,10,10,0,5,TRUE,FALSE,0.546875,0,1,BC1_to_Salmon=1; BC1_to_Trout=1; BC3_to_Salmon=3; BC3_to_Trout=4; F1=4; F2=2; nonhybrid_Salmon=2; nonhybrid_Trout=3
1860,snps_40_sample_20_pop_1_ind_0.75,10,40,20,1,0.75,0.75,15,0.9999999999990905,TRUE,17,3,TRUE,14,14,0,3,TRUE,FALSE,0.424375,0,1,BC1_to_Salmon=1; BC2_to_Salmon=4; BC2_to_Trout=1; BC3_to_Salmon=3; BC3_to_Trout=4; F1=2; F2=2; nonhybrid_Salmon=2; nonhybrid_Trout=1
1861,snps_40_sample_20_pop_1_ind_1,1,40,20,1,1,1,20,1,TRUE,20,0,TRUE,18,18,0,2,TRUE,FALSE,0.49,0.0375,0.975,BC1_to_Salmon=3; BC1_to_Trout=3; BC2_to_Salmon=4; BC2_to_Trout=4; BC3_to_Salmon=2; BC3_to_Trout=2; F1=1; F2=1
1862,snps_40_sample_20_pop_1_ind_1,2,40,20,1,1,1,20,1,TRUE,20,0,TRUE,17,17,0,3,TRUE,FALSE,0.384375,0.025,0.9375,BC1_to_Salmon=6; BC1_to_Trout=2; BC2_to_Salmon=3; BC3_to_Salmon=2; BC3_to_Trout=2; F1=3; F2=2
1863,snps_40_sample_20_pop_1_ind_1,3,40,20,1,1,1,20,1,TRUE,20,0,TRUE,17,17,0,3,TRUE,FALSE,0.559375,0.05,0.95,BC1_to_Salmon=6; BC1_to_Trout=2; BC2_to_Trout=3; BC3_to_Salmon=1; BC3_to_Trout=3; F1=2; F2=3
1864,snps_40_sample_20_pop_1_ind_1,4,40,20,1,1,1,20,1,TRUE,20,0,TRUE,18,18,0,2,TRUE,FALSE,0.5675,0.1125,0.95,BC1_to_Salmon=4; BC1_to_Trout=4; BC2_to_Salmon=2; BC2_to_Trout=4; BC3_to_Trout=1; F1=3; F2=2
1865,snps_40_sample_20_pop_1_ind_1,5,40,20,1,1,1,20,1,TRUE,20,0,TRUE,18,18,0,2,TRUE,FALSE,0.335,0.0625,0.925,BC1_to_Salmon=3; BC1_to_Trout=1; BC2_to_Salmon=3; BC2_to_Trout=2; BC3_to_Salmon=6; F1=3; F2=2
1866,snps_40_sample_20_pop_1_ind_1,6,40,20,1,1,1,20,1,TRUE,20,0,TRUE,18,18,0,2,TRUE,FALSE,0.35625,0.0375,0.925,BC1_to_Salmon=3; BC1_to_Trout=1; BC2_to_Salmon=4; BC2_to_Trout=2; BC3_to_Salmon=4; BC3_to_Trout=1; F1=2; F2=3
1867,snps_40_sample_20_pop_1_ind_1,7,40,20,1,1,1,20,1,TRUE,20,0,TRUE,15,15,0,5,TRUE,FALSE,0.4725,0.05,0.975,BC1_to_Salmon=4; BC1_to_Trout=2; BC2_to_Salmon=2; BC2_to_Trout=2; BC3_to_Salmon=3; BC3_to_Trout=3; F1=2; F2=2
1868,snps_40_sample_20_pop_1_ind_1,8,40,20,1,1,1,20,1,TRUE,20,0,TRUE,16,16,0,4,TRUE,FALSE,0.325,0.0125,0.7875,BC1_to_Salmon=6; BC1_to_Trout=5; BC2_to_Salmon=2; BC3_to_Salmon=5; F1=1; F2=1
1869,snps_40_sample_20_pop_1_ind_1,9,40,20,1,1,1,20,1,TRUE,20,0,TRUE,17,17,0,3,TRUE,FALSE,0.38,0.025,0.925,BC1_to_Salmon=3; BC1_to_Trout=2; BC2_to_Salmon=5; BC2_to_Trout=1; BC3_to_Salmon=2; BC3_to_Trout=1; F1=2; F2=4
1870,snps_40_sample_20_pop_1_ind_1,10,40,20,1,1,1,20,1,TRUE,20,0,TRUE,17,17,0,3,TRUE,FALSE,0.525,0.05,0.9375,BC1_to_Salmon=2; BC1_to_Trout=3; BC2_to_Salmon=1; BC2_to_Trout=3; BC3_to_Salmon=3; BC3_to_Trout=2; F1=2; F2=4
1871,snps_40_sample_50_pop_1_ind_0,1,40,50,1,0,0,0,0,TRUE,0,50,FALSE,0,0,0,0,FALSE,FALSE,0.62,0,1,nonhybrid_Salmon=19; nonhybrid_Trout=31
1872,snps_40_sample_50_pop_1_ind_0,2,40,50,1,0,0,0,0,TRUE,0,50,FALSE,0,0,0,0,FALSE,FALSE,0.52,0,1,nonhybrid_Salmon=24; nonhybrid_Trout=26
1873,snps_40_sample_50_pop_1_ind_0,3,40,50,1,0,0,0,0,TRUE,0,50,FALSE,0,0,0,0,FALSE,FALSE,0.5,0,1,nonhybrid_Salmon=25; nonhybrid_Trout=25
1874,snps_40_sample_50_pop_1_ind_0,4,40,50,1,0,0,0,0,TRUE,0,50,FALSE,0,0,0,0,FALSE,FALSE,0.32,0,1,nonhybrid_Salmon=34; nonhybrid_Trout=16
1875,snps_40_sample_50_pop_1_ind_0,5,40,50,1,0,0,0,0,TRUE,0,50,FALSE,0,0,0,0,FALSE,FALSE,0.5,0,1,nonhybrid_Salmon=25; nonhybrid_Trout=25
1876,snps_40_sample_50_pop_1_ind_0,6,40,50,1,0,0,0,0,TRUE,0,50,FALSE,0,0,0,0,FALSE,FALSE,0.48,0,1,nonhybrid_Salmon=26; nonhybrid_Trout=24
1877,snps_40_sample_50_pop_1_ind_0,7,40,50,1,0,0,0,0,TRUE,0,50,FALSE,0,0,0,0,FALSE,FALSE,0.36,0,1,nonhybrid_Salmon=32; nonhybrid_Trout=18
1878,snps_40_sample_50_pop_1_ind_0,8,40,50,1,0,0,0,0,TRUE,0,50,FALSE,0,0,0,0,FALSE,FALSE,0.56,0,1,nonhybrid_Salmon=22; nonhybrid_Trout=28
1879,snps_40_sample_50_pop_1_ind_0,9,40,50,1,0,0,0,0,TRUE,0,50,FALSE,0,0,0,0,FALSE,FALSE,0.36,0,1,nonhybrid_Salmon=32; nonhybrid_Trout=18
1880,snps_40_sample_50_pop_1_ind_0,10,40,50,1,0,0,0,0,TRUE,0,50,FALSE,0,0,0,0,FALSE,FALSE,0.58,0,1,nonhybrid_Salmon=21; nonhybrid_Trout=29
1881,snps_40_sample_50_pop_1_ind_0.001,1,40,50,1,0.001,0.001,0.05,0.04879437180296864,TRUE,0,50,FALSE,0,0,0,0,FALSE,FALSE,0.54,0,1,nonhybrid_Salmon=23; nonhybrid_Trout=27
1882,snps_40_sample_50_pop_1_ind_0.001,2,40,50,1,0.001,0.001,0.05,0.04879437180296864,TRUE,0,50,FALSE,0,0,0,0,FALSE,FALSE,0.46,0,1,nonhybrid_Salmon=27; nonhybrid_Trout=23
1883,snps_40_sample_50_pop_1_ind_0.001,3,40,50,1,0.001,0.001,0.05,0.04879437180296864,TRUE,0,50,FALSE,0,0,0,0,FALSE,FALSE,0.46,0,1,nonhybrid_Salmon=27; nonhybrid_Trout=23
1884,snps_40_sample_50_pop_1_ind_0.001,4,40,50,1,0.001,0.001,0.05,0.04879437180296864,TRUE,0,50,FALSE,0,0,0,0,FALSE,FALSE,0.52,0,1,nonhybrid_Salmon=24; nonhybrid_Trout=26
1885,snps_40_sample_50_pop_1_ind_0.001,5,40,50,1,0.001,0.001,0.05,0.04879437180296864,TRUE,0,50,FALSE,0,0,0,0,FALSE,FALSE,0.48,0,1,nonhybrid_Salmon=26; nonhybrid_Trout=24
1886,snps_40_sample_50_pop_1_ind_0.001,6,40,50,1,0.001,0.001,0.05,0.04879437180296864,TRUE,0,50,FALSE,0,0,0,0,FALSE,FALSE,0.5,0,1,nonhybrid_Salmon=25; nonhybrid_Trout=25
1887,snps_40_sample_50_pop_1_ind_0.001,7,40,50,1,0.001,0.001,0.05,0.04879437180296864,TRUE,0,50,FALSE,0,0,0,0,FALSE,FALSE,0.54,0,1,nonhybrid_Salmon=23; nonhybrid_Trout=27
1888,snps_40_sample_50_pop_1_ind_0.001,8,40,50,1,0.001,0.001,0.05,0.04879437180296864,TRUE,0,50,FALSE,0,0,0,0,FALSE,FALSE,0.56,0,1,nonhybrid_Salmon=22; nonhybrid_Trout=28
1889,snps_40_sample_50_pop_1_ind_0.001,9,40,50,1,0.001,0.001,0.05,0.04879437180296864,TRUE,0,50,FALSE,0,0,0,0,FALSE,FALSE,0.52,0,1,nonhybrid_Salmon=24; nonhybrid_Trout=26
1890,snps_40_sample_50_pop_1_ind_0.001,10,40,50,1,0.001,0.001,0.05,0.04879437180296864,TRUE,0,50,FALSE,0,0,0,0,FALSE,FALSE,0.4,0,1,nonhybrid_Salmon=30; nonhybrid_Trout=20
1891,snps_40_sample_50_pop_1_ind_0.005,1,40,50,1,0.005,0.005,0.25,0.22168744293135811,TRUE,0,50,FALSE,0,0,0,0,FALSE,FALSE,0.5,0,1,nonhybrid_Salmon=25; nonhybrid_Trout=25
1892,snps_40_sample_50_pop_1_ind_0.005,2,40,50,1,0.005,0.005,0.25,0.22168744293135811,TRUE,0,50,FALSE,0,0,0,0,FALSE,FALSE,0.44,0,1,nonhybrid_Salmon=28; nonhybrid_Trout=22
1893,snps_40_sample_50_pop_1_ind_0.005,3,40,50,1,0.005,0.005,0.25,0.22168744293135811,TRUE,0,50,FALSE,0,0,0,0,FALSE,FALSE,0.46,0,1,nonhybrid_Salmon=27; nonhybrid_Trout=23
1894,snps_40_sample_50_pop_1_ind_0.005,4,40,50,1,0.005,0.005,0.25,0.22168744293135811,TRUE,0,50,FALSE,0,0,0,0,FALSE,FALSE,0.54,0,1,nonhybrid_Salmon=23; nonhybrid_Trout=27
1895,snps_40_sample_50_pop_1_ind_0.005,5,40,50,1,0.005,0.005,0.25,0.22168744293135811,TRUE,1,49,TRUE,1,1,0,0,TRUE,FALSE,0.462,0,1,BC2_to_Salmon=1; nonhybrid_Salmon=26; nonhybrid_Trout=23
1896,snps_40_sample_50_pop_1_ind_0.005,6,40,50,1,0.005,0.005,0.25,0.22168744293135811,TRUE,1,49,TRUE,1,1,0,0,TRUE,FALSE,0.4585,0,1,BC3_to_Trout=1; nonhybrid_Salmon=27; nonhybrid_Trout=22
1897,snps_40_sample_50_pop_1_ind_0.005,7,40,50,1,0.005,0.005,0.25,0.22168744293135811,TRUE,0,50,FALSE,0,0,0,0,FALSE,FALSE,0.4,0,1,nonhybrid_Salmon=30; nonhybrid_Trout=20
1898,snps_40_sample_50_pop_1_ind_0.005,8,40,50,1,0.005,0.005,0.25,0.22168744293135811,TRUE,1,49,TRUE,1,1,0,0,TRUE,FALSE,0.50525,0,1,BC1_to_Salmon=1; nonhybrid_Salmon=24; nonhybrid_Trout=25
1899,snps_40_sample_50_pop_1_ind_0.005,9,40,50,1,0.005,0.005,0.25,0.22168744293135811,TRUE,0,50,FALSE,0,0,0,0,FALSE,FALSE,0.48,0,1,nonhybrid_Salmon=26; nonhybrid_Trout=24
1900,snps_40_sample_50_pop_1_ind_0.005,10,40,50,1,0.005,0.005,0.25,0.22168744293135811,TRUE,0,50,FALSE,0,0,0,0,FALSE,FALSE,0.52,0,1,nonhybrid_Salmon=24; nonhybrid_Trout=26
1901,snps_40_sample_50_pop_1_ind_0.01,1,40,50,1,0.01,0.01,0.5,0.39499393286246365,TRUE,0,50,FALSE,0,0,0,0,FALSE,FALSE,0.54,0,1,nonhybrid_Salmon=23; nonhybrid_Trout=27
1902,snps_40_sample_50_pop_1_ind_0.01,2,40,50,1,0.01,0.01,0.5,0.39499393286246365,TRUE,0,50,FALSE,0,0,0,0,FALSE,FALSE,0.38,0,1,nonhybrid_Salmon=31; nonhybrid_Trout=19
1903,snps_40_sample_50_pop_1_ind_0.01,3,40,50,1,0.01,0.01,0.5,0.39499393286246365,TRUE,0,50,FALSE,0,0,0,0,FALSE,FALSE,0.54,0,1,nonhybrid_Salmon=23; nonhybrid_Trout=27
1904,snps_40_sample_50_pop_1_ind_0.01,4,40,50,1,0.01,0.01,0.5,0.39499393286246365,TRUE,1,49,TRUE,1,1,0,0,TRUE,FALSE,0.45575,0,1,BC1_to_Trout=1; nonhybrid_Salmon=27; nonhybrid_Trout=22
1905,snps_40_sample_50_pop_1_ind_0.01,5,40,50,1,0.01,0.01,0.5,0.39499393286246365,TRUE,0,50,FALSE,0,0,0,0,FALSE,FALSE,0.38,0,1,nonhybrid_Salmon=31; nonhybrid_Trout=19
1906,snps_40_sample_50_pop_1_ind_0.01,6,40,50,1,0.01,0.01,0.5,0.39499393286246365,TRUE,2,48,TRUE,2,2,0,0,TRUE,FALSE,0.47975,0,1,BC2_to_Salmon=1; BC2_to_Trout=1; nonhybrid_Salmon=25; nonhybrid_Trout=23
1907,snps_40_sample_50_pop_1_ind_0.01,7,40,50,1,0.01,0.01,0.5,0.39499393286246365,TRUE,1,49,TRUE,1,1,0,0,TRUE,FALSE,0.5375,0,1,BC2_to_Trout=1; nonhybrid_Salmon=23; nonhybrid_Trout=26
1908,snps_40_sample_50_pop_1_ind_0.01,8,40,50,1,0.01,0.01,0.5,0.39499393286246365,TRUE,2,48,TRUE,1,1,0,1,TRUE,FALSE,0.41175,0,1,BC3_to_Salmon=1; F2=1; nonhybrid_Salmon=28; nonhybrid_Trout=20
1909,snps_40_sample_50_pop_1_ind_0.01,9,40,50,1,0.01,0.01,0.5,0.39499393286246365,TRUE,0,50,FALSE,0,0,0,0,FALSE,FALSE,0.42,0,1,nonhybrid_Salmon=29; nonhybrid_Trout=21
1910,snps_40_sample_50_pop_1_ind_0.01,10,40,50,1,0.01,0.01,0.5,0.39499393286246365,TRUE,0,50,FALSE,0,0,0,0,FALSE,FALSE,0.46,0,1,nonhybrid_Salmon=27; nonhybrid_Trout=23
1911,snps_40_sample_50_pop_1_ind_0.025,1,40,50,1,0.025,0.025,1.25,0.718011897659083,TRUE,2,48,TRUE,1,1,0,1,TRUE,FALSE,0.449,0,1,BC3_to_Trout=1; F1=1; nonhybrid_Salmon=27; nonhybrid_Trout=21
1912,snps_40_sample_50_pop_1_ind_0.025,2,40,50,1,0.025,0.025,1.25,0.718011897659083,TRUE,2,48,TRUE,2,2,0,0,TRUE,FALSE,0.50725,0,1,BC1_to_Trout=1; F2=1; nonhybrid_Salmon=24; nonhybrid_Trout=24
1913,snps_40_sample_50_pop_1_ind_0.025,3,40,50,1,0.025,0.025,1.25,0.718011897659083,TRUE,0,50,FALSE,0,0,0,0,FALSE,FALSE,0.44,0,1,nonhybrid_Salmon=28; nonhybrid_Trout=22
1914,snps_40_sample_50_pop_1_ind_0.025,4,40,50,1,0.025,0.025,1.25,0.718011897659083,TRUE,3,47,TRUE,3,3,0,0,TRUE,FALSE,0.63025,0,1,BC1_to_Salmon=1; BC1_to_Trout=1; F2=1; nonhybrid_Salmon=17; nonhybrid_Trout=30
1915,snps_40_sample_50_pop_1_ind_0.025,5,40,50,1,0.025,0.025,1.25,0.718011897659083,TRUE,0,50,FALSE,0,0,0,0,FALSE,FALSE,0.56,0,1,nonhybrid_Salmon=22; nonhybrid_Trout=28
1916,snps_40_sample_50_pop_1_ind_0.025,6,40,50,1,0.025,0.025,1.25,0.718011897659083,TRUE,1,49,TRUE,1,1,0,0,TRUE,FALSE,0.49,0,1,F1=1; nonhybrid_Salmon=25; nonhybrid_Trout=24
1917,snps_40_sample_50_pop_1_ind_0.025,7,40,50,1,0.025,0.025,1.25,0.718011897659083,TRUE,3,47,TRUE,3,3,0,0,TRUE,FALSE,0.45825,0,1,BC1_to_Salmon=1; BC2_to_Salmon=1; F2=1; nonhybrid_Salmon=25; nonhybrid_Trout=22
1918,snps_40_sample_50_pop_1_ind_0.025,8,40,50,1,0.025,0.025,1.25,0.718011897659083,TRUE,0,50,FALSE,0,0,0,0,FALSE,FALSE,0.44,0,1,nonhybrid_Salmon=28; nonhybrid_Trout=22
1919,snps_40_sample_50_pop_1_ind_0.025,9,40,50,1,0.025,0.025,1.25,0.718011897659083,TRUE,1,49,TRUE,0,0,0,1,FALSE,FALSE,0.541,0,1,BC3_to_Salmon=1; nonhybrid_Salmon=22; nonhybrid_Trout=27
1920,snps_40_sample_50_pop_1_ind_0.025,10,40,50,1,0.025,0.025,1.25,0.718011897659083,TRUE,1,49,TRUE,0,0,0,1,FALSE,FALSE,0.51875,0,1,BC3_to_Trout=1; nonhybrid_Salmon=24; nonhybrid_Trout=25
1921,snps_40_sample_50_pop_1_ind_0.05,1,40,50,1,0.05,0.05,2.5,0.9230550247232868,TRUE,1,49,TRUE,0,0,0,1,FALSE,FALSE,0.4795,0,1,BC3_to_Trout=1; nonhybrid_Salmon=26; nonhybrid_Trout=23
1922,snps_40_sample_50_pop_1_ind_0.05,2,40,50,1,0.05,0.05,2.5,0.9230550247232868,TRUE,0,50,FALSE,0,0,0,0,FALSE,FALSE,0.58,0,1,nonhybrid_Salmon=21; nonhybrid_Trout=29
1923,snps_40_sample_50_pop_1_ind_0.05,3,40,50,1,0.05,0.05,2.5,0.9230550247232868,TRUE,2,48,TRUE,1,1,0,1,TRUE,FALSE,0.34525,0,1,BC1_to_Salmon=1; BC3_to_Salmon=1; nonhybrid_Salmon=31; nonhybrid_Trout=17
1924,snps_40_sample_50_pop_1_ind_0.05,4,40,50,1,0.05,0.05,2.5,0.9230550247232868,TRUE,0,50,FALSE,0,0,0,0,FALSE,FALSE,0.48,0,1,nonhybrid_Salmon=26; nonhybrid_Trout=24
1925,snps_40_sample_50_pop_1_ind_0.05,5,40,50,1,0.05,0.05,2.5,0.9230550247232868,TRUE,1,49,TRUE,1,1,0,0,TRUE,FALSE,0.4495,0,1,F2=1; nonhybrid_Salmon=27; nonhybrid_Trout=22
1926,snps_40_sample_50_pop_1_ind_0.05,6,40,50,1,0.05,0.05,2.5,0.9230550247232868,TRUE,4,46,TRUE,4,4,0,0,TRUE,FALSE,0.5265,0,1,BC1_to_Salmon=1; BC1_to_Trout=2; F2=1; nonhybrid_Salmon=22; nonhybrid_Trout=24
1927,snps_40_sample_50_pop_1_ind_0.05,7,40,50,1,0.05,0.05,2.5,0.9230550247232868,TRUE,5,45,TRUE,3,3,0,2,TRUE,FALSE,0.4825,0,1,BC1_to_Salmon=2; BC3_to_Salmon=2; F2=1; nonhybrid_Salmon=22; nonhybrid_Trout=23
1928,snps_40_sample_50_pop_1_ind_0.05,8,40,50,1,0.05,0.05,2.5,0.9230550247232868,TRUE,4,46,TRUE,4,4,0,0,TRUE,FALSE,0.62175,0,1,BC1_to_Trout=1; BC2_to_Salmon=1; BC3_to_Salmon=2; nonhybrid_Salmon=16; nonhybrid_Trout=30
1929,snps_40_sample_50_pop_1_ind_0.05,9,40,50,1,0.05,0.05,2.5,0.9230550247232868,TRUE,4,46,TRUE,3,3,0,1,TRUE,FALSE,0.47875,0,1,BC1_to_Trout=1; BC2_to_Salmon=2; BC3_to_Trout=1; nonhybrid_Salmon=24; nonhybrid_Trout=22
1930,snps_40_sample_50_pop_1_ind_0.05,10,40,50,1,0.05,0.05,2.5,0.9230550247232868,TRUE,3,47,TRUE,3,3,0,0,TRUE,FALSE,0.5465,0,1,BC3_to_Trout=2; F2=1; nonhybrid_Salmon=22; nonhybrid_Trout=25
1931,snps_40_sample_50_pop_1_ind_0.1,1,40,50,1,0.1,0.1,5,0.9948462247926799,TRUE,6,44,TRUE,6,6,0,0,TRUE,FALSE,0.44625,0,1,BC1_to_Salmon=1; BC1_to_Trout=2; BC3_to_Salmon=1; BC3_to_Trout=1; F2=1; nonhybrid_Salmon=25; nonhybrid_Trout=19
1932,snps_40_sample_50_pop_1_ind_0.1,2,40,50,1,0.1,0.1,5,0.9948462247926799,TRUE,3,47,TRUE,3,3,0,0,TRUE,FALSE,0.5245,0,1,BC1_to_Trout=1; BC2_to_Trout=1; F1=1; nonhybrid_Salmon=23; nonhybrid_Trout=24
1933,snps_40_sample_50_pop_1_ind_0.1,3,40,50,1,0.1,0.1,5,0.9948462247926799,TRUE,5,45,TRUE,4,4,0,1,TRUE,FALSE,0.4625,0,1,BC1_to_Salmon=1; BC2_to_Salmon=1; BC2_to_Trout=1; BC3_to_Salmon=1; BC3_to_Trout=1; nonhybrid_Salmon=24; nonhybrid_Trout=21
1934,snps_40_sample_50_pop_1_ind_0.1,4,40,50,1,0.1,0.1,5,0.9948462247926799,TRUE,4,46,TRUE,4,4,0,0,TRUE,FALSE,0.55275,0,1,BC1_to_Salmon=2; BC1_to_Trout=1; F1=1; nonhybrid_Salmon=20; nonhybrid_Trout=26
1935,snps_40_sample_50_pop_1_ind_0.1,5,40,50,1,0.1,0.1,5,0.9948462247926799,TRUE,9,41,TRUE,6,6,0,3,TRUE,FALSE,0.48325,0,1,BC1_to_Salmon=1; BC1_to_Trout=1; BC2_to_Salmon=1; BC2_to_Trout=1; BC3_to_Salmon=3; F1=1; F2=1; nonhybrid_Salmon=20; nonhybrid_Trout=21
1936,snps_40_sample_50_pop_1_ind_0.1,6,40,50,1,0.1,0.1,5,0.9948462247926799,TRUE,3,47,TRUE,3,3,0,0,TRUE,FALSE,0.4235,0,1,BC1_to_Trout=1; BC2_to_Trout=1; F2=1; nonhybrid_Salmon=28; nonhybrid_Trout=19
1937,snps_40_sample_50_pop_1_ind_0.1,7,40,50,1,0.1,0.1,5,0.9948462247926799,TRUE,3,47,TRUE,2,2,0,1,TRUE,FALSE,0.431,0,1,BC1_to_Salmon=2; BC3_to_Salmon=1; nonhybrid_Salmon=26; nonhybrid_Trout=21
1938,snps_40_sample_50_pop_1_ind_0.1,8,40,50,1,0.1,0.1,5,0.9948462247926799,TRUE,4,46,TRUE,4,4,0,0,TRUE,FALSE,0.42725,0,1,BC1_to_Salmon=1; BC2_to_Trout=1; BC3_to_Salmon=2; nonhybrid_Salmon=26; nonhybrid_Trout=20
1939,snps_40_sample_50_pop_1_ind_0.1,9,40,50,1,0.1,0.1,5,0.9948462247926799,TRUE,4,46,TRUE,3,3,0,1,TRUE,FALSE,0.551,0,1,BC1_to_Salmon=1; BC2_to_Trout=1; BC3_to_Trout=1; F1=1; nonhybrid_Salmon=21; nonhybrid_Trout=25
1940,snps_40_sample_50_pop_1_ind_0.1,10,40,50,1,0.1,0.1,5,0.9948462247926799,TRUE,6,44,TRUE,6,6,0,0,TRUE,FALSE,0.52125,0,1,BC1_to_Salmon=1; BC1_to_Trout=1; BC2_to_Salmon=1; BC2_to_Trout=1; F1=1; F2=1; nonhybrid_Salmon=21; nonhybrid_Trout=23
1941,snps_40_sample_50_pop_1_ind_0.25,1,40,50,1,0.25,0.25,12.5,0.9999994336783435,TRUE,13,37,TRUE,12,12,0,1,TRUE,FALSE,0.5645,0,1,BC1_to_Salmon=3; BC1_to_Trout=1; BC2_to_Salmon=1; BC2_to_Trout=3; BC3_to_Salmon=1; F1=2; F2=2; nonhybrid_Salmon=15; nonhybrid_Trout=22
1942,snps_40_sample_50_pop_1_ind_0.25,2,40,50,1,0.25,0.25,12.5,0.9999994336783435,TRUE,12,38,TRUE,11,11,0,1,TRUE,FALSE,0.44525,0,1,BC1_to_Salmon=3; BC1_to_Trout=2; BC2_to_Trout=1; BC3_to_Salmon=1; BC3_to_Trout=1; F1=2; F2=2; nonhybrid_Salmon=22; nonhybrid_Trout=16
1943,snps_40_sample_50_pop_1_ind_0.25,3,40,50,1,0.25,0.25,12.5,0.9999994336783435,TRUE,17,33,TRUE,14,14,0,3,TRUE,FALSE,0.50175,0,1,BC1_to_Salmon=4; BC2_to_Salmon=1; BC2_to_Trout=3; BC3_to_Salmon=5; BC3_to_Trout=3; F2=1; nonhybrid_Salmon=15; nonhybrid_Trout=18
1944,snps_40_sample_50_pop_1_ind_0.25,4,40,50,1,0.25,0.25,12.5,0.9999994336783435,TRUE,18,32,TRUE,17,17,0,1,TRUE,FALSE,0.44125,0,1,BC1_to_Salmon=5; BC1_to_Trout=1; BC2_to_Salmon=3; BC2_to_Trout=2; BC3_to_Salmon=3; F1=1; F2=3; nonhybrid_Salmon=16; nonhybrid_Trout=16
1945,snps_40_sample_50_pop_1_ind_0.25,5,40,50,1,0.25,0.25,12.5,0.9999994336783435,TRUE,8,42,TRUE,8,8,0,0,TRUE,FALSE,0.451,0,1,BC1_to_Salmon=2; BC2_to_Trout=4; BC3_to_Salmon=1; F1=1; nonhybrid_Salmon=24; nonhybrid_Trout=18
1946,snps_40_sample_50_pop_1_ind_0.25,6,40,50,1,0.25,0.25,12.5,0.9999994336783435,TRUE,14,36,TRUE,11,11,0,3,TRUE,FALSE,0.4885,0,1,BC1_to_Salmon=2; BC2_to_Salmon=1; BC2_to_Trout=1; BC3_to_Salmon=3; BC3_to_Trout=3; F1=1; F2=3; nonhybrid_Salmon=18; nonhybrid_Trout=18
1947,snps_40_sample_50_pop_1_ind_0.25,7,40,50,1,0.25,0.25,12.5,0.9999994336783435,TRUE,13,37,TRUE,13,13,0,0,TRUE,FALSE,0.38425,0,1,BC1_to_Salmon=2; BC1_to_Trout=3; BC2_to_Salmon=1; BC2_to_Trout=1; BC3_to_Salmon=1; F1=2; F2=3; nonhybrid_Salmon=24; nonhybrid_Trout=13
1948,snps_40_sample_50_pop_1_ind_0.25,8,40,50,1,0.25,0.25,12.5,0.9999994336783435,TRUE,12,38,TRUE,10,10,0,2,TRUE,FALSE,0.5055,0,1,BC1_to_Salmon=3; BC1_to_Trout=1; BC2_to_Salmon=1; BC2_to_Trout=1; BC3_to_Salmon=3; BC3_to_Trout=2; F2=1; nonhybrid_Salmon=18; nonhybrid_Trout=20
1949,snps_40_sample_50_pop_1_ind_0.25,9,40,50,1,0.25,0.25,12.5,0.9999994336783435,TRUE,14,36,TRUE,12,12,0,2,TRUE,FALSE,0.492,0,1,BC1_to_Trout=4; BC2_to_Salmon=2; BC2_to_Trout=1; BC3_to_Salmon=3; F1=1; F2=3; nonhybrid_Salmon=18; nonhybrid_Trout=18
1950,snps_40_sample_50_pop_1_ind_0.25,10,40,50,1,0.25,0.25,12.5,0.9999994336783435,TRUE,16,34,TRUE,15,15,0,1,TRUE,FALSE,0.6465,0,1,BC1_to_Salmon=3; BC1_to_Trout=4; BC2_to_Trout=2; BC3_to_Salmon=1; F1=2; F2=4; nonhybrid_Salmon=10; nonhybrid_Trout=24
1951,snps_40_sample_50_pop_1_ind_0.5,1,40,50,1,0.5,0.5,25,0.9999999999999991,TRUE,32,18,TRUE,30,30,0,2,TRUE,FALSE,0.51875,0,1,BC1_to_Salmon=8; BC1_to_Trout=3; BC2_to_Salmon=3; BC2_to_Trout=2; BC3_to_Salmon=3; BC3_to_Trout=4; F1=5; F2=4; nonhybrid_Salmon=7; nonhybrid_Trout=11
1952,snps_40_sample_50_pop_1_ind_0.5,2,40,50,1,0.5,0.5,25,0.9999999999999991,TRUE,26,24,TRUE,23,23,0,3,TRUE,FALSE,0.66325,0,1,BC1_to_Salmon=3; BC1_to_Trout=5; BC2_to_Salmon=5; BC2_to_Trout=5; BC3_to_Salmon=1; BC3_to_Trout=2; F1=3; F2=2; nonhybrid_Salmon=5; nonhybrid_Trout=19
1953,snps_40_sample_50_pop_1_ind_0.5,3,40,50,1,0.5,0.5,25,0.9999999999999991,TRUE,26,24,TRUE,21,21,0,5,TRUE,FALSE,0.45875,0,1,BC1_to_Salmon=3; BC1_to_Trout=2; BC2_to_Salmon=2; BC2_to_Trout=7; BC3_to_Salmon=4; BC3_to_Trout=2; F1=4; F2=2; nonhybrid_Salmon=15; nonhybrid_Trout=9
1954,snps_40_sample_50_pop_1_ind_0.5,4,40,50,1,0.5,0.5,25,0.9999999999999991,TRUE,27,23,TRUE,26,26,0,1,TRUE,FALSE,0.4425,0,1,BC1_to_Salmon=2; BC1_to_Trout=2; BC2_to_Salmon=3; BC2_to_Trout=4; BC3_to_Salmon=2; F1=8; F2=6; nonhybrid_Salmon=14; nonhybrid_Trout=9
1955,snps_40_sample_50_pop_1_ind_0.5,5,40,50,1,0.5,0.5,25,0.9999999999999991,TRUE,19,31,TRUE,16,16,0,3,TRUE,FALSE,0.365,0,1,BC1_to_Salmon=3; BC1_to_Trout=1; BC2_to_Salmon=4; BC2_to_Trout=1; BC3_to_Salmon=6; BC3_to_Trout=2; F1=1; F2=1; nonhybrid_Salmon=19; nonhybrid_Trout=12
1956,snps_40_sample_50_pop_1_ind_0.5,6,40,50,1,0.5,0.5,25,0.9999999999999991,TRUE,21,29,TRUE,19,19,0,2,TRUE,FALSE,0.424,0,1,BC1_to_Salmon=1; BC1_to_Trout=4; BC2_to_Salmon=4; BC2_to_Trout=5; BC3_to_Salmon=6; F2=1; nonhybrid_Salmon=17; nonhybrid_Trout=12
1957,snps_40_sample_50_pop_1_ind_0.5,7,40,50,1,0.5,0.5,25,0.9999999999999991,TRUE,30,20,TRUE,26,26,0,4,TRUE,FALSE,0.5635,0,1,BC1_to_Salmon=3; BC1_to_Trout=6; BC2_to_Salmon=1; BC3_to_Salmon=3; BC3_to_Trout=6; F1=8; F2=3; nonhybrid_Salmon=9; nonhybrid_Trout=11
1958,snps_40_sample_50_pop_1_ind_0.5,8,40,50,1,0.5,0.5,25,0.9999999999999991,TRUE,23,27,TRUE,16,16,0,7,TRUE,FALSE,0.47275,0,1,BC1_to_Salmon=3; BC1_to_Trout=3; BC2_to_Salmon=2; BC3_to_Salmon=5; BC3_to_Trout=5; F1=4; F2=1; nonhybrid_Salmon=14; nonhybrid_Trout=13
1959,snps_40_sample_50_pop_1_ind_0.5,9,40,50,1,0.5,0.5,25,0.9999999999999991,TRUE,27,23,TRUE,24,24,0,3,TRUE,FALSE,0.5645,0,1,BC1_to_Salmon=1; BC1_to_Trout=2; BC2_to_Salmon=1; BC2_to_Trout=8; BC3_to_Salmon=4; BC3_to_Trout=4; F1=4; F2=3; nonhybrid_Salmon=11; nonhybrid_Trout=12
1960,snps_40_sample_50_pop_1_ind_0.5,10,40,50,1,0.5,0.5,25,0.9999999999999991,TRUE,26,24,TRUE,26,26,0,0,TRUE,FALSE,0.518,0,1,BC1_to_Salmon=4; BC1_to_Trout=2; BC2_to_Salmon=5; BC2_to_Trout=4; BC3_to_Salmon=4; BC3_to_Trout=1; F1=4; F2=2; nonhybrid_Salmon=9; nonhybrid_Trout=15
1961,snps_40_sample_50_pop_1_ind_0.75,1,40,50,1,0.75,0.75,37.5,1,TRUE,41,9,TRUE,35,35,0,6,TRUE,FALSE,0.53375,0,1,BC1_to_Salmon=4; BC1_to_Trout=4; BC2_to_Salmon=3; BC2_to_Trout=9; BC3_to_Salmon=5; BC3_to_Trout=5; F1=5; F2=6; nonhybrid_Salmon=5; nonhybrid_Trout=4
1962,snps_40_sample_50_pop_1_ind_0.75,2,40,50,1,0.75,0.75,37.5,1,TRUE,42,8,TRUE,36,36,0,6,TRUE,FALSE,0.548,0,1,BC1_to_Salmon=7; BC1_to_Trout=4; BC2_to_Salmon=3; BC2_to_Trout=6; BC3_to_Salmon=5; BC3_to_Trout=8; F1=6; F2=3; nonhybrid_Salmon=3; nonhybrid_Trout=5
1963,snps_40_sample_50_pop_1_ind_0.75,3,40,50,1,0.75,0.75,37.5,1,TRUE,34,16,TRUE,27,27,0,7,TRUE,FALSE,0.47025,0,1,BC1_to_Salmon=4; BC1_to_Trout=2; BC2_to_Salmon=5; BC2_to_Trout=7; BC3_to_Salmon=7; BC3_to_Trout=1; F1=3; F2=5; nonhybrid_Salmon=7; nonhybrid_Trout=9
1964,snps_40_sample_50_pop_1_ind_0.75,4,40,50,1,0.75,0.75,37.5,1,TRUE,45,5,TRUE,36,36,0,9,TRUE,FALSE,0.51,0,1,BC1_to_Salmon=6; BC1_to_Trout=2; BC2_to_Salmon=5; BC2_to_Trout=10; BC3_to_Salmon=4; BC3_to_Trout=6; F1=6; F2=6; nonhybrid_Salmon=4; nonhybrid_Trout=1
1965,snps_40_sample_50_pop_1_ind_0.75,5,40,50,1,0.75,0.75,37.5,1,TRUE,40,10,TRUE,38,38,0,2,TRUE,FALSE,0.5715,0,1,BC1_to_Salmon=5; BC1_to_Trout=4; BC2_to_Salmon=6; BC2_to_Trout=6; BC3_to_Salmon=1; BC3_to_Trout=5; F1=6; F2=7; nonhybrid_Salmon=3; nonhybrid_Trout=7
1966,snps_40_sample_50_pop_1_ind_0.75,6,40,50,1,0.75,0.75,37.5,1,TRUE,42,8,TRUE,37,37,0,5,TRUE,FALSE,0.4735,0,1,BC1_to_Salmon=10; BC1_to_Trout=4; BC2_to_Salmon=7; BC2_to_Trout=4; BC3_to_Salmon=4; BC3_to_Trout=4; F1=7; F2=2; nonhybrid_Salmon=3; nonhybrid_Trout=5
1967,snps_40_sample_50_pop_1_ind_0.75,7,40,50,1,0.75,0.75,37.5,1,TRUE,34,16,TRUE,27,27,0,7,TRUE,FALSE,0.577,0,1,BC1_to_Salmon=3; BC1_to_Trout=5; BC2_to_Salmon=3; BC2_to_Trout=6; BC3_to_Salmon=4; BC3_to_Trout=4; F1=5; F2=4; nonhybrid_Salmon=6; nonhybrid_Trout=10
1968,snps_40_sample_50_pop_1_ind_0.75,8,40,50,1,0.75,0.75,37.5,1,TRUE,36,14,TRUE,31,31,0,5,TRUE,FALSE,0.451,0,1,BC1_to_Salmon=7; BC1_to_Trout=6; BC2_to_Salmon=7; BC2_to_Trout=3; BC3_to_Salmon=3; BC3_to_Trout=5; F1=2; F2=3; nonhybrid_Salmon=8; nonhybrid_Trout=6
1969,snps_40_sample_50_pop_1_ind_0.75,9,40,50,1,0.75,0.75,37.5,1,TRUE,37,13,TRUE,34,34,0,3,TRUE,FALSE,0.4875,0,1,BC1_to_Salmon=3; BC1_to_Trout=6; BC2_to_Salmon=4; BC2_to_Trout=5; BC3_to_Salmon=4; BC3_to_Trout=4; F1=5; F2=6; nonhybrid_Salmon=8; nonhybrid_Trout=5
1970,snps_40_sample_50_pop_1_ind_0.75,10,40,50,1,0.75,0.75,37.5,1,TRUE,33,17,TRUE,22,22,0,11,TRUE,FALSE,0.409,0,1,BC1_to_Salmon=9; BC1_to_Trout=1; BC2_to_Salmon=3; BC2_to_Trout=4; BC3_to_Salmon=8; BC3_to_Trout=4; F1=1; F2=3; nonhybrid_Salmon=10; nonhybrid_Trout=7
1971,snps_40_sample_50_pop_1_ind_1,1,40,50,1,1,1,50,1,TRUE,50,0,TRUE,40,40,0,10,TRUE,FALSE,0.49425,0.025,0.9875,BC1_to_Salmon=8; BC1_to_Trout=7; BC2_to_Salmon=3; BC2_to_Trout=5; BC3_to_Salmon=7; BC3_to_Trout=7; F1=6; F2=7
1972,snps_40_sample_50_pop_1_ind_1,2,40,50,1,1,1,50,1,TRUE,50,0,TRUE,46,46,0,4,TRUE,FALSE,0.465,0.05,0.95,BC1_to_Salmon=6; BC1_to_Trout=6; BC2_to_Salmon=10; BC2_to_Trout=6; BC3_to_Salmon=6; BC3_to_Trout=5; F1=6; F2=5
1973,snps_40_sample_50_pop_1_ind_1,3,40,50,1,1,1,50,1,TRUE,50,0,TRUE,38,38,0,12,TRUE,FALSE,0.46025,0.0375,0.975,BC1_to_Salmon=6; BC1_to_Trout=4; BC2_to_Salmon=9; BC2_to_Trout=6; BC3_to_Salmon=8; BC3_to_Trout=7; F1=7; F2=3
1974,snps_40_sample_50_pop_1_ind_1,4,40,50,1,1,1,50,1,TRUE,50,0,TRUE,40,40,0,10,TRUE,FALSE,0.42675,0.0375,0.9875,BC1_to_Salmon=6; BC1_to_Trout=3; BC2_to_Salmon=8; BC2_to_Trout=4; BC3_to_Salmon=9; BC3_to_Trout=5; F1=6; F2=9
1975,snps_40_sample_50_pop_1_ind_1,5,40,50,1,1,1,50,1,TRUE,50,0,TRUE,39,39,0,11,TRUE,FALSE,0.543,0.0125,0.9875,BC1_to_Salmon=5; BC1_to_Trout=7; BC2_to_Salmon=3; BC2_to_Trout=8; BC3_to_Salmon=8; BC3_to_Trout=7; F1=5; F2=7
1976,snps_40_sample_50_pop_1_ind_1,6,40,50,1,1,1,50,1,TRUE,50,0,TRUE,41,41,0,9,TRUE,FALSE,0.5275,0.0125,0.9875,BC1_to_Salmon=4; BC1_to_Trout=4; BC2_to_Salmon=4; BC2_to_Trout=6; BC3_to_Salmon=5; BC3_to_Trout=5; F1=10; F2=12
1977,snps_40_sample_50_pop_1_ind_1,7,40,50,1,1,1,50,1,TRUE,50,0,TRUE,44,44,0,6,TRUE,FALSE,0.51675,0.0375,1,BC1_to_Salmon=7; BC1_to_Trout=8; BC2_to_Salmon=4; BC2_to_Trout=8; BC3_to_Salmon=7; BC3_to_Trout=5; F1=6; F2=5
1978,snps_40_sample_50_pop_1_ind_1,8,40,50,1,1,1,50,1,TRUE,50,0,TRUE,42,42,0,8,TRUE,FALSE,0.44375,0.025,0.95,BC1_to_Salmon=8; BC1_to_Trout=9; BC2_to_Salmon=4; BC2_to_Trout=3; BC3_to_Salmon=10; BC3_to_Trout=4; F1=6; F2=6
1979,snps_40_sample_50_pop_1_ind_1,9,40,50,1,1,1,50,1,TRUE,50,0,TRUE,42,42,0,8,TRUE,FALSE,0.50875,0.025,0.95,BC1_to_Salmon=7; BC1_to_Trout=7; BC2_to_Salmon=5; BC2_to_Trout=6; BC3_to_Salmon=5; BC3_to_Trout=5; F1=6; F2=9
1980,snps_40_sample_50_pop_1_ind_1,10,40,50,1,1,1,50,1,TRUE,50,0,TRUE,40,40,0,10,TRUE,FALSE,0.532,0.0125,0.975,BC1_to_Salmon=7; BC1_to_Trout=6; BC2_to_Salmon=5; BC2_to_Trout=5; BC3_to_Salmon=7; BC3_to_Trout=10; F1=4; F2=6
1981,snps_40_sample_100_pop_1_ind_0,1,40,100,1,0,0,0,0,TRUE,0,100,FALSE,0,0,0,0,FALSE,FALSE,0.49,0,1,nonhybrid_Salmon=51; nonhybrid_Trout=49
1982,snps_40_sample_100_pop_1_ind_0,2,40,100,1,0,0,0,0,TRUE,0,100,FALSE,0,0,0,0,FALSE,FALSE,0.52,0,1,nonhybrid_Salmon=48; nonhybrid_Trout=52
1983,snps_40_sample_100_pop_1_ind_0,3,40,100,1,0,0,0,0,TRUE,0,100,FALSE,0,0,0,0,FALSE,FALSE,0.5,0,1,nonhybrid_Salmon=50; nonhybrid_Trout=50
1984,snps_40_sample_100_pop_1_ind_0,4,40,100,1,0,0,0,0,TRUE,0,100,FALSE,0,0,0,0,FALSE,FALSE,0.48,0,1,nonhybrid_Salmon=52; nonhybrid_Trout=48
1985,snps_40_sample_100_pop_1_ind_0,5,40,100,1,0,0,0,0,TRUE,0,100,FALSE,0,0,0,0,FALSE,FALSE,0.49,0,1,nonhybrid_Salmon=51; nonhybrid_Trout=49
1986,snps_40_sample_100_pop_1_ind_0,6,40,100,1,0,0,0,0,TRUE,0,100,FALSE,0,0,0,0,FALSE,FALSE,0.51,0,1,nonhybrid_Salmon=49; nonhybrid_Trout=51
1987,snps_40_sample_100_pop_1_ind_0,7,40,100,1,0,0,0,0,TRUE,0,100,FALSE,0,0,0,0,FALSE,FALSE,0.46,0,1,nonhybrid_Salmon=54; nonhybrid_Trout=46
1988,snps_40_sample_100_pop_1_ind_0,8,40,100,1,0,0,0,0,TRUE,0,100,FALSE,0,0,0,0,FALSE,FALSE,0.47,0,1,nonhybrid_Salmon=53; nonhybrid_Trout=47
1989,snps_40_sample_100_pop_1_ind_0,9,40,100,1,0,0,0,0,TRUE,0,100,FALSE,0,0,0,0,FALSE,FALSE,0.47,0,1,nonhybrid_Salmon=53; nonhybrid_Trout=47
1990,snps_40_sample_100_pop_1_ind_0,10,40,100,1,0,0,0,0,TRUE,0,100,FALSE,0,0,0,0,FALSE,FALSE,0.49,0,1,nonhybrid_Salmon=51; nonhybrid_Trout=49
1991,snps_40_sample_100_pop_1_ind_0.001,1,40,100,1,0.001,0.001,0.1,0.09520785288629108,TRUE,0,100,FALSE,0,0,0,0,FALSE,FALSE,0.55,0,1,nonhybrid_Salmon=45; nonhybrid_Trout=55
1992,snps_40_sample_100_pop_1_ind_0.001,2,40,100,1,0.001,0.001,0.1,0.09520785288629108,TRUE,0,100,FALSE,0,0,0,0,FALSE,FALSE,0.55,0,1,nonhybrid_Salmon=45; nonhybrid_Trout=55
1993,snps_40_sample_100_pop_1_ind_0.001,3,40,100,1,0.001,0.001,0.1,0.09520785288629108,TRUE,0,100,FALSE,0,0,0,0,FALSE,FALSE,0.38,0,1,nonhybrid_Salmon=62; nonhybrid_Trout=38
1994,snps_40_sample_100_pop_1_ind_0.001,4,40,100,1,0.001,0.001,0.1,0.09520785288629108,TRUE,0,100,FALSE,0,0,0,0,FALSE,FALSE,0.42,0,1,nonhybrid_Salmon=58; nonhybrid_Trout=42
1995,snps_40_sample_100_pop_1_ind_0.001,5,40,100,1,0.001,0.001,0.1,0.09520785288629108,TRUE,0,100,FALSE,0,0,0,0,FALSE,FALSE,0.55,0,1,nonhybrid_Salmon=45; nonhybrid_Trout=55
1996,snps_40_sample_100_pop_1_ind_0.001,6,40,100,1,0.001,0.001,0.1,0.09520785288629108,TRUE,0,100,FALSE,0,0,0,0,FALSE,FALSE,0.46,0,1,nonhybrid_Salmon=54; nonhybrid_Trout=46
1997,snps_40_sample_100_pop_1_ind_0.001,7,40,100,1,0.001,0.001,0.1,0.09520785288629108,TRUE,0,100,FALSE,0,0,0,0,FALSE,FALSE,0.51,0,1,nonhybrid_Salmon=49; nonhybrid_Trout=51
1998,snps_40_sample_100_pop_1_ind_0.001,8,40,100,1,0.001,0.001,0.1,0.09520785288629108,TRUE,0,100,FALSE,0,0,0,0,FALSE,FALSE,0.53,0,1,nonhybrid_Salmon=47; nonhybrid_Trout=53
1999,snps_40_sample_100_pop_1_ind_0.001,9,40,100,1,0.001,0.001,0.1,0.09520785288629108,TRUE,0,100,FALSE,0,0,0,0,FALSE,FALSE,0.43,0,1,nonhybrid_Salmon=57; nonhybrid_Trout=43
2000,snps_40_sample_100_pop_1_ind_0.001,10,40,100,1,0.001,0.001,0.1,0.09520785288629108,TRUE,0,100,FALSE,0,0,0,0,FALSE,FALSE,0.57,0,1,nonhybrid_Salmon=43; nonhybrid_Trout=57
2001,snps_40_sample_100_pop_1_ind_0.005,1,40,100,1,0.005,0.005,0.5,0.3942295635092721,TRUE,0,100,FALSE,0,0,0,0,FALSE,FALSE,0.53,0,1,nonhybrid_Salmon=47; nonhybrid_Trout=53
2002,snps_40_sample_100_pop_1_ind_0.005,2,40,100,1,0.005,0.005,0.5,0.3942295635092721,TRUE,0,100,FALSE,0,0,0,0,FALSE,FALSE,0.48,0,1,nonhybrid_Salmon=52; nonhybrid_Trout=48
2003,snps_40_sample_100_pop_1_ind_0.005,3,40,100,1,0.005,0.005,0.5,0.3942295635092721,TRUE,1,99,TRUE,0,0,0,1,FALSE,FALSE,0.4395,0,1,BC3_to_Trout=1; nonhybrid_Salmon=56; nonhybrid_Trout=43
2004,snps_40_sample_100_pop_1_ind_0.005,4,40,100,1,0.005,0.005,0.5,0.3942295635092721,TRUE,1,99,TRUE,1,1,0,0,TRUE,FALSE,0.442625,0,1,BC1_to_Salmon=1; nonhybrid_Salmon=55; nonhybrid_Trout=44
2005,snps_40_sample_100_pop_1_ind_0.005,5,40,100,1,0.005,0.005,0.5,0.3942295635092721,TRUE,0,100,FALSE,0,0,0,0,FALSE,FALSE,0.43,0,1,nonhybrid_Salmon=57; nonhybrid_Trout=43
2006,snps_40_sample_100_pop_1_ind_0.005,6,40,100,1,0.005,0.005,0.5,0.3942295635092721,TRUE,0,100,FALSE,0,0,0,0,FALSE,FALSE,0.51,0,1,nonhybrid_Salmon=49; nonhybrid_Trout=51
2007,snps_40_sample_100_pop_1_ind_0.005,7,40,100,1,0.005,0.005,0.5,0.3942295635092721,TRUE,0,100,FALSE,0,0,0,0,FALSE,FALSE,0.5,0,1,nonhybrid_Salmon=50; nonhybrid_Trout=50
2008,snps_40_sample_100_pop_1_ind_0.005,8,40,100,1,0.005,0.005,0.5,0.3942295635092721,TRUE,0,100,FALSE,0,0,0,0,FALSE,FALSE,0.53,0,1,nonhybrid_Salmon=47; nonhybrid_Trout=53
2009,snps_40_sample_100_pop_1_ind_0.005,9,40,100,1,0.005,0.005,0.5,0.3942295635092721,TRUE,0,100,FALSE,0,0,0,0,FALSE,FALSE,0.44,0,1,nonhybrid_Salmon=56; nonhybrid_Trout=44
2010,snps_40_sample_100_pop_1_ind_0.005,10,40,100,1,0.005,0.005,0.5,0.3942295635092721,TRUE,0,100,FALSE,0,0,0,0,FALSE,FALSE,0.54,0,1,nonhybrid_Salmon=46; nonhybrid_Trout=54
2011,snps_40_sample_100_pop_1_ind_0.01,1,40,100,1,0.01,0.01,1,0.6339676587267709,TRUE,1,99,TRUE,1,1,0,0,TRUE,FALSE,0.519,0,1,BC3_to_Trout=1; nonhybrid_Salmon=48; nonhybrid_Trout=51
2012,snps_40_sample_100_pop_1_ind_0.01,2,40,100,1,0.01,0.01,1,0.6339676587267709,TRUE,3,97,TRUE,2,2,0,1,TRUE,FALSE,0.55225,0,1,BC1_to_Trout=1; BC3_to_Trout=1; F1=1; nonhybrid_Salmon=44; nonhybrid_Trout=53
2013,snps_40_sample_100_pop_1_ind_0.01,3,40,100,1,0.01,0.01,1,0.6339676587267709,TRUE,3,97,TRUE,2,2,0,1,TRUE,FALSE,0.436,0,1,BC1_to_Trout=1; BC2_to_Trout=2; nonhybrid_Salmon=56; nonhybrid_Trout=41
2014,snps_40_sample_100_pop_1_ind_0.01,4,40,100,1,0.01,0.01,1,0.6339676587267709,TRUE,2,98,TRUE,2,2,0,0,TRUE,FALSE,0.467625,0,1,BC1_to_Salmon=1; F1=1; nonhybrid_Salmon=52; nonhybrid_Trout=46
2015,snps_40_sample_100_pop_1_ind_0.01,5,40,100,1,0.01,0.01,1,0.6339676587267709,TRUE,0,100,FALSE,0,0,0,0,FALSE,FALSE,0.44,0,1,nonhybrid_Salmon=56; nonhybrid_Trout=44
2016,snps_40_sample_100_pop_1_ind_0.01,6,40,100,1,0.01,0.01,1,0.6339676587267709,TRUE,0,100,FALSE,0,0,0,0,FALSE,FALSE,0.44,0,1,nonhybrid_Salmon=56; nonhybrid_Trout=44
2017,snps_40_sample_100_pop_1_ind_0.01,7,40,100,1,0.01,0.01,1,0.6339676587267709,TRUE,0,100,FALSE,0,0,0,0,FALSE,FALSE,0.45,0,1,nonhybrid_Salmon=55; nonhybrid_Trout=45
2018,snps_40_sample_100_pop_1_ind_0.01,8,40,100,1,0.01,0.01,1,0.6339676587267709,TRUE,1,99,TRUE,1,1,0,0,TRUE,FALSE,0.545375,0,1,F2=1; nonhybrid_Salmon=45; nonhybrid_Trout=54
2019,snps_40_sample_100_pop_1_ind_0.01,9,40,100,1,0.01,0.01,1,0.6339676587267709,TRUE,1,99,TRUE,1,1,0,0,TRUE,FALSE,0.491125,0,1,BC2_to_Salmon=1; nonhybrid_Salmon=50; nonhybrid_Trout=49
2020,snps_40_sample_100_pop_1_ind_0.01,10,40,100,1,0.01,0.01,1,0.6339676587267709,TRUE,0,100,FALSE,0,0,0,0,FALSE,FALSE,0.53,0,1,nonhybrid_Salmon=47; nonhybrid_Trout=53
2021,snps_40_sample_100_pop_1_ind_0.025,1,40,100,1,0.025,0.025,2.5,0.9204827101381686,TRUE,4,96,TRUE,3,3,0,1,TRUE,FALSE,0.485125,0,1,BC2_to_Salmon=3; BC3_to_Trout=1; nonhybrid_Salmon=49; nonhybrid_Trout=47
2022,snps_40_sample_100_pop_1_ind_0.025,2,40,100,1,0.025,0.025,2.5,0.9204827101381686,TRUE,3,97,TRUE,3,3,0,0,TRUE,FALSE,0.528375,0,1,BC1_to_Salmon=1; BC2_to_Salmon=1; F2=1; nonhybrid_Salmon=45; nonhybrid_Trout=52
2023,snps_40_sample_100_pop_1_ind_0.025,3,40,100,1,0.025,0.025,2.5,0.9204827101381686,TRUE,1,99,TRUE,1,1,0,0,TRUE,FALSE,0.49925,0,1,BC3_to_Trout=1; nonhybrid_Salmon=50; nonhybrid_Trout=49
2024,snps_40_sample_100_pop_1_ind_0.025,4,40,100,1,0.025,0.025,2.5,0.9204827101381686,TRUE,3,97,TRUE,3,3,0,0,TRUE,FALSE,0.514875,0,1,BC1_to_Trout=2; BC3_to_Trout=1; nonhybrid_Salmon=48; nonhybrid_Trout=49
2025,snps_40_sample_100_pop_1_ind_0.025,5,40,100,1,0.025,0.025,2.5,0.9204827101381686,TRUE,2,98,TRUE,1,1,0,1,TRUE,FALSE,0.44825,0,1,BC2_to_Trout=1; BC3_to_Salmon=1; nonhybrid_Salmon=54; nonhybrid_Trout=44
2026,snps_40_sample_100_pop_1_ind_0.025,6,40,100,1,0.025,0.025,2.5,0.9204827101381686,TRUE,4,96,TRUE,3,3,0,1,TRUE,FALSE,0.482375,0,1,BC2_to_Salmon=2; BC3_to_Salmon=1; BC3_to_Trout=1; nonhybrid_Salmon=49; nonhybrid_Trout=47
2027,snps_40_sample_100_pop_1_ind_0.025,7,40,100,1,0.025,0.025,2.5,0.9204827101381686,TRUE,3,97,TRUE,3,3,0,0,TRUE,FALSE,0.54225,0,1,BC1_to_Salmon=1; F1=1; F2=1; nonhybrid_Salmon=44; nonhybrid_Trout=53
2028,snps_40_sample_100_pop_1_ind_0.025,8,40,100,1,0.025,0.025,2.5,0.9204827101381686,TRUE,6,94,TRUE,3,3,0,3,TRUE,FALSE,0.542125,0,1,BC1_to_Trout=1; BC3_to_Salmon=1; BC3_to_Trout=3; F1=1; nonhybrid_Salmon=44; nonhybrid_Trout=50
2029,snps_40_sample_100_pop_1_ind_0.025,9,40,100,1,0.025,0.025,2.5,0.9204827101381686,TRUE,3,97,TRUE,2,2,0,1,TRUE,FALSE,0.49625,0,1,BC3_to_Salmon=2; F1=1; nonhybrid_Salmon=48; nonhybrid_Trout=49
2030,snps_40_sample_100_pop_1_ind_0.025,10,40,100,1,0.025,0.025,2.5,0.9204827101381686,TRUE,3,97,TRUE,3,3,0,0,TRUE,FALSE,0.43375,0,1,BC1_to_Salmon=2; BC2_to_Trout=1; nonhybrid_Salmon=55; nonhybrid_Trout=42
2031,snps_40_sample_100_pop_1_ind_0.05,1,40,100,1,0.05,0.05,5,0.994079470779666,TRUE,5,95,TRUE,4,4,0,1,TRUE,FALSE,0.44275,0,1,BC1_to_Salmon=1; BC1_to_Trout=1; BC2_to_Trout=1; BC3_to_Trout=1; F1=1; nonhybrid_Salmon=54; nonhybrid_Trout=41
2032,snps_40_sample_100_pop_1_ind_0.05,2,40,100,1,0.05,0.05,5,0.994079470779666,TRUE,8,92,TRUE,7,7,0,1,TRUE,FALSE,0.536,0,1,BC1_to_Salmon=1; BC2_to_Salmon=1; BC2_to_Trout=1; BC3_to_Salmon=3; F1=2; nonhybrid_Salmon=41; nonhybrid_Trout=51
2033,snps_40_sample_100_pop_1_ind_0.05,3,40,100,1,0.05,0.05,5,0.994079470779666,TRUE,9,91,TRUE,7,7,0,2,TRUE,FALSE,0.557125,0,1,BC1_to_Salmon=1; BC2_to_Salmon=1; BC2_to_Trout=1; BC3_to_Salmon=1; BC3_to_Trout=2; F2=3; nonhybrid_Salmon=40; nonhybrid_Trout=51
2034,snps_40_sample_100_pop_1_ind_0.05,4,40,100,1,0.05,0.05,5,0.994079470779666,TRUE,6,94,TRUE,3,3,0,3,TRUE,FALSE,0.616625,0,1,BC1_to_Salmon=1; BC2_to_Trout=1; BC3_to_Salmon=2; BC3_to_Trout=1; F2=1; nonhybrid_Salmon=35; nonhybrid_Trout=59
2035,snps_40_sample_100_pop_1_ind_0.05,5,40,100,1,0.05,0.05,5,0.994079470779666,TRUE,12,88,TRUE,8,8,0,4,TRUE,FALSE,0.575125,0,1,BC1_to_Trout=1; BC2_to_Salmon=2; BC2_to_Trout=2; BC3_to_Salmon=2; BC3_to_Trout=3; F1=2; nonhybrid_Salmon=37; nonhybrid_Trout=51
2036,snps_40_sample_100_pop_1_ind_0.05,6,40,100,1,0.05,0.05,5,0.994079470779666,TRUE,4,96,TRUE,3,3,0,1,TRUE,FALSE,0.475875,0,1,BC1_to_Trout=1; BC2_to_Trout=2; BC3_to_Salmon=1; nonhybrid_Salmon=51; nonhybrid_Trout=45
2037,snps_40_sample_100_pop_1_ind_0.05,7,40,100,1,0.05,0.05,5,0.994079470779666,TRUE,3,97,TRUE,3,3,0,0,TRUE,FALSE,0.49925,0,1,BC1_to_Trout=2; F1=1; nonhybrid_Salmon=49; nonhybrid_Trout=48
2038,snps_40_sample_100_pop_1_ind_0.05,8,40,100,1,0.05,0.05,5,0.994079470779666,TRUE,9,91,TRUE,9,9,0,0,TRUE,FALSE,0.521375,0,1,BC1_to_Trout=2; BC2_to_Salmon=1; BC3_to_Salmon=1; F1=3; F2=2; nonhybrid_Salmon=43; nonhybrid_Trout=48
2039,snps_40_sample_100_pop_1_ind_0.05,9,40,100,1,0.05,0.05,5,0.994079470779666,TRUE,4,96,TRUE,3,3,0,1,TRUE,FALSE,0.528,0,1,BC1_to_Trout=1; BC3_to_Trout=1; F2=2; nonhybrid_Salmon=46; nonhybrid_Trout=50
2040,snps_40_sample_100_pop_1_ind_0.05,10,40,100,1,0.05,0.05,5,0.994079470779666,TRUE,4,96,TRUE,3,3,0,1,TRUE,FALSE,0.5725,0,1,BC1_to_Trout=1; BC3_to_Salmon=1; BC3_to_Trout=1; F1=1; nonhybrid_Salmon=41; nonhybrid_Trout=55
2041,snps_40_sample_100_pop_1_ind_0.1,1,40,100,1,0.1,0.1,10,0.9999734386011124,TRUE,4,96,TRUE,3,3,0,1,TRUE,FALSE,0.506375,0,1,BC3_to_Salmon=2; BC3_to_Trout=1; F1=1; nonhybrid_Salmon=47; nonhybrid_Trout=49
2042,snps_40_sample_100_pop_1_ind_0.1,2,40,100,1,0.1,0.1,10,0.9999734386011124,TRUE,12,88,TRUE,9,9,0,3,TRUE,FALSE,0.456,0,1,BC1_to_Salmon=1; BC1_to_Trout=1; BC2_to_Trout=3; BC3_to_Salmon=3; BC3_to_Trout=2; F1=1; F2=1; nonhybrid_Salmon=49; nonhybrid_Trout=39
2043,snps_40_sample_100_pop_1_ind_0.1,3,40,100,1,0.1,0.1,10,0.9999734386011124,TRUE,15,85,TRUE,12,12,0,3,TRUE,FALSE,0.36225,0,1,BC1_to_Salmon=2; BC1_to_Trout=1; BC2_to_Salmon=2; BC2_to_Trout=2; BC3_to_Salmon=3; BC3_to_Trout=1; F2=4; nonhybrid_Salmon=55; nonhybrid_Trout=30
2044,snps_40_sample_100_pop_1_ind_0.1,4,40,100,1,0.1,0.1,10,0.9999734386011124,TRUE,10,90,TRUE,9,9,0,1,TRUE,FALSE,0.561625,0,1,BC1_to_Trout=3; BC2_to_Salmon=1; BC2_to_Trout=2; BC3_to_Salmon=2; F1=2; nonhybrid_Salmon=39; nonhybrid_Trout=51
2045,snps_40_sample_100_pop_1_ind_0.1,5,40,100,1,0.1,0.1,10,0.9999734386011124,TRUE,8,92,TRUE,8,8,0,0,TRUE,FALSE,0.4985,0,1,BC1_to_Salmon=1; BC2_to_Trout=2; BC3_to_Trout=1; F1=3; F2=1; nonhybrid_Salmon=47; nonhybrid_Trout=45
2046,snps_40_sample_100_pop_1_ind_0.1,6,40,100,1,0.1,0.1,10,0.9999734386011124,TRUE,6,94,TRUE,4,4,0,2,TRUE,FALSE,0.559875,0,1,BC1_to_Salmon=1; BC2_to_Trout=1; BC3_to_Salmon=1; BC3_to_Trout=1; F1=1; F2=1; nonhybrid_Salmon=41; nonhybrid_Trout=53
2047,snps_40_sample_100_pop_1_ind_0.1,7,40,100,1,0.1,0.1,10,0.9999734386011124,TRUE,10,90,TRUE,9,9,0,1,TRUE,FALSE,0.63375,0,1,BC1_to_Salmon=1; BC2_to_Salmon=2; BC2_to_Trout=3; F1=1; F2=3; nonhybrid_Salmon=32; nonhybrid_Trout=58
2048,snps_40_sample_100_pop_1_ind_0.1,8,40,100,1,0.1,0.1,10,0.9999734386011124,TRUE,8,92,TRUE,7,7,0,1,TRUE,FALSE,0.49925,0,1,BC1_to_Salmon=1; BC2_to_Salmon=2; BC3_to_Salmon=1; BC3_to_Trout=1; F1=3; nonhybrid_Salmon=45; nonhybrid_Trout=47
2049,snps_40_sample_100_pop_1_ind_0.1,9,40,100,1,0.1,0.1,10,0.9999734386011124,TRUE,6,94,TRUE,5,5,0,1,TRUE,FALSE,0.506875,0,1,BC1_to_Salmon=1; BC1_to_Trout=2; BC3_to_Salmon=1; F2=2; nonhybrid_Salmon=46; nonhybrid_Trout=48
2050,snps_40_sample_100_pop_1_ind_0.1,10,40,100,1,0.1,0.1,10,0.9999734386011124,TRUE,9,91,TRUE,8,8,0,1,TRUE,FALSE,0.525625,0,1,BC1_to_Salmon=1; BC1_to_Trout=1; BC2_to_Trout=2; BC3_to_Salmon=1; BC3_to_Trout=2; F2=2; nonhybrid_Salmon=44; nonhybrid_Trout=47
2051,snps_40_sample_100_pop_1_ind_0.25,1,40,100,1,0.25,0.25,25,0.9999999999996793,TRUE,24,76,TRUE,20,20,0,4,TRUE,FALSE,0.526375,0,1,BC1_to_Salmon=2; BC1_to_Trout=5; BC2_to_Salmon=3; BC2_to_Trout=4; BC3_to_Salmon=1; BC3_to_Trout=6; F1=1; F2=2; nonhybrid_Salmon=39; nonhybrid_Trout=37
2052,snps_40_sample_100_pop_1_ind_0.25,2,40,100,1,0.25,0.25,25,0.9999999999996793,TRUE,24,76,TRUE,21,21,0,3,TRUE,FALSE,0.47075,0,1,BC1_to_Salmon=3; BC1_to_Trout=2; BC2_to_Salmon=2; BC2_to_Trout=4; BC3_to_Salmon=4; BC3_to_Trout=3; F1=3; F2=3; nonhybrid_Salmon=41; nonhybrid_Trout=35
2053,snps_40_sample_100_pop_1_ind_0.25,3,40,100,1,0.25,0.25,25,0.9999999999996793,TRUE,23,77,TRUE,20,20,0,3,TRUE,FALSE,0.46775,0,1,BC1_to_Salmon=4; BC1_to_Trout=4; BC2_to_Salmon=3; BC3_to_Salmon=5; BC3_to_Trout=1; F1=3; F2=3; nonhybrid_Salmon=39; nonhybrid_Trout=38
2054,snps_40_sample_100_pop_1_ind_0.25,4,40,100,1,0.25,0.25,25,0.9999999999996793,TRUE,19,81,TRUE,18,18,0,1,TRUE,FALSE,0.532125,0,1,BC1_to_Salmon=1; BC1_to_Trout=4; BC2_to_Salmon=5; BC2_to_Trout=1; BC3_to_Salmon=2; BC3_to_Trout=1; F1=3; F2=2; nonhybrid_Salmon=36; nonhybrid_Trout=45
2055,snps_40_sample_100_pop_1_ind_0.25,5,40,100,1,0.25,0.25,25,0.9999999999996793,TRUE,31,69,TRUE,28,28,0,3,TRUE,FALSE,0.495125,0,1,BC1_to_Salmon=4; BC1_to_Trout=4; BC2_to_Salmon=5; BC2_to_Trout=3; BC3_to_Salmon=4; BC3_to_Trout=3; F1=3; F2=5; nonhybrid_Salmon=34; nonhybrid_Trout=35
2056,snps_40_sample_100_pop_1_ind_0.25,6,40,100,1,0.25,0.25,25,0.9999999999996793,TRUE,22,78,TRUE,20,20,0,2,TRUE,FALSE,0.512375,0,1,BC1_to_Salmon=3; BC1_to_Trout=3; BC2_to_Salmon=1; BC2_to_Trout=6; BC3_to_Salmon=2; BC3_to_Trout=1; F1=2; F2=4; nonhybrid_Salmon=39; nonhybrid_Trout=39
2057,snps_40_sample_100_pop_1_ind_0.25,7,40,100,1,0.25,0.25,25,0.9999999999996793,TRUE,23,77,TRUE,23,23,0,0,TRUE,FALSE,0.550875,0,1,BC1_to_Salmon=1; BC1_to_Trout=3; BC2_to_Salmon=5; BC2_to_Trout=4; BC3_to_Trout=1; F1=5; F2=4; nonhybrid_Salmon=34; nonhybrid_Trout=43
2058,snps_40_sample_100_pop_1_ind_0.25,8,40,100,1,0.25,0.25,25,0.9999999999996793,TRUE,29,71,TRUE,26,26,0,3,TRUE,FALSE,0.573625,0,1,BC1_to_Salmon=2; BC1_to_Trout=3; BC2_to_Salmon=3; BC2_to_Trout=7; BC3_to_Salmon=3; BC3_to_Trout=1; F1=3; F2=7; nonhybrid_Salmon=29; nonhybrid_Trout=42
2059,snps_40_sample_100_pop_1_ind_0.25,9,40,100,1,0.25,0.25,25,0.9999999999996793,TRUE,29,71,TRUE,24,24,0,5,TRUE,FALSE,0.46425,0,1,BC1_to_Salmon=2; BC1_to_Trout=1; BC2_to_Salmon=5; BC2_to_Trout=2; BC3_to_Trout=8; F1=4; F2=7; nonhybrid_Salmon=41; nonhybrid_Trout=30
2060,snps_40_sample_100_pop_1_ind_0.25,10,40,100,1,0.25,0.25,25,0.9999999999996793,TRUE,31,69,TRUE,25,25,0,6,TRUE,FALSE,0.487125,0,1,BC1_to_Salmon=1; BC1_to_Trout=7; BC2_to_Salmon=1; BC2_to_Trout=5; BC3_to_Salmon=2; BC3_to_Trout=7; F1=7; F2=1; nonhybrid_Salmon=41; nonhybrid_Trout=28
2061,snps_40_sample_100_pop_1_ind_0.5,1,40,100,1,0.5,0.5,50,1,TRUE,43,57,TRUE,35,35,0,8,TRUE,FALSE,0.381125,0,1,BC1_to_Salmon=5; BC1_to_Trout=3; BC2_to_Salmon=8; BC2_to_Trout=3; BC3_to_Salmon=7; BC3_to_Trout=3; F1=5; F2=9; nonhybrid_Salmon=36; nonhybrid_Trout=21
2062,snps_40_sample_100_pop_1_ind_0.5,2,40,100,1,0.5,0.5,50,1,TRUE,45,55,TRUE,39,39,0,6,TRUE,FALSE,0.45525,0,1,BC1_to_Salmon=8; BC1_to_Trout=7; BC2_to_Salmon=3; BC2_to_Trout=6; BC3_to_Salmon=6; BC3_to_Trout=6; F1=4; F2=5; nonhybrid_Salmon=33; nonhybrid_Trout=22
2063,snps_40_sample_100_pop_1_ind_0.5,3,40,100,1,0.5,0.5,50,1,TRUE,44,56,TRUE,38,38,0,6,TRUE,FALSE,0.534,0,1,BC1_to_Salmon=4; BC1_to_Trout=12; BC2_to_Salmon=5; BC2_to_Trout=5; BC3_to_Salmon=5; BC3_to_Trout=3; F1=7; F2=3; nonhybrid_Salmon=26; nonhybrid_Trout=30
2064,snps_40_sample_100_pop_1_ind_0.5,4,40,100,1,0.5,0.5,50,1,TRUE,49,51,TRUE,42,42,0,7,TRUE,FALSE,0.515875,0,1,BC1_to_Salmon=7; BC1_to_Trout=4; BC2_to_Salmon=7; BC2_to_Trout=11; BC3_to_Salmon=3; BC3_to_Trout=8; F1=6; F2=3; nonhybrid_Salmon=27; nonhybrid_Trout=24
2065,snps_40_sample_100_pop_1_ind_0.5,5,40,100,1,0.5,0.5,50,1,TRUE,42,58,TRUE,31,31,0,11,TRUE,FALSE,0.43825000000000003,0,1,BC1_to_Salmon=5; BC1_to_Trout=2; BC2_to_Salmon=8; BC2_to_Trout=6; BC3_to_Salmon=8; BC3_to_Trout=6; F1=4; F2=3; nonhybrid_Salmon=33; nonhybrid_Trout=25
2066,snps_40_sample_100_pop_1_ind_0.5,6,40,100,1,0.5,0.5,50,1,TRUE,47,53,TRUE,40,40,0,7,TRUE,FALSE,0.43674999999999997,0,1,BC1_to_Salmon=4; BC1_to_Trout=5; BC2_to_Salmon=5; BC2_to_Trout=4; BC3_to_Salmon=8; BC3_to_Trout=9; F1=6; F2=6; nonhybrid_Salmon=33; nonhybrid_Trout=20
2067,snps_40_sample_100_pop_1_ind_0.5,7,40,100,1,0.5,0.5,50,1,TRUE,41,59,TRUE,37,37,0,4,TRUE,FALSE,0.58975,0,1,BC1_to_Salmon=7; BC1_to_Trout=1; BC2_to_Salmon=4; BC2_to_Trout=7; BC3_to_Salmon=5; BC3_to_Trout=2; F1=9; F2=6; nonhybrid_Salmon=19; nonhybrid_Trout=40
2068,snps_40_sample_100_pop_1_ind_0.5,8,40,100,1,0.5,0.5,50,1,TRUE,53,47,TRUE,40,40,0,13,TRUE,FALSE,0.481375,0,1,BC1_to_Salmon=6; BC1_to_Trout=7; BC2_to_Salmon=6; BC2_to_Trout=7; BC3_to_Salmon=8; BC3_to_Trout=7; F1=8; F2=4; nonhybrid_Salmon=26; nonhybrid_Trout=21
2069,snps_40_sample_100_pop_1_ind_0.5,9,40,100,1,0.5,0.5,50,1,TRUE,42,58,TRUE,35,35,0,7,TRUE,FALSE,0.433375,0,1,BC1_to_Salmon=4; BC1_to_Trout=7; BC2_to_Salmon=7; BC2_to_Trout=5; BC3_to_Salmon=7; BC3_to_Trout=5; F1=4; F2=3; nonhybrid_Salmon=35; nonhybrid_Trout=23
2070,snps_40_sample_100_pop_1_ind_0.5,10,40,100,1,0.5,0.5,50,1,TRUE,44,56,TRUE,38,38,0,6,TRUE,FALSE,0.48025,0,1,BC1_to_Salmon=9; BC1_to_Trout=3; BC2_to_Salmon=6; BC2_to_Trout=6; BC3_to_Salmon=5; BC3_to_Trout=6; F1=2; F2=7; nonhybrid_Salmon=29; nonhybrid_Trout=27
2071,snps_40_sample_100_pop_1_ind_0.75,1,40,100,1,0.75,0.75,75,1,TRUE,78,22,TRUE,64,64,0,14,TRUE,FALSE,0.491125,0,1,BC1_to_Salmon=11; BC1_to_Trout=9; BC2_to_Salmon=7; BC2_to_Trout=10; BC3_to_Salmon=10; BC3_to_Trout=8; F1=11; F2=12; nonhybrid_Salmon=12; nonhybrid_Trout=10
2072,snps_40_sample_100_pop_1_ind_0.75,2,40,100,1,0.75,0.75,75,1,TRUE,69,31,TRUE,52,52,0,17,TRUE,FALSE,0.46625,0,1,BC1_to_Salmon=10; BC1_to_Trout=7; BC2_to_Salmon=5; BC2_to_Trout=11; BC3_to_Salmon=10; BC3_to_Trout=7; F1=7; F2=12; nonhybrid_Salmon=19; nonhybrid_Trout=12
2073,snps_40_sample_100_pop_1_ind_0.75,3,40,100,1,0.75,0.75,75,1,TRUE,74,26,TRUE,65,65,0,9,TRUE,FALSE,0.535875,0,1,BC1_to_Salmon=3; BC1_to_Trout=10; BC2_to_Salmon=7; BC2_to_Trout=7; BC3_to_Salmon=10; BC3_to_Trout=9; F1=15; F2=13; nonhybrid_Salmon=11; nonhybrid_Trout=15
2074,snps_40_sample_100_pop_1_ind_0.75,4,40,100,1,0.75,0.75,75,1,TRUE,78,22,TRUE,67,67,0,11,TRUE,FALSE,0.4745,0,1,BC1_to_Salmon=5; BC1_to_Trout=9; BC2_to_Salmon=12; BC2_to_Trout=9; BC3_to_Salmon=8; BC3_to_Trout=8; F1=16; F2=11; nonhybrid_Salmon=13; nonhybrid_Trout=9
2075,snps_40_sample_100_pop_1_ind_0.75,5,40,100,1,0.75,0.75,75,1,TRUE,71,29,TRUE,60,60,0,11,TRUE,FALSE,0.55375,0,1,BC1_to_Salmon=7; BC1_to_Trout=12; BC2_to_Salmon=10; BC2_to_Trout=9; BC3_to_Salmon=7; BC3_to_Trout=11; F1=5; F2=10; nonhybrid_Salmon=12; nonhybrid_Trout=17
2076,snps_40_sample_100_pop_1_ind_0.75,6,40,100,1,0.75,0.75,75,1,TRUE,76,24,TRUE,65,65,0,11,TRUE,FALSE,0.465375,0,1,BC1_to_Salmon=9; BC1_to_Trout=4; BC2_to_Salmon=12; BC2_to_Trout=10; BC3_to_Salmon=12; BC3_to_Trout=11; F1=9; F2=9; nonhybrid_Salmon=13; nonhybrid_Trout=11
2077,snps_40_sample_100_pop_1_ind_0.75,7,40,100,1,0.75,0.75,75,1,TRUE,71,29,TRUE,60,60,0,11,TRUE,FALSE,0.508875,0,1,BC1_to_Salmon=3; BC1_to_Trout=10; BC2_to_Salmon=10; BC2_to_Trout=11; BC3_to_Salmon=7; BC3_to_Trout=12; F1=8; F2=10; nonhybrid_Salmon=18; nonhybrid_Trout=11
2078,snps_40_sample_100_pop_1_ind_0.75,8,40,100,1,0.75,0.75,75,1,TRUE,82,18,TRUE,67,67,0,15,TRUE,FALSE,0.48175,0,1,BC1_to_Salmon=14; BC1_to_Trout=10; BC2_to_Salmon=7; BC2_to_Trout=9; BC3_to_Salmon=15; BC3_to_Trout=10; F1=6; F2=11; nonhybrid_Salmon=9; nonhybrid_Trout=9
2079,snps_40_sample_100_pop_1_ind_0.75,9,40,100,1,0.75,0.75,75,1,TRUE,71,29,TRUE,57,57,0,14,TRUE,FALSE,0.537375,0,1,BC1_to_Salmon=8; BC1_to_Trout=6; BC2_to_Salmon=7; BC2_to_Trout=13; BC3_to_Salmon=7; BC3_to_Trout=10; F1=11; F2=9; nonhybrid_Salmon=14; nonhybrid_Trout=15
2080,snps_40_sample_100_pop_1_ind_0.75,10,40,100,1,0.75,0.75,75,1,TRUE,76,24,TRUE,61,61,0,15,TRUE,FALSE,0.46875,0,1,BC1_to_Salmon=12; BC1_to_Trout=9; BC2_to_Salmon=9; BC2_to_Trout=4; BC3_to_Salmon=12; BC3_to_Trout=12; F1=6; F2=12; nonhybrid_Salmon=13; nonhybrid_Trout=11
2081,snps_40_sample_100_pop_1_ind_1,1,40,100,1,1,1,100,1,TRUE,100,0,TRUE,78,78,0,22,TRUE,FALSE,0.5035,0.025,0.975,BC1_to_Salmon=7; BC1_to_Trout=9; BC2_to_Salmon=14; BC2_to_Trout=13; BC3_to_Salmon=16; BC3_to_Trout=17; F1=14; F2=10
2082,snps_40_sample_100_pop_1_ind_1,2,40,100,1,1,1,100,1,TRUE,100,0,TRUE,93,93,0,7,TRUE,FALSE,0.46799999999999997,0.0125,0.975,BC1_to_Salmon=20; BC1_to_Trout=10; BC2_to_Salmon=11; BC2_to_Trout=9; BC3_to_Salmon=9; BC3_to_Trout=7; F1=10; F2=24
2083,snps_40_sample_100_pop_1_ind_1,3,40,100,1,1,1,100,1,TRUE,100,0,TRUE,89,89,0,11,TRUE,FALSE,0.50575,0.0375,0.9625,BC1_to_Salmon=8; BC1_to_Trout=14; BC2_to_Salmon=10; BC2_to_Trout=15; BC3_to_Salmon=15; BC3_to_Trout=9; F1=12; F2=17
2084,snps_40_sample_100_pop_1_ind_1,4,40,100,1,1,1,100,1,TRUE,100,0,TRUE,80,80,0,20,TRUE,FALSE,0.42125,0.025,0.975,BC1_to_Salmon=14; BC1_to_Trout=11; BC2_to_Salmon=20; BC2_to_Trout=7; BC3_to_Salmon=15; BC3_to_Trout=10; F1=8; F2=15
2085,snps_40_sample_100_pop_1_ind_1,5,40,100,1,1,1,100,1,TRUE,100,0,TRUE,90,90,0,10,TRUE,FALSE,0.538625,0.0375,0.9625,BC1_to_Salmon=13; BC1_to_Trout=13; BC2_to_Salmon=7; BC2_to_Trout=16; BC3_to_Salmon=9; BC3_to_Trout=10; F1=16; F2=16
2086,snps_40_sample_100_pop_1_ind_1,6,40,100,1,1,1,100,1,TRUE,100,0,TRUE,83,83,0,17,TRUE,FALSE,0.5,0.0125,0.975,BC1_to_Salmon=13; BC1_to_Trout=11; BC2_to_Salmon=14; BC2_to_Trout=11; BC3_to_Salmon=10; BC3_to_Trout=14; F1=12; F2=15
2087,snps_40_sample_100_pop_1_ind_1,7,40,100,1,1,1,100,1,TRUE,100,0,TRUE,78,78,0,22,TRUE,FALSE,0.506375,0.0125,0.9875,BC1_to_Salmon=5; BC1_to_Trout=12; BC2_to_Salmon=12; BC2_to_Trout=10; BC3_to_Salmon=17; BC3_to_Trout=17; F1=12; F2=15
2088,snps_40_sample_100_pop_1_ind_1,8,40,100,1,1,1,100,1,TRUE,100,0,TRUE,83,83,0,17,TRUE,FALSE,0.47925,0.025,0.9875,BC1_to_Salmon=16; BC1_to_Trout=5; BC2_to_Salmon=17; BC2_to_Trout=12; BC3_to_Salmon=11; BC3_to_Trout=16; F1=7; F2=16
2089,snps_40_sample_100_pop_1_ind_1,9,40,100,1,1,1,100,1,TRUE,100,0,TRUE,82,82,0,18,TRUE,FALSE,0.517125,0.025,0.975,BC1_to_Salmon=9; BC1_to_Trout=19; BC2_to_Salmon=17; BC2_to_Trout=7; BC3_to_Salmon=10; BC3_to_Trout=17; F1=14; F2=7
2090,snps_40_sample_100_pop_1_ind_1,10,40,100,1,1,1,100,1,TRUE,100,0,TRUE,90,90,0,10,TRUE,FALSE,0.499375,0.0375,1,BC1_to_Salmon=7; BC1_to_Trout=12; BC2_to_Salmon=18; BC2_to_Trout=18; BC3_to_Salmon=12; BC3_to_Trout=8; F1=10; F2=15
2091,snps_40_sample_200_pop_1_ind_0,1,40,200,1,0,0,0,0,TRUE,0,200,FALSE,0,0,0,0,FALSE,FALSE,0.505,0,1,nonhybrid_Salmon=99; nonhybrid_Trout=101
2092,snps_40_sample_200_pop_1_ind_0,2,40,200,1,0,0,0,0,TRUE,0,200,FALSE,0,0,0,0,FALSE,FALSE,0.52,0,1,nonhybrid_Salmon=96; nonhybrid_Trout=104
2093,snps_40_sample_200_pop_1_ind_0,3,40,200,1,0,0,0,0,TRUE,0,200,FALSE,0,0,0,0,FALSE,FALSE,0.54,0,1,nonhybrid_Salmon=92; nonhybrid_Trout=108
2094,snps_40_sample_200_pop_1_ind_0,4,40,200,1,0,0,0,0,TRUE,0,200,FALSE,0,0,0,0,FALSE,FALSE,0.49,0,1,nonhybrid_Salmon=102; nonhybrid_Trout=98
2095,snps_40_sample_200_pop_1_ind_0,5,40,200,1,0,0,0,0,TRUE,0,200,FALSE,0,0,0,0,FALSE,FALSE,0.545,0,1,nonhybrid_Salmon=91; nonhybrid_Trout=109
2096,snps_40_sample_200_pop_1_ind_0,6,40,200,1,0,0,0,0,TRUE,0,200,FALSE,0,0,0,0,FALSE,FALSE,0.47,0,1,nonhybrid_Salmon=106; nonhybrid_Trout=94
2097,snps_40_sample_200_pop_1_ind_0,7,40,200,1,0,0,0,0,TRUE,0,200,FALSE,0,0,0,0,FALSE,FALSE,0.52,0,1,nonhybrid_Salmon=96; nonhybrid_Trout=104
2098,snps_40_sample_200_pop_1_ind_0,8,40,200,1,0,0,0,0,TRUE,0,200,FALSE,0,0,0,0,FALSE,FALSE,0.46,0,1,nonhybrid_Salmon=108; nonhybrid_Trout=92
2099,snps_40_sample_200_pop_1_ind_0,9,40,200,1,0,0,0,0,TRUE,0,200,FALSE,0,0,0,0,FALSE,FALSE,0.47,0,1,nonhybrid_Salmon=106; nonhybrid_Trout=94
2100,snps_40_sample_200_pop_1_ind_0,10,40,200,1,0,0,0,0,TRUE,0,200,FALSE,0,0,0,0,FALSE,FALSE,0.5,0,1,nonhybrid_Salmon=100; nonhybrid_Trout=100
2101,snps_40_sample_200_pop_1_ind_0.001,1,40,200,1,0.001,0.001,0.2,0.1813511705213644,TRUE,0,200,FALSE,0,0,0,0,FALSE,FALSE,0.505,0,1,nonhybrid_Salmon=99; nonhybrid_Trout=101
2102,snps_40_sample_200_pop_1_ind_0.001,2,40,200,1,0.001,0.001,0.2,0.1813511705213644,TRUE,0,200,FALSE,0,0,0,0,FALSE,FALSE,0.495,0,1,nonhybrid_Salmon=101; nonhybrid_Trout=99
2103,snps_40_sample_200_pop_1_ind_0.001,3,40,200,1,0.001,0.001,0.2,0.1813511705213644,TRUE,0,200,FALSE,0,0,0,0,FALSE,FALSE,0.52,0,1,nonhybrid_Salmon=96; nonhybrid_Trout=104
2104,snps_40_sample_200_pop_1_ind_0.001,4,40,200,1,0.001,0.001,0.2,0.1813511705213644,TRUE,0,200,FALSE,0,0,0,0,FALSE,FALSE,0.525,0,1,nonhybrid_Salmon=95; nonhybrid_Trout=105
2105,snps_40_sample_200_pop_1_ind_0.001,5,40,200,1,0.001,0.001,0.2,0.1813511705213644,TRUE,0,200,FALSE,0,0,0,0,FALSE,FALSE,0.475,0,1,nonhybrid_Salmon=105; nonhybrid_Trout=95
2106,snps_40_sample_200_pop_1_ind_0.001,6,40,200,1,0.001,0.001,0.2,0.1813511705213644,TRUE,0,200,FALSE,0,0,0,0,FALSE,FALSE,0.455,0,1,nonhybrid_Salmon=109; nonhybrid_Trout=91
2107,snps_40_sample_200_pop_1_ind_0.001,7,40,200,1,0.001,0.001,0.2,0.1813511705213644,TRUE,0,200,FALSE,0,0,0,0,FALSE,FALSE,0.51,0,1,nonhybrid_Salmon=98; nonhybrid_Trout=102
2108,snps_40_sample_200_pop_1_ind_0.001,8,40,200,1,0.001,0.001,0.2,0.1813511705213644,TRUE,0,200,FALSE,0,0,0,0,FALSE,FALSE,0.46,0,1,nonhybrid_Salmon=108; nonhybrid_Trout=92
2109,snps_40_sample_200_pop_1_ind_0.001,9,40,200,1,0.001,0.001,0.2,0.1813511705213644,TRUE,0,200,FALSE,0,0,0,0,FALSE,FALSE,0.47,0,1,nonhybrid_Salmon=106; nonhybrid_Trout=94
2110,snps_40_sample_200_pop_1_ind_0.001,10,40,200,1,0.001,0.001,0.2,0.1813511705213644,TRUE,0,200,FALSE,0,0,0,0,FALSE,FALSE,0.485,0,1,nonhybrid_Salmon=103; nonhybrid_Trout=97
2111,snps_40_sample_200_pop_1_ind_0.005,1,40,200,1,0.005,0.005,1,0.6330421782738329,TRUE,1,199,TRUE,1,1,0,0,TRUE,FALSE,0.4325,0,1,F1=1; nonhybrid_Salmon=113; nonhybrid_Trout=86
2112,snps_40_sample_200_pop_1_ind_0.005,2,40,200,1,0.005,0.005,1,0.6330421782738329,TRUE,0,200,FALSE,0,0,0,0,FALSE,FALSE,0.485,0,1,nonhybrid_Salmon=103; nonhybrid_Trout=97
2113,snps_40_sample_200_pop_1_ind_0.005,3,40,200,1,0.005,0.005,1,0.6330421782738329,TRUE,0,200,FALSE,0,0,0,0,FALSE,FALSE,0.505,0,1,nonhybrid_Salmon=99; nonhybrid_Trout=101
2114,snps_40_sample_200_pop_1_ind_0.005,4,40,200,1,0.005,0.005,1,0.6330421782738329,TRUE,0,200,FALSE,0,0,0,0,FALSE,FALSE,0.545,0,1,nonhybrid_Salmon=91; nonhybrid_Trout=109
2115,snps_40_sample_200_pop_1_ind_0.005,5,40,200,1,0.005,0.005,1,0.6330421782738329,TRUE,2,198,TRUE,2,2,0,0,TRUE,FALSE,0.52175,0,1,BC3_to_Trout=1; F2=1; nonhybrid_Salmon=95; nonhybrid_Trout=103
2116,snps_40_sample_200_pop_1_ind_0.005,6,40,200,1,0.005,0.005,1,0.6330421782738329,TRUE,0,200,FALSE,0,0,0,0,FALSE,FALSE,0.51,0,1,nonhybrid_Salmon=98; nonhybrid_Trout=102
2117,snps_40_sample_200_pop_1_ind_0.005,7,40,200,1,0.005,0.005,1,0.6330421782738329,TRUE,0,200,FALSE,0,0,0,0,FALSE,FALSE,0.51,0,1,nonhybrid_Salmon=98; nonhybrid_Trout=102
2118,snps_40_sample_200_pop_1_ind_0.005,8,40,200,1,0.005,0.005,1,0.6330421782738329,TRUE,1,199,TRUE,1,1,0,0,TRUE,FALSE,0.559625,0,1,BC3_to_Trout=1; nonhybrid_Salmon=88; nonhybrid_Trout=111
2119,snps_40_sample_200_pop_1_ind_0.005,9,40,200,1,0.005,0.005,1,0.6330421782738329,TRUE,0,200,FALSE,0,0,0,0,FALSE,FALSE,0.475,0,1,nonhybrid_Salmon=105; nonhybrid_Trout=95
2120,snps_40_sample_200_pop_1_ind_0.005,10,40,200,1,0.005,0.005,1,0.6330421782738329,TRUE,0,200,FALSE,0,0,0,0,FALSE,FALSE,0.515,0,1,nonhybrid_Salmon=97; nonhybrid_Trout=103
2121,snps_40_sample_200_pop_1_ind_0.01,1,40,200,1,0.01,0.01,2,0.8660203251420383,TRUE,2,198,TRUE,1,1,0,1,TRUE,FALSE,0.484125,0,1,BC2_to_Trout=1; BC3_to_Trout=1; nonhybrid_Salmon=103; nonhybrid_Trout=95
2122,snps_40_sample_200_pop_1_ind_0.01,2,40,200,1,0.01,0.01,2,0.8660203251420383,TRUE,2,198,TRUE,1,1,0,1,TRUE,FALSE,0.4714375,0,1,BC1_to_Salmon=1; BC3_to_Salmon=1; nonhybrid_Salmon=104; nonhybrid_Trout=94
2123,snps_40_sample_200_pop_1_ind_0.01,3,40,200,1,0.01,0.01,2,0.8660203251420383,TRUE,1,199,TRUE,0,0,0,1,FALSE,FALSE,0.54975,0,1,BC3_to_Trout=1; nonhybrid_Salmon=90; nonhybrid_Trout=109
2124,snps_40_sample_200_pop_1_ind_0.01,4,40,200,1,0.01,0.01,2,0.8660203251420383,TRUE,2,198,TRUE,2,2,0,0,TRUE,FALSE,0.5358125,0,1,BC3_to_Salmon=2; nonhybrid_Salmon=91; nonhybrid_Trout=107
2125,snps_40_sample_200_pop_1_ind_0.01,5,40,200,1,0.01,0.01,2,0.8660203251420383,TRUE,2,198,TRUE,2,2,0,0,TRUE,FALSE,0.5133125,0,1,BC2_to_Salmon=1; F2=1; nonhybrid_Salmon=96; nonhybrid_Trout=102
2126,snps_40_sample_200_pop_1_ind_0.01,6,40,200,1,0.01,0.01,2,0.8660203251420383,TRUE,2,198,TRUE,1,1,0,1,TRUE,FALSE,0.5808125,0,1,BC3_to_Salmon=2; nonhybrid_Salmon=82; nonhybrid_Trout=116
2127,snps_40_sample_200_pop_1_ind_0.01,7,40,200,1,0.01,0.01,2,0.8660203251420383,TRUE,4,196,TRUE,2,2,0,2,TRUE,FALSE,0.49425,0,1,BC2_to_Trout=2; BC3_to_Salmon=2; nonhybrid_Salmon=99; nonhybrid_Trout=97
2128,snps_40_sample_200_pop_1_ind_0.01,8,40,200,1,0.01,0.01,2,0.8660203251420383,TRUE,1,199,TRUE,0,0,0,1,FALSE,FALSE,0.4546875,0,1,BC3_to_Trout=1; nonhybrid_Salmon=109; nonhybrid_Trout=90
2129,snps_40_sample_200_pop_1_ind_0.01,9,40,200,1,0.01,0.01,2,0.8660203251420383,TRUE,4,196,TRUE,2,2,0,2,TRUE,FALSE,0.496375,0,1,BC1_to_Salmon=1; BC2_to_Salmon=1; BC3_to_Trout=2; nonhybrid_Salmon=99; nonhybrid_Trout=97
2130,snps_40_sample_200_pop_1_ind_0.01,10,40,200,1,0.01,0.01,2,0.8660203251420383,TRUE,1,199,TRUE,0,0,0,1,FALSE,FALSE,0.46025,0,1,BC3_to_Salmon=1; nonhybrid_Salmon=107; nonhybrid_Trout=92
2131,snps_40_sample_200_pop_1_ind_0.025,1,40,200,1,0.025,0.025,5,0.9936770006130294,TRUE,7,193,TRUE,5,5,0,2,TRUE,FALSE,0.4824375,0,1,BC2_to_Salmon=1; BC3_to_Salmon=3; BC3_to_Trout=1; F1=1; F2=1; nonhybrid_Salmon=99; nonhybrid_Trout=94
2132,snps_40_sample_200_pop_1_ind_0.025,2,40,200,1,0.025,0.025,5,0.9936770006130294,TRUE,5,195,TRUE,5,5,0,0,TRUE,FALSE,0.4865625,0,1,BC1_to_Trout=1; BC2_to_Salmon=1; F1=2; F2=1; nonhybrid_Salmon=100; nonhybrid_Trout=95
2133,snps_40_sample_200_pop_1_ind_0.025,3,40,200,1,0.025,0.025,5,0.9936770006130294,TRUE,4,196,TRUE,4,4,0,0,TRUE,FALSE,0.4651875,0,1,BC1_to_Salmon=1; BC1_to_Trout=1; F2=2; nonhybrid_Salmon=105; nonhybrid_Trout=91
2134,snps_40_sample_200_pop_1_ind_0.025,4,40,200,1,0.025,0.025,5,0.9936770006130294,TRUE,3,197,TRUE,3,3,0,0,TRUE,FALSE,0.527875,0,1,BC1_to_Salmon=1; BC2_to_Trout=1; F1=1; nonhybrid_Salmon=93; nonhybrid_Trout=104
2135,snps_40_sample_200_pop_1_ind_0.025,5,40,200,1,0.025,0.025,5,0.9936770006130294,TRUE,5,195,TRUE,4,4,0,1,TRUE,FALSE,0.4221875,0,1,BC1_to_Salmon=1; BC2_to_Salmon=1; BC3_to_Salmon=1; F1=1; F2=1; nonhybrid_Salmon=112; nonhybrid_Trout=83
2136,snps_40_sample_200_pop_1_ind_0.025,6,40,200,1,0.025,0.025,5,0.9936770006130294,TRUE,7,193,TRUE,5,5,0,2,TRUE,FALSE,0.5284375,0,1,BC1_to_Salmon=2; BC1_to_Trout=1; BC2_to_Salmon=1; BC3_to_Trout=2; F1=1; nonhybrid_Salmon=91; nonhybrid_Trout=102
2137,snps_40_sample_200_pop_1_ind_0.025,7,40,200,1,0.025,0.025,5,0.9936770006130294,TRUE,8,192,TRUE,6,6,0,2,TRUE,FALSE,0.51775,0,1,BC1_to_Salmon=3; BC1_to_Trout=1; BC3_to_Salmon=1; BC3_to_Trout=1; F1=1; F2=1; nonhybrid_Salmon=92; nonhybrid_Trout=100
2138,snps_40_sample_200_pop_1_ind_0.025,8,40,200,1,0.025,0.025,5,0.9936770006130294,TRUE,6,194,TRUE,5,5,0,1,TRUE,FALSE,0.51025,0,1,BC2_to_Salmon=2; BC2_to_Trout=1; BC3_to_Trout=1; F1=1; F2=1; nonhybrid_Salmon=95; nonhybrid_Trout=99
2139,snps_40_sample_200_pop_1_ind_0.025,9,40,200,1,0.025,0.025,5,0.9936770006130294,TRUE,5,195,TRUE,4,4,0,1,TRUE,FALSE,0.576375,0,1,BC1_to_Trout=1; BC2_to_Salmon=1; F1=2; F2=1; nonhybrid_Salmon=82; nonhybrid_Trout=113
2140,snps_40_sample_200_pop_1_ind_0.025,10,40,200,1,0.025,0.025,5,0.9936770006130294,TRUE,4,196,TRUE,3,3,0,1,TRUE,FALSE,0.492125,0,1,BC2_to_Salmon=1; BC2_to_Trout=1; BC3_to_Trout=1; F2=1; nonhybrid_Salmon=100; nonhybrid_Trout=96
2141,snps_40_sample_200_pop_1_ind_0.05,1,40,200,1,0.05,0.05,10,0.9999649473337512,TRUE,6,194,TRUE,6,6,0,0,TRUE,FALSE,0.52175,0,1,BC1_to_Salmon=1; BC1_to_Trout=2; BC2_to_Trout=2; BC3_to_Salmon=1; nonhybrid_Salmon=93; nonhybrid_Trout=101
2142,snps_40_sample_200_pop_1_ind_0.05,2,40,200,1,0.05,0.05,10,0.9999649473337512,TRUE,6,194,TRUE,5,5,0,1,TRUE,FALSE,0.54175,0,1,BC1_to_Salmon=1; BC1_to_Trout=1; BC2_to_Trout=2; BC3_to_Salmon=1; F2=1; nonhybrid_Salmon=89; nonhybrid_Trout=105
2143,snps_40_sample_200_pop_1_ind_0.05,3,40,200,1,0.05,0.05,10,0.9999649473337512,TRUE,15,185,TRUE,11,11,0,4,TRUE,FALSE,0.5026875,0,1,BC1_to_Salmon=1; BC1_to_Trout=1; BC2_to_Trout=3; BC3_to_Salmon=2; BC3_to_Trout=2; F1=5; F2=1; nonhybrid_Salmon=93; nonhybrid_Trout=92
2144,snps_40_sample_200_pop_1_ind_0.05,4,40,200,1,0.05,0.05,10,0.9999649473337512,TRUE,13,187,TRUE,13,13,0,0,TRUE,FALSE,0.5101875,0,1,BC1_to_Trout=3; BC2_to_Salmon=2; BC2_to_Trout=3; BC3_to_Salmon=1; BC3_to_Trout=2; F1=1; F2=1; nonhybrid_Salmon=93; nonhybrid_Trout=94
2145,snps_40_sample_200_pop_1_ind_0.05,5,40,200,1,0.05,0.05,10,0.9999649473337512,TRUE,18,182,TRUE,14,14,0,4,TRUE,FALSE,0.4785625,0,1,BC1_to_Salmon=1; BC1_to_Trout=2; BC2_to_Salmon=2; BC2_to_Trout=4; BC3_to_Trout=4; F1=1; F2=4; nonhybrid_Salmon=98; nonhybrid_Trout=84
2146,snps_40_sample_200_pop_1_ind_0.05,6,40,200,1,0.05,0.05,10,0.9999649473337512,TRUE,6,194,TRUE,4,4,0,2,TRUE,FALSE,0.4938125,0,1,BC1_to_Trout=1; BC3_to_Salmon=1; BC3_to_Trout=2; F2=2; nonhybrid_Salmon=99; nonhybrid_Trout=95
2147,snps_40_sample_200_pop_1_ind_0.05,7,40,200,1,0.05,0.05,10,0.9999649473337512,TRUE,8,192,TRUE,8,8,0,0,TRUE,FALSE,0.444125,0,1,BC1_to_Salmon=1; BC2_to_Salmon=1; BC2_to_Trout=1; F1=3; F2=2; nonhybrid_Salmon=107; nonhybrid_Trout=85
2148,snps_40_sample_200_pop_1_ind_0.05,8,40,200,1,0.05,0.05,10,0.9999649473337512,TRUE,17,183,TRUE,14,14,0,3,TRUE,FALSE,0.52725,0,1,BC1_to_Salmon=3; BC2_to_Salmon=2; BC2_to_Trout=2; BC3_to_Salmon=3; F1=5; F2=2; nonhybrid_Salmon=84; nonhybrid_Trout=99
2149,snps_40_sample_200_pop_1_ind_0.05,9,40,200,1,0.05,0.05,10,0.9999649473337512,TRUE,5,195,TRUE,2,2,0,3,TRUE,FALSE,0.484375,0,1,BC1_to_Trout=1; BC2_to_Salmon=1; BC3_to_Salmon=2; BC3_to_Trout=1; nonhybrid_Salmon=100; nonhybrid_Trout=95
2150,snps_40_sample_200_pop_1_ind_0.05,10,40,200,1,0.05,0.05,10,0.9999649473337512,TRUE,13,187,TRUE,8,8,0,5,TRUE,FALSE,0.487125,0,1,BC1_to_Salmon=1; BC1_to_Trout=1; BC2_to_Salmon=1; BC3_to_Salmon=5; BC3_to_Trout=1; F1=2; F2=2; nonhybrid_Salmon=94; nonhybrid_Trout=93
2151,snps_40_sample_200_pop_1_ind_0.1,1,40,200,1,0.1,0.1,20,0.9999999992944921,TRUE,24,176,TRUE,21,21,0,3,TRUE,FALSE,0.5295,0,1,BC1_to_Salmon=1; BC1_to_Trout=3; BC2_to_Salmon=3; BC2_to_Trout=5; BC3_to_Trout=1; F1=6; F2=5; nonhybrid_Salmon=84; nonhybrid_Trout=92
2152,snps_40_sample_200_pop_1_ind_0.1,2,40,200,1,0.1,0.1,20,0.9999999992944921,TRUE,22,178,TRUE,16,16,0,6,TRUE,FALSE,0.45275,0,1,BC1_to_Salmon=1; BC1_to_Trout=2; BC2_to_Salmon=2; BC2_to_Trout=4; BC3_to_Salmon=5; BC3_to_Trout=4; F1=4; nonhybrid_Salmon=99; nonhybrid_Trout=79
2153,snps_40_sample_200_pop_1_ind_0.1,3,40,200,1,0.1,0.1,20,0.9999999992944921,TRUE,15,185,TRUE,11,11,0,4,TRUE,FALSE,0.4838125,0,1,BC1_to_Trout=3; BC2_to_Salmon=2; BC3_to_Salmon=4; BC3_to_Trout=2; F1=2; F2=2; nonhybrid_Salmon=95; nonhybrid_Trout=90
2154,snps_40_sample_200_pop_1_ind_0.1,4,40,200,1,0.1,0.1,20,0.9999999992944921,TRUE,15,185,TRUE,13,13,0,2,TRUE,FALSE,0.47025,0,1,BC1_to_Salmon=2; BC1_to_Trout=3; BC2_to_Trout=1; BC3_to_Salmon=2; BC3_to_Trout=2; F1=1; F2=4; nonhybrid_Salmon=99; nonhybrid_Trout=86
2155,snps_40_sample_200_pop_1_ind_0.1,5,40,200,1,0.1,0.1,20,0.9999999992944921,TRUE,25,175,TRUE,20,20,0,5,TRUE,FALSE,0.481875,0,1,BC1_to_Salmon=4; BC1_to_Trout=2; BC2_to_Salmon=5; BC2_to_Trout=1; BC3_to_Salmon=3; BC3_to_Trout=3; F1=1; F2=6; nonhybrid_Salmon=89; nonhybrid_Trout=86
2156,snps_40_sample_200_pop_1_ind_0.1,6,40,200,1,0.1,0.1,20,0.9999999992944921,TRUE,19,181,TRUE,17,17,0,2,TRUE,FALSE,0.5031875,0,1,BC1_to_Salmon=2; BC1_to_Trout=2; BC2_to_Salmon=4; BC2_to_Trout=1; BC3_to_Salmon=1; BC3_to_Trout=4; F2=5; nonhybrid_Salmon=90; nonhybrid_Trout=91
2157,snps_40_sample_200_pop_1_ind_0.1,7,40,200,1,0.1,0.1,20,0.9999999992944921,TRUE,23,177,TRUE,21,21,0,2,TRUE,FALSE,0.4878125,0,1,BC1_to_Trout=6; BC2_to_Salmon=4; BC2_to_Trout=1; BC3_to_Salmon=1; BC3_to_Trout=2; F1=4; F2=5; nonhybrid_Salmon=92; nonhybrid_Trout=85
2158,snps_40_sample_200_pop_1_ind_0.1,8,40,200,1,0.1,0.1,20,0.9999999992944921,TRUE,21,179,TRUE,20,20,0,1,TRUE,FALSE,0.526625,0,1,BC1_to_Salmon=5; BC1_to_Trout=3; BC2_to_Salmon=4; BC2_to_Trout=4; BC3_to_Trout=1; F1=2; F2=2; nonhybrid_Salmon=84; nonhybrid_Trout=95
2159,snps_40_sample_200_pop_1_ind_0.1,9,40,200,1,0.1,0.1,20,0.9999999992944921,TRUE,13,187,TRUE,10,10,0,3,TRUE,FALSE,0.4899375,0,1,BC1_to_Salmon=2; BC1_to_Trout=4; BC2_to_Salmon=1; BC3_to_Salmon=1; BC3_to_Trout=2; F1=2; F2=1; nonhybrid_Salmon=96; nonhybrid_Trout=91
2160,snps_40_sample_200_pop_1_ind_0.1,10,40,200,1,0.1,0.1,20,0.9999999992944921,TRUE,24,176,TRUE,19,19,0,5,TRUE,FALSE,0.4724375,0,1,BC1_to_Salmon=1; BC1_to_Trout=4; BC2_to_Salmon=3; BC2_to_Trout=4; BC3_to_Salmon=3; BC3_to_Trout=4; F1=4; F2=1; nonhybrid_Salmon=95; nonhybrid_Trout=81
2161,snps_40_sample_200_pop_1_ind_0.25,1,40,200,1,0.25,0.25,50,1,TRUE,63,137,TRUE,56,56,0,7,TRUE,FALSE,0.4756875,0,1,BC1_to_Salmon=11; BC1_to_Trout=7; BC2_to_Salmon=8; BC2_to_Trout=5; BC3_to_Salmon=8; BC3_to_Trout=6; F1=7; F2=11; nonhybrid_Salmon=70; nonhybrid_Trout=67
2162,snps_40_sample_200_pop_1_ind_0.25,2,40,200,1,0.25,0.25,50,1,TRUE,50,150,TRUE,40,40,0,10,TRUE,FALSE,0.4786875,0,1,BC1_to_Salmon=7; BC1_to_Trout=9; BC2_to_Salmon=5; BC2_to_Trout=8; BC3_to_Salmon=5; BC3_to_Trout=8; F1=4; F2=4; nonhybrid_Salmon=82; nonhybrid_Trout=68
2163,snps_40_sample_200_pop_1_ind_0.25,3,40,200,1,0.25,0.25,50,1,TRUE,50,150,TRUE,41,41,0,9,TRUE,FALSE,0.56275,0,1,BC1_to_Salmon=4; BC1_to_Trout=2; BC2_to_Salmon=10; BC2_to_Trout=5; BC3_to_Salmon=7; BC3_to_Trout=9; F1=6; F2=7; nonhybrid_Salmon=61; nonhybrid_Trout=89
2164,snps_40_sample_200_pop_1_ind_0.25,4,40,200,1,0.25,0.25,50,1,TRUE,45,155,TRUE,36,36,0,9,TRUE,FALSE,0.5168125,0,1,BC1_to_Salmon=9; BC1_to_Trout=2; BC2_to_Salmon=6; BC2_to_Trout=5; BC3_to_Salmon=6; BC3_to_Trout=8; F1=5; F2=4; nonhybrid_Salmon=73; nonhybrid_Trout=82
2165,snps_40_sample_200_pop_1_ind_0.25,5,40,200,1,0.25,0.25,50,1,TRUE,54,146,TRUE,45,45,0,9,TRUE,FALSE,0.4248125,0,1,BC1_to_Salmon=6; BC1_to_Trout=6; BC2_to_Salmon=7; BC2_to_Trout=9; BC3_to_Salmon=9; BC3_to_Trout=6; F1=2; F2=9; nonhybrid_Salmon=88; nonhybrid_Trout=58
2166,snps_40_sample_200_pop_1_ind_0.25,6,40,200,1,0.25,0.25,50,1,TRUE,41,159,TRUE,34,34,0,7,TRUE,FALSE,0.4788125,0,1,BC1_to_Salmon=4; BC1_to_Trout=8; BC2_to_Salmon=5; BC2_to_Trout=4; BC3_to_Salmon=8; BC3_to_Trout=5; F1=4; F2=3; nonhybrid_Salmon=83; nonhybrid_Trout=76
2167,snps_40_sample_200_pop_1_ind_0.25,7,40,200,1,0.25,0.25,50,1,TRUE,51,149,TRUE,44,44,0,7,TRUE,FALSE,0.534625,0,1,BC1_to_Salmon=8; BC1_to_Trout=6; BC2_to_Salmon=1; BC2_to_Trout=5; BC3_to_Salmon=4; BC3_to_Trout=7; F1=7; F2=13; nonhybrid_Salmon=70; nonhybrid_Trout=79
2168,snps_40_sample_200_pop_1_ind_0.25,8,40,200,1,0.25,0.25,50,1,TRUE,56,144,TRUE,47,47,0,9,TRUE,FALSE,0.497375,0,1,BC1_to_Salmon=2; BC1_to_Trout=10; BC2_to_Salmon=3; BC2_to_Trout=6; BC3_to_Salmon=6; BC3_to_Trout=7; F1=11; F2=11; nonhybrid_Salmon=76; nonhybrid_Trout=68
2169,snps_40_sample_200_pop_1_ind_0.25,9,40,200,1,0.25,0.25,50,1,TRUE,53,147,TRUE,44,44,0,9,TRUE,FALSE,0.492125,0,1,BC1_to_Salmon=9; BC1_to_Trout=6; BC2_to_Salmon=9; BC2_to_Trout=8; BC3_to_Salmon=8; BC3_to_Trout=4; F1=4; F2=5; nonhybrid_Salmon=72; nonhybrid_Trout=75
2170,snps_40_sample_200_pop_1_ind_0.25,10,40,200,1,0.25,0.25,50,1,TRUE,52,148,TRUE,47,47,0,5,TRUE,FALSE,0.456875,0,1,BC1_to_Salmon=7; BC1_to_Trout=6; BC2_to_Salmon=8; BC2_to_Trout=8; BC3_to_Salmon=7; BC3_to_Trout=4; F1=7; F2=5; nonhybrid_Salmon=81; nonhybrid_Trout=67
2171,snps_40_sample_200_pop_1_ind_0.5,1,40,200,1,0.5,0.5,100,1,TRUE,107,93,TRUE,83,83,0,24,TRUE,FALSE,0.4873125,0,1,BC1_to_Salmon=10; BC1_to_Trout=10; BC2_to_Salmon=16; BC2_to_Trout=11; BC3_to_Salmon=17; BC3_to_Trout=18; F1=16; F2=9; nonhybrid_Salmon=48; nonhybrid_Trout=45
2172,snps_40_sample_200_pop_1_ind_0.5,2,40,200,1,0.5,0.5,100,1,TRUE,94,106,TRUE,77,77,0,17,TRUE,FALSE,0.446125,0,1,BC1_to_Salmon=22; BC1_to_Trout=12; BC2_to_Salmon=5; BC2_to_Trout=11; BC3_to_Salmon=15; BC3_to_Trout=12; F1=10; F2=7; nonhybrid_Salmon=62; nonhybrid_Trout=44
2173,snps_40_sample_200_pop_1_ind_0.5,3,40,200,1,0.5,0.5,100,1,TRUE,95,105,TRUE,74,74,0,21,TRUE,FALSE,0.525125,0,1,BC1_to_Salmon=14; BC1_to_Trout=11; BC2_to_Salmon=10; BC2_to_Trout=12; BC3_to_Salmon=11; BC3_to_Trout=17; F1=12; F2=8; nonhybrid_Salmon=50; nonhybrid_Trout=55
2174,snps_40_sample_200_pop_1_ind_0.5,4,40,200,1,0.5,0.5,100,1,TRUE,102,98,TRUE,85,85,0,17,TRUE,FALSE,0.4444375,0,1,BC1_to_Salmon=21; BC1_to_Trout=15; BC2_to_Salmon=11; BC2_to_Trout=12; BC3_to_Salmon=12; BC3_to_Trout=15; F1=5; F2=11; nonhybrid_Salmon=60; nonhybrid_Trout=38
2175,snps_40_sample_200_pop_1_ind_0.5,5,40,200,1,0.5,0.5,100,1,TRUE,92,108,TRUE,71,71,0,21,TRUE,FALSE,0.523375,0,1,BC1_to_Salmon=8; BC1_to_Trout=17; BC2_to_Salmon=10; BC2_to_Trout=7; BC3_to_Salmon=18; BC3_to_Trout=11; F1=8; F2=13; nonhybrid_Salmon=48; nonhybrid_Trout=60
2176,snps_40_sample_200_pop_1_ind_0.5,6,40,200,1,0.5,0.5,100,1,TRUE,90,110,TRUE,79,79,0,11,TRUE,FALSE,0.521875,0,1,BC1_to_Salmon=11; BC1_to_Trout=9; BC2_to_Salmon=10; BC2_to_Trout=19; BC3_to_Salmon=13; BC3_to_Trout=8; F1=10; F2=10; nonhybrid_Salmon=52; nonhybrid_Trout=58
2177,snps_40_sample_200_pop_1_ind_0.5,7,40,200,1,0.5,0.5,100,1,TRUE,101,99,TRUE,82,82,0,19,TRUE,FALSE,0.467125,0,1,BC1_to_Salmon=17; BC1_to_Trout=9; BC2_to_Salmon=12; BC2_to_Trout=10; BC3_to_Salmon=15; BC3_to_Trout=12; F1=12; F2=14; nonhybrid_Salmon=52; nonhybrid_Trout=47
2178,snps_40_sample_200_pop_1_ind_0.5,8,40,200,1,0.5,0.5,100,1,TRUE,103,97,TRUE,92,92,0,11,TRUE,FALSE,0.4726875,0,1,BC1_to_Salmon=10; BC1_to_Trout=12; BC2_to_Salmon=14; BC2_to_Trout=11; BC3_to_Salmon=12; BC3_to_Trout=13; F1=18; F2=13; nonhybrid_Salmon=54; nonhybrid_Trout=43
2179,snps_40_sample_200_pop_1_ind_0.5,9,40,200,1,0.5,0.5,100,1,TRUE,103,97,TRUE,88,88,0,15,TRUE,FALSE,0.468125,0,1,BC1_to_Salmon=8; BC1_to_Trout=15; BC2_to_Salmon=11; BC2_to_Trout=10; BC3_to_Salmon=8; BC3_to_Trout=15; F1=19; F2=17; nonhybrid_Salmon=59; nonhybrid_Trout=38
2180,snps_40_sample_200_pop_1_ind_0.5,10,40,200,1,0.5,0.5,100,1,TRUE,107,93,TRUE,92,92,0,15,TRUE,FALSE,0.5435,0,1,BC1_to_Salmon=13; BC1_to_Trout=22; BC2_to_Salmon=13; BC2_to_Trout=16; BC3_to_Salmon=13; BC3_to_Trout=10; F1=11; F2=9; nonhybrid_Salmon=40; nonhybrid_Trout=53
2181,snps_40_sample_200_pop_1_ind_0.75,1,40,200,1,0.75,0.75,150,1,TRUE,152,48,TRUE,129,129,0,23,TRUE,FALSE,0.4840625,0,1,BC1_to_Salmon=20; BC1_to_Trout=20; BC2_to_Salmon=24; BC2_to_Trout=14; BC3_to_Salmon=19; BC3_to_Trout=19; F1=20; F2=16; nonhybrid_Salmon=24; nonhybrid_Trout=24
2182,snps_40_sample_200_pop_1_ind_0.75,2,40,200,1,0.75,0.75,150,1,TRUE,153,47,TRUE,132,132,0,21,TRUE,FALSE,0.4865,0,1,BC1_to_Salmon=19; BC1_to_Trout=21; BC2_to_Salmon=19; BC2_to_Trout=12; BC3_to_Salmon=21; BC3_to_Trout=20; F1=20; F2=21; nonhybrid_Salmon=23; nonhybrid_Trout=24
2183,snps_40_sample_200_pop_1_ind_0.75,3,40,200,1,0.75,0.75,150,1,TRUE,141,59,TRUE,119,119,0,22,TRUE,FALSE,0.4863125,0,1,BC1_to_Salmon=15; BC1_to_Trout=15; BC2_to_Salmon=18; BC2_to_Trout=26; BC3_to_Salmon=16; BC3_to_Trout=14; F1=15; F2=22; nonhybrid_Salmon=34; nonhybrid_Trout=25
2184,snps_40_sample_200_pop_1_ind_0.75,4,40,200,1,0.75,0.75,150,1,TRUE,162,38,TRUE,136,136,0,26,TRUE,FALSE,0.48725,0,1,BC1_to_Salmon=19; BC1_to_Trout=16; BC2_to_Salmon=26; BC2_to_Trout=22; BC3_to_Salmon=18; BC3_to_Trout=19; F1=15; F2=27; nonhybrid_Salmon=20; nonhybrid_Trout=18
2185,snps_40_sample_200_pop_1_ind_0.75,5,40,200,1,0.75,0.75,150,1,TRUE,150,50,TRUE,129,129,0,21,TRUE,FALSE,0.5313125,0,1,BC1_to_Salmon=18; BC1_to_Trout=19; BC2_to_Salmon=22; BC2_to_Trout=22; BC3_to_Salmon=19; BC3_to_Trout=18; F1=19; F2=13; nonhybrid_Salmon=19; nonhybrid_Trout=31
2186,snps_40_sample_200_pop_1_ind_0.75,6,40,200,1,0.75,0.75,150,1,TRUE,151,49,TRUE,120,120,0,31,TRUE,FALSE,0.494625,0,1,BC1_to_Salmon=20; BC1_to_Trout=18; BC2_to_Salmon=20; BC2_to_Trout=22; BC3_to_Salmon=14; BC3_to_Trout=20; F1=16; F2=21; nonhybrid_Salmon=28; nonhybrid_Trout=21
2187,snps_40_sample_200_pop_1_ind_0.75,7,40,200,1,0.75,0.75,150,1,TRUE,147,53,TRUE,128,128,0,19,TRUE,FALSE,0.45875,0,1,BC1_to_Salmon=21; BC1_to_Trout=14; BC2_to_Salmon=19; BC2_to_Trout=18; BC3_to_Salmon=21; BC3_to_Trout=17; F1=22; F2=15; nonhybrid_Salmon=31; nonhybrid_Trout=22
2188,snps_40_sample_200_pop_1_ind_0.75,8,40,200,1,0.75,0.75,150,1,TRUE,142,58,TRUE,124,124,0,18,TRUE,FALSE,0.4914375,0,1,BC1_to_Salmon=19; BC1_to_Trout=18; BC2_to_Salmon=15; BC2_to_Trout=15; BC3_to_Salmon=16; BC3_to_Trout=18; F1=22; F2=19; nonhybrid_Salmon=31; nonhybrid_Trout=27
2189,snps_40_sample_200_pop_1_ind_0.75,9,40,200,1,0.75,0.75,150,1,TRUE,148,52,TRUE,123,123,0,25,TRUE,FALSE,0.5001875,0,1,BC1_to_Salmon=16; BC1_to_Trout=23; BC2_to_Salmon=17; BC2_to_Trout=21; BC3_to_Salmon=19; BC3_to_Trout=16; F1=21; F2=15; nonhybrid_Salmon=28; nonhybrid_Trout=24
2190,snps_40_sample_200_pop_1_ind_0.75,10,40,200,1,0.75,0.75,150,1,TRUE,154,46,TRUE,132,132,0,22,TRUE,FALSE,0.505,0,1,BC1_to_Salmon=19; BC1_to_Trout=24; BC2_to_Salmon=22; BC2_to_Trout=23; BC3_to_Salmon=14; BC3_to_Trout=17; F1=21; F2=14; nonhybrid_Salmon=25; nonhybrid_Trout=21
2191,snps_40_sample_200_pop_1_ind_1,1,40,200,1,1,1,200,1,TRUE,200,0,TRUE,150,150,0,50,TRUE,FALSE,0.489,0.025,1,BC1_to_Salmon=18; BC1_to_Trout=28; BC2_to_Salmon=22; BC2_to_Trout=18; BC3_to_Salmon=37; BC3_to_Trout=29; F1=19; F2=29
2192,snps_40_sample_200_pop_1_ind_1,2,40,200,1,1,1,200,1,TRUE,200,0,TRUE,168,168,0,32,TRUE,FALSE,0.5209375,0.0125,1,BC1_to_Salmon=21; BC1_to_Trout=30; BC2_to_Salmon=23; BC2_to_Trout=26; BC3_to_Salmon=24; BC3_to_Trout=27; F1=25; F2=24
2193,snps_40_sample_200_pop_1_ind_1,3,40,200,1,1,1,200,1,TRUE,200,0,TRUE,172,172,0,28,TRUE,FALSE,0.4893125,0.0125,0.9875,BC1_to_Salmon=32; BC1_to_Trout=26; BC2_to_Salmon=24; BC2_to_Trout=26; BC3_to_Salmon=21; BC3_to_Trout=18; F1=29; F2=24
2194,snps_40_sample_200_pop_1_ind_1,4,40,200,1,1,1,200,1,TRUE,200,0,TRUE,175,175,0,25,TRUE,FALSE,0.5054375,0.0375,0.9875,BC1_to_Salmon=24; BC1_to_Trout=22; BC2_to_Salmon=28; BC2_to_Trout=25; BC3_to_Salmon=18; BC3_to_Trout=23; F1=28; F2=32
2195,snps_40_sample_200_pop_1_ind_1,5,40,200,1,1,1,200,1,TRUE,200,0,TRUE,165,165,0,35,TRUE,FALSE,0.49175,0.025,0.9875,BC1_to_Salmon=27; BC1_to_Trout=24; BC2_to_Salmon=28; BC2_to_Trout=25; BC3_to_Salmon=25; BC3_to_Trout=26; F1=21; F2=24
2196,snps_40_sample_200_pop_1_ind_1,6,40,200,1,1,1,200,1,TRUE,200,0,TRUE,178,178,0,22,TRUE,FALSE,0.5029375,0.025,0.9875,BC1_to_Salmon=26; BC1_to_Trout=27; BC2_to_Salmon=35; BC2_to_Trout=33; BC3_to_Salmon=14; BC3_to_Trout=16; F1=23; F2=26
2197,snps_40_sample_200_pop_1_ind_1,7,40,200,1,1,1,200,1,TRUE,200,0,TRUE,162,162,0,38,TRUE,FALSE,0.5286875,0.025,1,BC1_to_Salmon=25; BC1_to_Trout=23; BC2_to_Salmon=23; BC2_to_Trout=19; BC3_to_Salmon=20; BC3_to_Trout=37; F1=25; F2=28
2198,snps_40_sample_200_pop_1_ind_1,8,40,200,1,1,1,200,1,TRUE,200,0,TRUE,174,174,0,26,TRUE,FALSE,0.4635625,0.025,1,BC1_to_Salmon=32; BC1_to_Trout=20; BC2_to_Salmon=27; BC2_to_Trout=20; BC3_to_Salmon=29; BC3_to_Trout=25; F1=23; F2=24
2199,snps_40_sample_200_pop_1_ind_1,9,40,200,1,1,1,200,1,TRUE,200,0,TRUE,173,173,0,27,TRUE,FALSE,0.4868125,0.0125,0.975,BC1_to_Salmon=26; BC1_to_Trout=29; BC2_to_Salmon=28; BC2_to_Trout=18; BC3_to_Salmon=19; BC3_to_Trout=21; F1=23; F2=36
2200,snps_40_sample_200_pop_1_ind_1,10,40,200,1,1,1,200,1,TRUE,200,0,TRUE,157,157,0,43,TRUE,FALSE,0.5213125,0.025,0.975,BC1_to_Salmon=31; BC1_to_Trout=23; BC2_to_Salmon=18; BC2_to_Trout=19; BC3_to_Salmon=22; BC3_to_Trout=35; F1=23; F2=29
